side,charge,pt,phi,eta,momentum_scale
0,-1,0.25,-3.0106929596902186,-1.0,0.9850693
0,-1,0.25,-3.0106929596902186,-0.8,1.004093
0,-1,0.25,-3.0106929596902186,-0.6000000000000001,1.0132571
0,-1,0.25,-3.0106929596902186,-0.4,1.0146953
0,-1,0.25,-3.0106929596902186,-0.20000000000000007,1.0139667
0,-1,0.25,-3.0106929596902186,0.0,1.0131438
0,-1,0.25,-3.0106929596902186,0.20000000000000007,1.0111786
0,-1,0.25,-3.0106929596902186,0.4,1.008144
0,-1,0.25,-3.0106929596902186,0.6,1.0057181
0,-1,0.25,-3.0106929596902186,0.7999999999999999,1.0042769
0,-1,0.25,-3.0106929596902186,1.0,1.0033952
0,-1,0.25,-2.748893571891069,-1.0,0.98741454
0,-1,0.25,-2.748893571891069,-0.8,1.0048515
0,-1,0.25,-2.748893571891069,-0.6000000000000001,1.0135221
0,-1,0.25,-2.748893571891069,-0.4,1.0142568
0,-1,0.25,-2.748893571891069,-0.20000000000000007,1.0128118
0,-1,0.25,-2.748893571891069,0.0,1.011461
0,-1,0.25,-2.748893571891069,0.20000000000000007,1.009274
0,-1,0.25,-2.748893571891069,0.4,1.006394
0,-1,0.25,-2.748893571891069,0.6,1.0043502
0,-1,0.25,-2.748893571891069,0.7999999999999999,1.0032765
0,-1,0.25,-2.748893571891069,1.0,1.0026699
0,-1,0.25,-2.4870941840919194,-1.0,0.9899171
0,-1,0.25,-2.4870941840919194,-0.8,1.0055066
0,-1,0.25,-2.4870941840919194,-0.6000000000000001,1.0140228
0,-1,0.25,-2.4870941840919194,-0.4,1.0142177
0,-1,0.25,-2.4870941840919194,-0.20000000000000007,1.0120758
0,-1,0.25,-2.4870941840919194,0.0,1.0102112
0,-1,0.25,-2.4870941840919194,0.20000000000000007,1.0078572
0,-1,0.25,-2.4870941840919194,0.4,1.0051674
0,-1,0.25,-2.4870941840919194,0.6,1.003452
0,-1,0.25,-2.4870941840919194,0.7999999999999999,1.0026399
0,-1,0.25,-2.4870941840919194,1.0,1.002199
0,-1,0.25,-2.2252947962927703,-1.0,0.9920366
0,-1,0.25,-2.2252947962927703,-0.8,1.0058903
0,-1,0.25,-2.2252947962927703,-0.6000000000000001,1.0147548
0,-1,0.25,-2.2252947962927703,-0.4,1.0148157
0,-1,0.25,-2.2252947962927703,-0.20000000000000007,1.0121102
0,-1,0.25,-2.2252947962927703,0.0,1.0097989
0,-1,0.25,-2.2252947962927703,0.20000000000000007,1.0073333
0,-1,0.25,-2.2252947962927703,0.4,1.0047685
0,-1,0.25,-2.2252947962927703,0.6,1.0031844
0,-1,0.25,-2.2252947962927703,0.7999999999999999,1.002435
0,-1,0.25,-2.2252947962927703,1.0,1.0020095
0,-1,0.25,-1.963495408493621,-1.0,0.99343795
0,-1,0.25,-1.963495408493621,-0.8,1.0061272
0,-1,0.25,-1.963495408493621,-0.6000000000000001,1.0156627
0,-1,0.25,-1.963495408493621,-0.4,1.0160028
0,-1,0.25,-1.963495408493621,-0.20000000000000007,1.0129904
0,-1,0.25,-1.963495408493621,0.0,1.0104537
0,-1,0.25,-1.963495408493621,0.20000000000000007,1.008047
0,-1,0.25,-1.963495408493621,0.4,1.0054985
0,-1,0.25,-1.963495408493621,0.6,1.0037214
0,-1,0.25,-1.963495408493621,0.7999999999999999,1.002748
0,-1,0.25,-1.963495408493621,1.0,1.0021561
0,-1,0.25,-1.7016960206944713,-1.0,0.99406344
0,-1,0.25,-1.7016960206944713,-0.8,1.0066496
0,-1,0.25,-1.7016960206944713,-0.6000000000000001,1.0167798
0,-1,0.25,-1.7016960206944713,-0.4,1.0172998
0,-1,0.25,-1.7016960206944713,-0.20000000000000007,1.0142355
0,-1,0.25,-1.7016960206944713,0.0,1.0118785
0,-1,0.25,-1.7016960206944713,0.20000000000000007,1.009945
0,-1,0.25,-1.7016960206944713,0.4,1.0075436
0,-1,0.25,-1.7016960206944713,0.6,1.005328
0,-1,0.25,-1.7016960206944713,0.7999999999999999,1.0037858
0,-1,0.25,-1.7016960206944713,1.0,1.0027763
0,-1,0.25,-1.439896632895322,-1.0,0.9938858
0,-1,0.25,-1.439896632895322,-0.8,1.0076966
0,-1,0.25,-1.439896632895322,-0.6000000000000001,1.0176326
0,-1,0.25,-1.439896632895322,-0.4,1.0177511
0,-1,0.25,-1.439896632895322,-0.20000000000000007,1.0148951
0,-1,0.25,-1.439896632895322,0.0,1.0131212
0,-1,0.25,-1.439896632895322,0.20000000000000007,1.0121149
0,-1,0.25,-1.439896632895322,0.4,1.0104185
0,-1,0.25,-1.439896632895322,0.6,1.0080553
0,-1,0.25,-1.439896632895322,0.7999999999999999,1.0058148
0,-1,0.25,-1.439896632895322,1.0,1.0040978
0,-1,0.25,-1.1780972450961724,-1.0,0.9928778
0,-1,0.25,-1.1780972450961724,-0.8,1.0084577
0,-1,0.25,-1.1780972450961724,-0.6000000000000001,1.0168808
0,-1,0.25,-1.1780972450961724,-0.4,1.0166062
0,-1,0.25,-1.1780972450961724,-0.20000000000000007,1.0144564
0,-1,0.25,-1.1780972450961724,0.0,1.0135158
0,-1,0.25,-1.1780972450961724,0.20000000000000007,1.0134796
0,-1,0.25,-1.1780972450961724,0.4,1.0128483
0,-1,0.25,-1.1780972450961724,0.6,1.0110499
0,-1,0.25,-1.1780972450961724,0.7999999999999999,1.0086099
0,-1,0.25,-1.1780972450961724,1.0,1.0062279
0,-1,0.25,-0.9162978572970231,-1.0,0.99122185
0,-1,0.25,-0.9162978572970231,-0.8,1.0075
0,-1,0.25,-0.9162978572970231,-0.6000000000000001,1.0142606
0,-1,0.25,-0.9162978572970231,-0.4,1.0144281
0,-1,0.25,-0.9162978572970231,-0.20000000000000007,1.0133947
0,-1,0.25,-0.9162978572970231,0.0,1.0132879
0,-1,0.25,-0.9162978572970231,0.20000000000000007,1.0139221
0,-1,0.25,-0.9162978572970231,0.4,1.0141106
0,-1,0.25,-0.9162978572970231,0.6,1.0131078
0,-1,0.25,-0.9162978572970231,0.7999999999999999,1.0110755
0,-1,0.25,-0.9162978572970231,1.0,1.0085902
0,-1,0.25,-0.6544984694978737,-1.0,0.98936796
0,-1,0.25,-0.6544984694978737,-0.8,1.0050958
0,-1,0.25,-0.6544984694978737,-0.6000000000000001,1.0112166
0,-1,0.25,-0.6544984694978737,-0.4,1.0123599
0,-1,0.25,-0.6544984694978737,-0.20000000000000007,1.0123974
0,-1,0.25,-0.6544984694978737,0.0,1.0129313
0,-1,0.25,-0.6544984694978737,0.20000000000000007,1.0139441
0,-1,0.25,-0.6544984694978737,0.4,1.0145472
0,-1,0.25,-0.6544984694978737,0.6,1.0140296
0,-1,0.25,-0.6544984694978737,0.7999999999999999,1.0123968
0,-1,0.25,-0.6544984694978737,1.0,1.0101309
0,-1,0.25,-0.39269908169872436,-1.0,0.98767346
0,-1,0.25,-0.39269908169872436,-0.8,1.0026976
0,-1,0.25,-0.39269908169872436,-0.6000000000000001,1.0089654
0,-1,0.25,-0.39269908169872436,-0.4,1.011044
0,-1,0.25,-0.39269908169872436,-0.20000000000000007,1.011859
0,-1,0.25,-0.39269908169872436,0.0,1.0128123
0,-1,0.25,-0.39269908169872436,0.20000000000000007,1.0140086
0,-1,0.25,-0.39269908169872436,0.4,1.0147094
0,-1,0.25,-0.39269908169872436,0.6,1.0142576
0,-1,0.25,-0.39269908169872436,0.7999999999999999,1.0126697
0,-1,0.25,-0.39269908169872436,1.0,1.010486
0,-1,0.25,-0.1308996938995748,-1.0,0.9862152
0,-1,0.25,-0.1308996938995748,-0.8,1.0011693
0,-1,0.25,-0.1308996938995748,-0.6000000000000001,1.0079811
0,-1,0.25,-0.1308996938995748,-0.4,1.010751
0,-1,0.25,-0.1308996938995748,-0.20000000000000007,1.012024
0,-1,0.25,-0.1308996938995748,0.0,1.0131959
0,-1,0.25,-0.1308996938995748,0.20000000000000007,1.0144113
0,-1,0.25,-0.1308996938995748,0.4,1.0149294
0,-1,0.25,-0.1308996938995748,0.6,1.0141435
0,-1,0.25,-0.1308996938995748,0.7999999999999999,1.012259
0,-1,0.25,-0.1308996938995748,1.0,1.0099982
0,-1,0.25,0.13089969389957457,-1.0,0.9849355
0,-1,0.25,0.13089969389957457,-0.8,1.0007972
0,-1,0.25,0.13089969389957457,-0.6000000000000001,1.0084814
0,-1,0.25,0.13089969389957457,-0.4,1.0116987
0,-1,0.25,0.13089969389957457,-0.20000000000000007,1.0131294
0,-1,0.25,0.13089969389957457,0.0,1.014315
0,-1,0.25,0.13089969389957457,0.20000000000000007,1.0153593
0,-1,0.25,0.13089969389957457,0.4,1.0153849
0,-1,0.25,0.13089969389957457,0.6,1.0138913
0,-1,0.25,0.13089969389957457,0.7999999999999999,1.0115099
0,-1,0.25,0.13089969389957457,1.0,1.0091318
0,-1,0.25,0.3926990816987239,-1.0,0.9838483
0,-1,0.25,0.3926990816987239,-0.8,1.0015424
0,-1,0.25,0.3926990816987239,-0.6000000000000001,1.0103639
0,-1,0.25,0.3926990816987239,-0.4,1.0137894
0,-1,0.25,0.3926990816987239,-0.20000000000000007,1.0151162
0,-1,0.25,0.3926990816987239,0.0,1.0161326
0,-1,0.25,0.3926990816987239,0.20000000000000007,1.0167925
0,-1,0.25,0.3926990816987239,0.4,1.015948
0,-1,0.25,0.3926990816987239,0.6,1.0134209
0,-1,0.25,0.3926990816987239,0.7999999999999999,1.0105056
0,-1,0.25,0.3926990816987239,1.0,1.0080093
0,-1,0.25,0.6544984694978733,-1.0,0.9831249
0,-1,0.25,0.6544984694978733,-0.8,1.0028843
0,-1,0.25,0.6544984694978733,-0.6000000000000001,1.0128218
0,-1,0.25,0.6544984694978733,-0.4,1.0162277
0,-1,0.25,0.6544984694978733,-0.20000000000000007,1.0174099
0,-1,0.25,0.6544984694978733,0.0,1.0182524
0,-1,0.25,0.6544984694978733,0.20000000000000007,1.0182985
0,-1,0.25,0.6544984694978733,0.4,1.0161319
0,-1,0.25,0.6544984694978733,0.6,1.012486
0,-1,0.25,0.6544984694978733,0.7999999999999999,1.0092498
0,-1,0.25,0.6544984694978733,1.0,1.00679
0,-1,0.25,0.9162978572970226,-1.0,0.98275465
0,-1,0.25,0.9162978572970226,-0.8,1.0039736
0,-1,0.25,0.9162978572970226,-0.6000000000000001,1.0148233
0,-1,0.25,0.9162978572970226,-0.4,1.0181297
0,-1,0.25,0.9162978572970226,-0.20000000000000007,1.0192901
0,-1,0.25,0.9162978572970226,0.0,1.0199798
0,-1,0.25,0.9162978572970226,0.20000000000000007,1.0191048
0,-1,0.25,0.9162978572970226,0.4,1.0155085
0,-1,0.25,0.9162978572970226,0.6,1.0112851
0,-1,0.25,0.9162978572970226,0.7999999999999999,1.0081854
0,-1,0.25,0.9162978572970226,1.0,1.0059751
0,-1,0.25,1.178097245096172,-1.0,0.9821281
0,-1,0.25,1.178097245096172,-0.8,1.0041101
0,-1,0.25,1.178097245096172,-0.6000000000000001,1.0155729
0,-1,0.25,1.178097245096172,-0.4,1.0189422
0,-1,0.25,1.178097245096172,-0.20000000000000007,1.0201665
0,-1,0.25,1.178097245096172,0.0,1.020706
0,-1,0.25,1.178097245096172,0.20000000000000007,1.019024
0,-1,0.25,1.178097245096172,0.4,1.0146681
0,-1,0.25,1.178097245096172,0.6,1.0105301
0,-1,0.25,1.178097245096172,0.7999999999999999,1.007772
0,-1,0.25,1.178097245096172,1.0,1.0058236
0,-1,0.25,1.4398966328953215,-1.0,0.9809993
0,-1,0.25,1.4398966328953215,-0.8,1.003301
0,-1,0.25,1.4398966328953215,-0.6000000000000001,1.0150276
0,-1,0.25,1.4398966328953215,-0.4,1.0186721
0,-1,0.25,1.4398966328953215,-0.20000000000000007,1.0201114
0,-1,0.25,1.4398966328953215,0.0,1.020708
0,-1,0.25,1.4398966328953215,0.20000000000000007,1.0188059
0,-1,0.25,1.4398966328953215,0.4,1.0143472
0,-1,0.25,1.4398966328953215,0.6,1.0104096
0,-1,0.25,1.4398966328953215,0.7999999999999999,1.0078973
0,-1,0.25,1.4398966328953215,1.0,1.0061492
0,-1,0.25,1.7016960206944711,-1.0,0.9799606
0,-1,0.25,1.7016960206944711,-0.8,1.0023152
0,-1,0.25,1.7016960206944711,-0.6000000000000001,1.0140907
0,-1,0.25,1.7016960206944711,-0.4,1.0180105
0,-1,0.25,1.7016960206944711,-0.20000000000000007,1.0196415
0,-1,0.25,1.7016960206944711,0.0,1.0204043
0,-1,0.25,1.7016960206944711,0.20000000000000007,1.0187169
0,-1,0.25,1.7016960206944711,0.4,1.0144702
0,-1,0.25,1.7016960206944711,0.6,1.0106207
0,-1,0.25,1.7016960206944711,0.7999999999999999,1.0081812
0,-1,0.25,1.7016960206944711,1.0,1.006544
0,-1,0.25,1.9634954084936203,-1.0,0.9795721
0,-1,0.25,1.9634954084936203,-0.8,1.0018597
0,-1,0.25,1.9634954084936203,-0.6000000000000001,1.0135342
0,-1,0.25,1.9634954084936203,-0.4,1.0174841
0,-1,0.25,1.9634954084936203,-0.20000000000000007,1.0190659
0,-1,0.25,1.9634954084936203,0.0,1.0198572
0,-1,0.25,1.9634954084936203,0.20000000000000007,1.0184237
0,-1,0.25,1.9634954084936203,0.4,1.0145258
0,-1,0.25,1.9634954084936203,0.6,1.0107799
0,-1,0.25,1.9634954084936203,0.7999999999999999,1.0083232
0,-1,0.25,1.9634954084936203,1.0,1.0067004
0,-1,0.25,2.22529479629277,-1.0,0.97986794
0,-1,0.25,2.22529479629277,-0.8,1.0019513
0,-1,0.25,2.22529479629277,-0.6000000000000001,1.0133351
0,-1,0.25,2.22529479629277,-0.4,1.0170423
0,-1,0.25,2.22529479629277,-0.20000000000000007,1.0183736
0,-1,0.25,2.22529479629277,0.0,1.0190277
0,-1,0.25,2.22529479629277,0.20000000000000007,1.0176941
0,-1,0.25,2.22529479629277,0.4,1.0141249
0,-1,0.25,2.22529479629277,0.6,1.010582
0,-1,0.25,2.22529479629277,0.7999999999999999,1.0081495
0,-1,0.25,2.22529479629277,1.0,1.0065137
0,-1,0.25,2.4870941840919194,-1.0,0.98063797
0,-1,0.25,2.4870941840919194,-0.8,1.0023142
0,-1,0.25,2.4870941840919194,-0.6000000000000001,1.0132383
0,-1,0.25,2.4870941840919194,-0.4,1.01653
0,-1,0.25,2.4870941840919194,-0.20000000000000007,1.0174924
0,-1,0.25,2.4870941840919194,0.0,1.0179025
0,-1,0.25,2.4870941840919194,0.20000000000000007,1.0165309
0,-1,0.25,2.4870941840919194,0.4,1.0131952
0,-1,0.25,2.4870941840919194,0.6,1.0099053
0,-1,0.25,2.4870941840919194,0.7999999999999999,1.0075912
0,-1,0.25,2.4870941840919194,1.0,1.0060005
0,-1,0.25,2.7488935718910685,-1.0,0.98174065
0,-1,0.25,2.7488935718910685,-0.8,1.0028017
0,-1,0.25,2.7488935718910685,-0.6000000000000001,1.0131694
0,-1,0.25,2.7488935718910685,-0.4,1.0159305
0,-1,0.25,2.7488935718910685,-0.20000000000000007,1.0164256
0,-1,0.25,2.7488935718910685,0.0,1.0165068
0,-1,0.25,2.7488935718910685,0.20000000000000007,1.0150008
0,-1,0.25,2.7488935718910685,0.4,1.0118054
0,-1,0.25,2.7488935718910685,0.6,1.0087738
0,-1,0.25,2.7488935718910685,0.7999999999999999,1.0066683
0,-1,0.25,2.7488935718910685,1.0,1.005227
0,-1,0.25,3.010692959690218,-1.0,0.9831838
0,-1,0.25,3.010692959690218,-0.8,1.003393
0,-1,0.25,3.010692959690218,-0.6000000000000001,1.0131593
0,-1,0.25,3.010692959690218,-0.4,1.0152953
0,-1,0.25,3.010692959690218,-0.20000000000000007,1.015225
0,-1,0.25,3.010692959690218,0.0,1.0148927
0,-1,0.25,3.010692959690218,0.20000000000000007,1.0131761
0,-1,0.25,3.010692959690218,0.4,1.0100574
0,-1,0.25,3.010692959690218,0.6,1.0072993
0,-1,0.25,3.010692959690218,0.7999999999999999,1.0054897
0,-1,0.25,3.010692959690218,1.0,1.004301
0,-1,0.35,-3.0106929596902186,-1.0,0.9756101
0,-1,0.35,-3.0106929596902186,-0.8,0.9975579
0,-1,0.35,-3.0106929596902186,-0.6000000000000001,1.0102607
0,-1,0.35,-3.0106929596902186,-0.4,1.013635
0,-1,0.35,-3.0106929596902186,-0.20000000000000007,1.0133961
0,-1,0.35,-3.0106929596902186,0.0,1.0121921
0,-1,0.35,-3.0106929596902186,0.20000000000000007,1.0102569
0,-1,0.35,-3.0106929596902186,0.4,1.0076879
0,-1,0.35,-3.0106929596902186,0.6,1.0056325
0,-1,0.35,-3.0106929596902186,0.7999999999999999,1.0044323
0,-1,0.35,-3.0106929596902186,1.0,1.0037454
0,-1,0.35,-2.748893571891069,-1.0,0.9770934
0,-1,0.35,-2.748893571891069,-0.8,0.9983423
0,-1,0.35,-2.748893571891069,-0.6000000000000001,1.0103282
0,-1,0.35,-2.748893571891069,-0.4,1.0129557
0,-1,0.35,-2.748893571891069,-0.20000000000000007,1.0120083
0,-1,0.35,-2.748893571891069,0.0,1.0103431
0,-1,0.35,-2.748893571891069,0.20000000000000007,1.0083188
0,-1,0.35,-2.748893571891069,0.4,1.0060536
0,-1,0.35,-2.748893571891069,0.6,1.0044756
0,-1,0.35,-2.748893571891069,0.7999999999999999,1.0036849
0,-1,0.35,-2.748893571891069,1.0,1.0032753
0,-1,0.35,-2.4870941840919194,-1.0,0.9793079
0,-1,0.35,-2.4870941840919194,-0.8,0.9993136
0,-1,0.35,-2.4870941840919194,-0.6000000000000001,1.0105197
0,-1,0.35,-2.4870941840919194,-0.4,1.0124491
0,-1,0.35,-2.4870941840919194,-0.20000000000000007,1.0108643
0,-1,0.35,-2.4870941840919194,0.0,1.0087832
0,-1,0.35,-2.4870941840919194,0.20000000000000007,1.0067267
0,-1,0.35,-2.4870941840919194,0.4,1.0048037
0,-1,0.35,-2.4870941840919194,0.6,1.0036602
0,-1,0.35,-2.4870941840919194,0.7999999999999999,1.0031756
0,-1,0.35,-2.4870941840919194,1.0,1.0029346
0,-1,0.35,-2.2252947962927703,-1.0,0.98205185
0,-1,0.35,-2.2252947962927703,-0.8,1.0002304
0,-1,0.35,-2.2252947962927703,-0.6000000000000001,1.0108787
0,-1,0.35,-2.2252947962927703,-0.4,1.0123934
0,-1,0.35,-2.2252947962927703,-0.20000000000000007,1.0103391
0,-1,0.35,-2.2252947962927703,0.0,1.0078872
0,-1,0.35,-2.2252947962927703,0.20000000000000007,1.0057955
0,-1,0.35,-2.2252947962927703,0.4,1.0041348
0,-1,0.35,-2.2252947962927703,0.6,1.0032533
0,-1,0.35,-2.2252947962927703,0.7999999999999999,1.0029031
0,-1,0.35,-2.2252947962927703,1.0,1.0027105
0,-1,0.35,-1.963495408493621,-1.0,0.98445797
0,-1,0.35,-1.963495408493621,-0.8,1.0007372
0,-1,0.35,-1.963495408493621,-0.6000000000000001,1.0112841
0,-1,0.35,-1.963495408493621,-0.4,1.0128284
0,-1,0.35,-1.963495408493621,-0.20000000000000007,1.0105711
0,-1,0.35,-1.963495408493621,0.0,1.0078729
0,-1,0.35,-1.963495408493621,0.20000000000000007,1.0057582
0,-1,0.35,-1.963495408493621,0.4,1.004184
0,-1,0.35,-1.963495408493621,0.6,1.0032858
0,-1,0.35,-1.963495408493621,0.7999999999999999,1.0028627
0,-1,0.35,-1.963495408493621,1.0,1.0026096
0,-1,0.35,-1.7016960206944713,-1.0,0.9856737
0,-1,0.35,-1.7016960206944713,-0.8,1.0008038
0,-1,0.35,-1.7016960206944713,-0.6000000000000001,1.0116028
0,-1,0.35,-1.7016960206944713,-0.4,1.0134684
0,-1,0.35,-1.7016960206944713,-0.20000000000000007,1.0113546
0,-1,0.35,-1.7016960206944713,0.0,1.008706
0,-1,0.35,-1.7016960206944713,0.20000000000000007,1.0066742
0,-1,0.35,-1.7016960206944713,0.4,1.0050403
0,-1,0.35,-1.7016960206944713,0.6,1.0038432
0,-1,0.35,-1.7016960206944713,0.7999999999999999,1.0031224
0,-1,0.35,-1.7016960206944713,1.0,1.0026929
0,-1,0.35,-1.439896632895322,-1.0,0.98536795
0,-1,0.35,-1.439896632895322,-0.8,1.0005399
0,-1,0.35,-1.439896632895322,-0.6000000000000001,1.0114528
0,-1,0.35,-1.439896632895322,-0.4,1.0136234
0,-1,0.35,-1.439896632895322,-0.20000000000000007,1.0120512
0,-1,0.35,-1.439896632895322,0.0,1.0099348
0,-1,0.35,-1.439896632895322,0.20000000000000007,1.008274
0,-1,0.35,-1.439896632895322,0.4,1.0066594
0,-1,0.35,-1.439896632895322,0.6,1.0050569
0,-1,0.35,-1.439896632895322,0.7999999999999999,1.0038358
0,-1,0.35,-1.439896632895322,1.0,1.0030704
0,-1,0.35,-1.1780972450961724,-1.0,0.9837808
0,-1,0.35,-1.1780972450961724,-0.8,0.99963
0,-1,0.35,-1.1780972450961724,-0.6000000000000001,1.0099729
0,-1,0.35,-1.1780972450961724,-0.4,1.0124775
0,-1,0.35,-1.1780972450961724,-0.20000000000000007,1.0118746
0,-1,0.35,-1.1780972450961724,0.0,1.0107883
0,-1,0.35,-1.1780972450961724,0.20000000000000007,1.0099226
0,-1,0.35,-1.1780972450961724,0.4,1.0086695
0,-1,0.35,-1.1780972450961724,0.6,1.0068567
0,-1,0.35,-1.1780972450961724,0.7999999999999999,1.0050902
0,-1,0.35,-1.1780972450961724,1.0,1.003828
0,-1,0.35,-0.9162978572970231,-1.0,0.9818265
0,-1,0.35,-0.9162978572970231,-0.8,0.99772
0,-1,0.35,-0.9162978572970231,-0.6000000000000001,1.007005
0,-1,0.35,-0.9162978572970231,-0.4,1.0100664
0,-1,0.35,-0.9162978572970231,-0.20000000000000007,1.0106581
0,-1,0.35,-0.9162978572970231,0.0,1.0107583
0,-1,0.35,-0.9162978572970231,0.20000000000000007,1.0108875
0,-1,0.35,-0.9162978572970231,0.4,1.0103562
0,-1,0.35,-0.9162978572970231,0.6,1.0087603
0,-1,0.35,-0.9162978572970231,0.7999999999999999,1.0066878
0,-1,0.35,-0.9162978572970231,1.0,1.0049244
0,-1,0.35,-0.6544984694978737,-1.0,0.9803346
0,-1,0.35,-0.6544984694978737,-0.8,0.9953742
0,-1,0.35,-0.6544984694978737,-0.6000000000000001,1.003686
0,-1,0.35,-0.6544984694978737,-0.4,1.0073409
0,-1,0.35,-0.6544984694978737,-0.20000000000000007,1.0089875
0,-1,0.35,-0.6544984694978737,0.0,1.0100628
0,-1,0.35,-0.6544984694978737,0.20000000000000007,1.0109923
0,-1,0.35,-0.6544984694978737,0.4,1.0111557
0,-1,0.35,-0.6544984694978737,0.6,1.010037
0,-1,0.35,-0.6544984694978737,0.7999999999999999,1.0080398
0,-1,0.35,-0.6544984694978737,1.0,1.0060266
0,-1,0.35,-0.39269908169872436,-1.0,0.9792998
0,-1,0.35,-0.39269908169872436,-0.8,0.99345857
0,-1,0.35,-0.39269908169872436,-0.6000000000000001,1.0012225
0,-1,0.35,-0.39269908169872436,-0.4,1.0053188
0,-1,0.35,-0.39269908169872436,-0.20000000000000007,1.0076822
0,-1,0.35,-0.39269908169872436,0.0,1.0093745
0,-1,0.35,-0.39269908169872436,0.20000000000000007,1.0107449
0,-1,0.35,-0.39269908169872436,0.4,1.0112582
0,-1,0.35,-0.39269908169872436,0.6,1.010442
0,-1,0.35,-0.39269908169872436,0.7999999999999999,1.0086285
0,-1,0.35,-0.39269908169872436,1.0,1.0066301
0,-1,0.35,-0.1308996938995748,-1.0,0.9784217
0,-1,0.35,-0.1308996938995748,-0.8,0.9924719
0,-1,0.35,-0.1308996938995748,-0.6000000000000001,1.0003446
0,-1,0.35,-0.1308996938995748,-0.4,1.0047646
0,-1,0.35,-0.1308996938995748,-0.20000000000000007,1.0074999
0,-1,0.35,-0.1308996938995748,0.0,1.0094396
0,-1,0.35,-0.1308996938995748,0.20000000000000007,1.0108684
0,-1,0.35,-0.1308996938995748,0.4,1.0113024
0,-1,0.35,-0.1308996938995748,0.6,1.0103889
0,-1,0.35,-0.1308996938995748,0.7999999999999999,1.0085467
0,-1,0.35,-0.1308996938995748,1.0,1.0065836
0,-1,0.35,0.13089969389957457,-1.0,0.9775884
0,-1,0.35,0.13089969389957457,-0.8,0.9926445
0,-1,0.35,0.13089969389957457,-0.6000000000000001,1.0014418
0,-1,0.35,0.13089969389957457,-0.4,1.0061244
0,-1,0.35,0.13089969389957457,-0.20000000000000007,1.0089163
0,-1,0.35,0.13089969389957457,0.0,1.010703
0,-1,0.35,0.13089969389957457,0.20000000000000007,1.0117348
0,-1,0.35,0.13089969389957457,0.4,1.0115857
0,-1,0.35,0.13089969389957457,0.6,1.0101064
0,-1,0.35,0.13089969389957457,0.7999999999999999,1.0079589
0,-1,0.35,0.13089969389957457,1.0,1.0059583
0,-1,0.35,0.3926990816987239,-1.0,0.97701985
0,-1,0.35,0.3926990816987239,-0.8,0.99391836
0,-1,0.35,0.3926990816987239,-0.6000000000000001,1.0042965
0,-1,0.35,0.3926990816987239,-0.4,1.0089914
0,-1,0.35,0.3926990816987239,-0.20000000000000007,1.0114629
0,-1,0.35,0.3926990816987239,0.0,1.012703
0,-1,0.35,0.3926990816987239,0.20000000000000007,1.0129128
0,-1,0.35,0.3926990816987239,0.4,1.011699
0,-1,0.35,0.3926990816987239,0.6,1.0093259
0,-1,0.35,0.3926990816987239,0.7999999999999999,1.0068642
0,-1,0.35,0.3926990816987239,1.0,1.0049213
0,-1,0.35,0.6544984694978733,-1.0,0.9770954
0,-1,0.35,0.6544984694978733,-0.8,0.99568653
0,-1,0.35,0.6544984694978733,-0.6000000000000001,1.0079074
0,-1,0.35,0.6544984694978733,-0.4,1.0122279
0,-1,0.35,0.6544984694978733,-0.20000000000000007,1.0140196
0,-1,0.35,0.6544984694978733,0.0,1.0145324
0,-1,0.35,0.6544984694978733,0.20000000000000007,1.0136523
0,-1,0.35,0.6544984694978733,0.4,1.0110998
0,-1,0.35,0.6544984694978733,0.6,1.0080308
0,-1,0.35,0.6544984694978733,0.7999999999999999,1.0056278
0,-1,0.35,0.6544984694978733,1.0,1.0039144
0,-1,0.35,0.9162978572970226,-1.0,0.97736233
0,-1,0.35,0.9162978572970226,-0.8,0.9968781
0,-1,0.35,0.9162978572970226,-0.6000000000000001,1.010729
0,-1,0.35,0.9162978572970226,-0.4,1.0148262
0,-1,0.35,0.9162978572970226,-0.20000000000000007,1.015896
0,-1,0.35,0.9162978572970226,0.0,1.0155739
0,-1,0.35,0.9162978572970226,0.20000000000000007,1.0135323
0,-1,0.35,0.9162978572970226,0.4,1.0100148
0,-1,0.35,0.9162978572970226,0.6,1.0069112
0,-1,0.35,0.9162978572970226,0.7999999999999999,1.0048231
0,-1,0.35,0.9162978572970226,1.0,1.0033339
0,-1,0.35,1.178097245096172,-1.0,0.976628
0,-1,0.35,1.178097245096172,-0.8,0.9966703
0,-1,0.35,1.178097245096172,-0.6000000000000001,1.0113717
0,-1,0.35,1.178097245096172,-0.4,1.01575
0,-1,0.35,1.178097245096172,-0.20000000000000007,1.0167123
0,-1,0.35,1.178097245096172,0.0,1.0159878
0,-1,0.35,1.178097245096172,0.20000000000000007,1.0132962
0,-1,0.35,1.178097245096172,0.4,1.0094668
0,-1,0.35,1.178097245096172,0.6,1.006576
0,-1,0.35,1.178097245096172,0.7999999999999999,1.0047144
0,-1,0.35,1.178097245096172,1.0,1.003343
0,-1,0.35,1.4398966328953215,-1.0,0.97498816
0,-1,0.35,1.4398966328953215,-0.8,0.9955187
0,-1,0.35,1.4398966328953215,-0.6000000000000001,1.0103034
0,-1,0.35,1.4398966328953215,-0.4,1.0151849
0,-1,0.35,1.4398966328953215,-0.20000000000000007,1.0166808
0,-1,0.35,1.4398966328953215,0.0,1.0163277
0,-1,0.35,1.4398966328953215,0.20000000000000007,1.0137272
0,-1,0.35,1.4398966328953215,0.4,1.009843
0,-1,0.35,1.4398966328953215,0.6,1.0069712
0,-1,0.35,1.4398966328953215,0.7999999999999999,1.005171
0,-1,0.35,1.4398966328953215,1.0,1.0038515
0,-1,0.35,1.7016960206944711,-1.0,0.9735503
0,-1,0.35,1.7016960206944711,-0.8,0.9946509
0,-1,0.35,1.7016960206944711,-0.6000000000000001,1.0092114
0,-1,0.35,1.7016960206944711,-0.4,1.0145475
0,-1,0.35,1.7016960206944711,-0.20000000000000007,1.0166123
0,-1,0.35,1.7016960206944711,0.0,1.0167888
0,-1,0.35,1.7016960206944711,0.20000000000000007,1.0146357
0,-1,0.35,1.7016960206944711,0.4,1.0108014
0,-1,0.35,1.7016960206944711,0.6,1.0077372
0,-1,0.35,1.7016960206944711,0.7999999999999999,1.0058408
0,-1,0.35,1.7016960206944711,1.0,1.0045308
0,-1,0.35,1.9634954084936203,-1.0,0.97290665
0,-1,0.35,1.9634954084936203,-0.8,0.9946355
0,-1,0.35,1.9634954084936203,-0.6000000000000001,1.0090712
0,-1,0.35,1.9634954084936203,-0.4,1.0146002
0,-1,0.35,1.9634954084936203,-0.20000000000000007,1.0167793
0,-1,0.35,1.9634954084936203,0.0,1.0171208
0,-1,0.35,1.9634954084936203,0.20000000000000007,1.0153508
0,-1,0.35,1.9634954084936203,0.4,1.0117382
0,-1,0.35,1.9634954084936203,0.6,1.0085156
0,-1,0.35,1.9634954084936203,0.7999999999999999,1.0064365
0,-1,0.35,1.9634954084936203,1.0,1.0050586
0,-1,0.35,2.22529479629277,-1.0,0.97293305
0,-1,0.35,2.22529479629277,-0.8,0.9951296
0,-1,0.35,2.22529479629277,-0.6000000000000001,1.00945
0,-1,0.35,2.22529479629277,-0.4,1.0148538
0,-1,0.35,2.22529479629277,-0.20000000000000007,1.0167899
0,-1,0.35,2.22529479629277,0.0,1.0170263
0,-1,0.35,2.22529479629277,0.20000000000000007,1.0154526
0,-1,0.35,2.22529479629277,0.4,1.0121328
0,-1,0.35,2.22529479629277,0.6,1.0089471
0,-1,0.35,2.22529479629277,0.7999999999999999,1.006765
0,-1,0.35,2.22529479629277,1.0,1.0053064
0,-1,0.35,2.4870941840919194,-1.0,0.97333306
0,-1,0.35,2.4870941840919194,-0.8,0.9957514
0,-1,0.35,2.4870941840919194,-0.6000000000000001,1.0098219
0,-1,0.35,2.4870941840919194,-0.4,1.0148891
0,-1,0.35,2.4870941840919194,-0.20000000000000007,1.0164211
0,-1,0.35,2.4870941840919194,0.0,1.0164223
0,-1,0.35,2.4870941840919194,0.20000000000000007,1.0148911
0,-1,0.35,2.4870941840919194,0.4,1.0118206
0,-1,0.35,2.4870941840919194,0.6,1.0088114
0,-1,0.35,2.4870941840919194,0.7999999999999999,1.0066844
0,-1,0.35,2.4870941840919194,1.0,1.0052428
0,-1,0.35,2.7488935718910685,-1.0,0.97391224
0,-1,0.35,2.7488935718910685,-0.8,0.9963546
0,-1,0.35,2.7488935718910685,-0.6000000000000001,1.010063
0,-1,0.35,2.7488935718910685,-0.4,1.0146693
0,-1,0.35,2.7488935718910685,-0.20000000000000007,1.0157007
0,-1,0.35,2.7488935718910685,0.0,1.0153724
0,-1,0.35,2.7488935718910685,0.20000000000000007,1.0137607
0,-1,0.35,2.7488935718910685,0.4,1.010863
0,-1,0.35,2.7488935718910685,0.6,1.0080961
0,-1,0.35,2.7488935718910685,0.7999999999999999,1.0061668
0,-1,0.35,2.7488935718910685,1.0,1.0048819
0,-1,0.35,3.010692959690218,-1.0,0.97463197
0,-1,0.35,3.010692959690218,-0.8,0.9969327
0,-1,0.35,3.010692959690218,-0.6000000000000001,1.010196
0,-1,0.35,3.010692959690218,-0.4,1.0142388
0,-1,0.35,3.010692959690218,-0.20000000000000007,1.014678
0,-1,0.35,3.010692959690218,0.0,1.0139399
0,-1,0.35,3.010692959690218,0.20000000000000007,1.0121678
0,-1,0.35,3.010692959690218,0.4,1.009405
0,-1,0.35,3.010692959690218,0.6,1.0069433
0,-1,0.35,3.010692959690218,0.7999999999999999,1.0053335
0,-1,0.35,3.010692959690218,1.0,1.004323
0,-1,0.47500000000000003,-3.0106929596902186,-1.0,0.97001076
0,-1,0.47500000000000003,-3.0106929596902186,-0.8,0.9908953
0,-1,0.47500000000000003,-3.0106929596902186,-0.6000000000000001,1.0065802
0,-1,0.47500000000000003,-3.0106929596902186,-0.4,1.0120696
0,-1,0.47500000000000003,-3.0106929596902186,-0.20000000000000007,1.0132327
0,-1,0.47500000000000003,-3.0106929596902186,0.0,1.0126182
0,-1,0.47500000000000003,-3.0106929596902186,0.20000000000000007,1.0111904
0,-1,0.47500000000000003,-3.0106929596902186,0.4,1.009212
0,-1,0.47500000000000003,-3.0106929596902186,0.6,1.007381
0,-1,0.47500000000000003,-3.0106929596902186,0.7999999999999999,1.0061365
0,-1,0.47500000000000003,-3.0106929596902186,1.0,1.0053207
0,-1,0.47500000000000003,-2.748893571891069,-1.0,0.97075194
0,-1,0.47500000000000003,-2.748893571891069,-0.8,0.99138707
0,-1,0.47500000000000003,-2.748893571891069,-0.6000000000000001,1.0066729
0,-1,0.47500000000000003,-2.748893571891069,-0.4,1.011587
0,-1,0.47500000000000003,-2.748893571891069,-0.20000000000000007,1.012124
0,-1,0.47500000000000003,-2.748893571891069,0.0,1.0111946
0,-1,0.47500000000000003,-2.748893571891069,0.20000000000000007,1.0097739
0,-1,0.47500000000000003,-2.748893571891069,0.4,1.008073
0,-1,0.47500000000000003,-2.748893571891069,0.6,1.0066285
0,-1,0.47500000000000003,-2.748893571891069,0.7999999999999999,1.0056986
0,-1,0.47500000000000003,-2.748893571891069,1.0,1.0050731
0,-1,0.47500000000000003,-2.4870941840919194,-1.0,0.97209406
0,-1,0.47500000000000003,-2.4870941840919194,-0.8,0.99234056
0,-1,0.47500000000000003,-2.4870941840919194,-0.6000000000000001,1.0071362
0,-1,0.47500000000000003,-2.4870941840919194,-0.4,1.0113245
0,-1,0.47500000000000003,-2.4870941840919194,-0.20000000000000007,1.0112679
0,-1,0.47500000000000003,-2.4870941840919194,0.0,1.0100979
0,-1,0.47500000000000003,-2.4870941840919194,0.20000000000000007,1.008717
0,-1,0.47500000000000003,-2.4870941840919194,0.4,1.0072712
0,-1,0.47500000000000003,-2.4870941840919194,0.6,1.0061271
0,-1,0.47500000000000003,-2.4870941840919194,0.7999999999999999,1.0053927
0,-1,0.47500000000000003,-2.4870941840919194,1.0,1.0048562
0,-1,0.47500000000000003,-2.2252947962927703,-1.0,0.9743112
0,-1,0.47500000000000003,-2.2252947962927703,-0.8,0.9936212
0,-1,0.47500000000000003,-2.2252947962927703,-0.6000000000000001,1.0079194
0,-1,0.47500000000000003,-2.2252947962927703,-0.4,1.0115184
0,-1,0.47500000000000003,-2.2252947962927703,-0.20000000000000007,1.0110155
0,-1,0.47500000000000003,-2.2252947962927703,0.0,1.0096511
0,-1,0.47500000000000003,-2.2252947962927703,0.20000000000000007,1.0082679
0,-1,0.47500000000000003,-2.2252947962927703,0.4,1.0069612
0,-1,0.47500000000000003,-2.2252947962927703,0.6,1.0059383
0,-1,0.47500000000000003,-2.2252947962927703,0.7999999999999999,1.0052398
0,-1,0.47500000000000003,-2.2252947962927703,1.0,1.0046972
0,-1,0.47500000000000003,-1.963495408493621,-1.0,0.9769156
0,-1,0.47500000000000003,-1.963495408493621,-0.8,0.99446577
0,-1,0.47500000000000003,-1.963495408493621,-0.6000000000000001,1.0083891
0,-1,0.47500000000000003,-1.963495408493621,-0.4,1.0118909
0,-1,0.47500000000000003,-1.963495408493621,-0.20000000000000007,1.0112946
0,-1,0.47500000000000003,-1.963495408493621,0.0,1.0098568
0,-1,0.47500000000000003,-1.963495408493621,0.20000000000000007,1.0084723
0,-1,0.47500000000000003,-1.963495408493621,0.4,1.0071818
0,-1,0.47500000000000003,-1.963495408493621,0.6,1.0060724
0,-1,0.47500000000000003,-1.963495408493621,0.7999999999999999,1.0052522
0,-1,0.47500000000000003,-1.963495408493621,1.0,1.0046307
0,-1,0.47500000000000003,-1.7016960206944713,-1.0,0.97867155
0,-1,0.47500000000000003,-1.7016960206944713,-0.8,0.99426395
0,-1,0.47500000000000003,-1.7016960206944713,-0.6000000000000001,1.0080425
0,-1,0.47500000000000003,-1.7016960206944713,-0.4,1.0119576
0,-1,0.47500000000000003,-1.7016960206944713,-0.20000000000000007,1.011673
0,-1,0.47500000000000003,-1.7016960206944713,0.0,1.0103745
0,-1,0.47500000000000003,-1.7016960206944713,0.20000000000000007,1.0090903
0,-1,0.47500000000000003,-1.7016960206944713,0.4,1.0078145
0,-1,0.47500000000000003,-1.7016960206944713,0.6,1.0065188
0,-1,0.47500000000000003,-1.7016960206944713,0.7999999999999999,1.0054668
0,-1,0.47500000000000003,-1.7016960206944713,1.0,1.0047079
0,-1,0.47500000000000003,-1.439896632895322,-1.0,0.97874814
0,-1,0.47500000000000003,-1.439896632895322,-0.8,0.99305767
0,-1,0.47500000000000003,-1.439896632895322,-0.6000000000000001,1.0066844
0,-1,0.47500000000000003,-1.439896632895322,-0.4,1.01122
0,-1,0.47500000000000003,-1.439896632895322,-0.20000000000000007,1.0115521
0,-1,0.47500000000000003,-1.439896632895322,0.0,1.010698
0,-1,0.47500000000000003,-1.439896632895322,0.20000000000000007,1.0097151
0,-1,0.47500000000000003,-1.439896632895322,0.4,1.0086162
0,-1,0.47500000000000003,-1.439896632895322,0.6,1.0072478
0,-1,0.47500000000000003,-1.439896632895322,0.7999999999999999,1.005953
0,-1,0.47500000000000003,-1.439896632895322,1.0,1.004994
0,-1,0.47500000000000003,-1.1780972450961724,-1.0,0.97732097
0,-1,0.47500000000000003,-1.1780972450961724,-0.8,0.9912074
0,-1,0.47500000000000003,-1.1780972450961724,-0.6000000000000001,1.0040151
0,-1,0.47500000000000003,-1.1780972450961724,-0.4,1.0091325
0,-1,0.47500000000000003,-1.1780972450961724,-0.20000000000000007,1.0104207
0,-1,0.47500000000000003,-1.1780972450961724,0.0,1.0104679
0,-1,0.47500000000000003,-1.1780972450961724,0.20000000000000007,1.0100855
0,-1,0.47500000000000003,-1.1780972450961724,0.4,1.0093378
0,-1,0.47500000000000003,-1.1780972450961724,0.6,1.0080947
0,-1,0.47500000000000003,-1.1780972450961724,0.7999999999999999,1.0066724
0,-1,0.47500000000000003,-1.1780972450961724,1.0,1.0054902
0,-1,0.47500000000000003,-0.9162978572970231,-1.0,0.9754949
0,-1,0.47500000000000003,-0.9162978572970231,-0.8,0.9891272
0,-1,0.47500000000000003,-0.9162978572970231,-0.6000000000000001,1.0001994
0,-1,0.47500000000000003,-0.9162978572970231,-0.4,1.005746
0,-1,0.47500000000000003,-0.9162978572970231,-0.20000000000000007,1.0082535
0,-1,0.47500000000000003,-0.9162978572970231,0.0,1.0095811
0,-1,0.47500000000000003,-0.9162978572970231,0.20000000000000007,1.0101358
0,-1,0.47500000000000003,-0.9162978572970231,0.4,1.0099052
0,-1,0.47500000000000003,-0.9162978572970231,0.6,1.0088943
0,-1,0.47500000000000003,-0.9162978572970231,0.7999999999999999,1.0074654
0,-1,0.47500000000000003,-0.9162978572970231,1.0,1.0061028
0,-1,0.47500000000000003,-0.6544984694978737,-1.0,0.97417754
0,-1,0.47500000000000003,-0.6544984694978737,-0.8,0.98731333
0,-1,0.47500000000000003,-0.6544984694978737,-0.6000000000000001,0.9964843
0,-1,0.47500000000000003,-0.6544984694978737,-0.4,1.0021214
0,-1,0.47500000000000003,-0.6544984694978737,-0.20000000000000007,1.0056794
0,-1,0.47500000000000003,-0.6544984694978737,0.0,1.0082463
0,-1,0.47500000000000003,-0.6544984694978737,0.20000000000000007,1.0098392
0,-1,0.47500000000000003,-0.6544984694978737,0.4,1.0102693
0,-1,0.47500000000000003,-0.6544984694978737,0.6,1.0095657
0,-1,0.47500000000000003,-0.6544984694978737,0.7999999999999999,1.0081822
0,-1,0.47500000000000003,-0.6544984694978737,1.0,1.0066848
0,-1,0.47500000000000003,-0.39269908169872436,-1.0,0.97331244
0,-1,0.47500000000000003,-0.39269908169872436,-0.8,0.986125
0,-1,0.47500000000000003,-0.39269908169872436,-0.6000000000000001,0.9941614
0,-1,0.47500000000000003,-0.39269908169872436,-0.4,0.9996863
0,-1,0.47500000000000003,-0.39269908169872436,-0.20000000000000007,1.003828
0,-1,0.47500000000000003,-0.39269908169872436,0.0,1.0072074
0,-1,0.47500000000000003,-0.39269908169872436,0.20000000000000007,1.0095388
0,-1,0.47500000000000003,-0.39269908169872436,0.4,1.010482
0,-1,0.47500000000000003,-0.39269908169872436,0.6,1.0100157
0,-1,0.47500000000000003,-0.39269908169872436,0.7999999999999999,1.008638
0,-1,0.47500000000000003,-0.39269908169872436,1.0,1.0070096
0,-1,0.47500000000000003,-0.1308996938995748,-1.0,0.97260195
0,-1,0.47500000000000003,-0.1308996938995748,-0.8,0.98571473
0,-1,0.47500000000000003,-0.1308996938995748,-0.6000000000000001,0.99389344
0,-1,0.47500000000000003,-0.1308996938995748,-0.4,0.9994345
0,-1,0.47500000000000003,-0.1308996938995748,-0.20000000000000007,1.0037557
0,-1,0.47500000000000003,-0.1308996938995748,0.0,1.0074017
0,-1,0.47500000000000003,-0.1308996938995748,0.20000000000000007,1.0098845
0,-1,0.47500000000000003,-0.1308996938995748,0.4,1.010815
0,-1,0.47500000000000003,-0.1308996938995748,0.6,1.0101953
0,-1,0.47500000000000003,-0.1308996938995748,0.7999999999999999,1.0085891
0,-1,0.47500000000000003,-0.1308996938995748,1.0,1.0067588
0,-1,0.47500000000000003,0.13089969389957457,-1.0,0.97214293
0,-1,0.47500000000000003,0.13089969389957457,-0.8,0.98615456
0,-1,0.47500000000000003,0.13089969389957457,-0.6000000000000001,0.99592334
0,-1,0.47500000000000003,0.13089969389957457,-0.4,1.0015885
0,-1,0.47500000000000003,0.13089969389957457,-0.20000000000000007,1.0056716
0,-1,0.47500000000000003,0.13089969389957457,0.0,1.0089549
0,-1,0.47500000000000003,0.13089969389957457,0.20000000000000007,1.010852
0,-1,0.47500000000000003,0.13089969389957457,0.4,1.0110956
0,-1,0.47500000000000003,0.13089969389957457,0.6,1.009814
0,-1,0.47500000000000003,0.13089969389957457,0.7999999999999999,1.007737
0,-1,0.47500000000000003,0.13089969389957457,1.0,1.0057226
0,-1,0.47500000000000003,0.3926990816987239,-1.0,0.97262
0,-1,0.47500000000000003,0.3926990816987239,-0.8,0.98735094
0,-1,0.47500000000000003,0.3926990816987239,-0.6000000000000001,0.9999256
0,-1,0.47500000000000003,0.3926990816987239,-0.4,1.0054787
0,-1,0.47500000000000003,0.3926990816987239,-0.20000000000000007,1.0086155
0,-1,0.47500000000000003,0.3926990816987239,0.0,1.0108014
0,-1,0.47500000000000003,0.3926990816987239,0.20000000000000007,1.0115298
0,-1,0.47500000000000003,0.3926990816987239,0.4,1.0106122
0,-1,0.47500000000000003,0.3926990816987239,0.6,1.0084543
0,-1,0.47500000000000003,0.3926990816987239,0.7999999999999999,1.0060962
0,-1,0.47500000000000003,0.3926990816987239,1.0,1.0042117
0,-1,0.47500000000000003,0.6544984694978733,-1.0,0.9743385
0,-1,0.47500000000000003,0.6544984694978733,-0.8,0.988827
0,-1,0.47500000000000003,0.6544984694978733,-0.6000000000000001,1.0045543
0,-1,0.47500000000000003,0.6544984694978733,-0.4,1.0099508
0,-1,0.47500000000000003,0.6544984694978733,-0.20000000000000007,1.0116605
0,-1,0.47500000000000003,0.6544984694978733,0.0,1.0120417
0,-1,0.47500000000000003,0.6544984694978733,0.20000000000000007,1.011102
0,-1,0.47500000000000003,0.6544984694978733,0.4,1.0089436
0,-1,0.47500000000000003,0.6544984694978733,0.6,1.0064133
0,-1,0.47500000000000003,0.6544984694978733,0.7999999999999999,1.0043663
0,-1,0.47500000000000003,0.6544984694978733,1.0,1.0028983
0,-1,0.47500000000000003,0.9162978572970226,-1.0,0.97563785
0,-1,0.47500000000000003,0.9162978572970226,-0.8,0.989521
0,-1,0.47500000000000003,0.9162978572970226,-0.6000000000000001,1.0072165
0,-1,0.47500000000000003,0.9162978572970226,-0.4,1.0128344
0,-1,0.47500000000000003,0.9162978572970226,-0.20000000000000007,1.0137795
0,-1,0.47500000000000003,0.9162978572970226,0.0,1.0126066
0,-1,0.47500000000000003,0.9162978572970226,0.20000000000000007,1.0100483
0,-1,0.47500000000000003,0.9162978572970226,0.4,1.0071584
0,-1,0.47500000000000003,0.9162978572970226,0.6,1.004886
0,-1,0.47500000000000003,0.9162978572970226,0.7999999999999999,1.0033218
0,-1,0.47500000000000003,0.9162978572970226,1.0,1.0021957
0,-1,0.47500000000000003,1.178097245096172,-1.0,0.9748401
0,-1,0.47500000000000003,1.178097245096172,-0.8,0.9886656
0,-1,0.47500000000000003,1.178097245096172,-0.6000000000000001,1.0068482
0,-1,0.47500000000000003,1.178097245096172,-0.4,1.0129008
0,-1,0.47500000000000003,1.178097245096172,-0.20000000000000007,1.0140709
0,-1,0.47500000000000003,1.178097245096172,0.0,1.0126063
0,-1,0.47500000000000003,1.178097245096172,0.20000000000000007,1.0095174
0,-1,0.47500000000000003,1.178097245096172,0.4,1.0064946
0,-1,0.47500000000000003,1.178097245096172,0.6,1.0044842
0,-1,0.47500000000000003,1.178097245096172,0.7999999999999999,1.0031524
0,-1,0.47500000000000003,1.178097245096172,1.0,1.0021414
0,-1,0.47500000000000003,1.4398966328953215,-1.0,0.97262573
0,-1,0.47500000000000003,1.4398966328953215,-0.8,0.987343
0,-1,0.47500000000000003,1.4398966328953215,-0.6000000000000001,1.0049181
0,-1,0.47500000000000003,1.4398966328953215,-0.4,1.0112497
0,-1,0.47500000000000003,1.4398966328953215,-0.20000000000000007,1.0132546
0,-1,0.47500000000000003,1.4398966328953215,0.0,1.0126283
0,-1,0.47500000000000003,1.4398966328953215,0.20000000000000007,1.0100385
0,-1,0.47500000000000003,1.4398966328953215,0.4,1.0070719
0,-1,0.47500000000000003,1.4398966328953215,0.6,1.0050362
0,-1,0.47500000000000003,1.4398966328953215,0.7999999999999999,1.0036967
0,-1,0.47500000000000003,1.4398966328953215,1.0,1.002655
0,-1,0.47500000000000003,1.7016960206944711,-1.0,0.9705393
0,-1,0.47500000000000003,1.7016960206944711,-0.8,0.9870727
0,-1,0.47500000000000003,1.7016960206944711,-0.6000000000000001,1.0037856
0,-1,0.47500000000000003,1.7016960206944711,-0.4,1.0101926
0,-1,0.47500000000000003,1.7016960206944711,-0.20000000000000007,1.0129929
0,-1,0.47500000000000003,1.7016960206944711,0.0,1.0133699
0,-1,0.47500000000000003,1.7016960206944711,0.20000000000000007,1.0115275
0,-1,0.47500000000000003,1.7016960206944711,0.4,1.0085458
0,-1,0.47500000000000003,1.7016960206944711,0.6,1.006178
0,-1,0.47500000000000003,1.7016960206944711,0.7999999999999999,1.0046384
0,-1,0.47500000000000003,1.7016960206944711,1.0,1.003516
0,-1,0.47500000000000003,1.9634954084936203,-1.0,0.96930146
0,-1,0.47500000000000003,1.9634954084936203,-0.8,0.98776954
0,-1,0.47500000000000003,1.9634954084936203,-0.6000000000000001,1.0041937
0,-1,0.47500000000000003,1.9634954084936203,-0.4,1.0107251
0,-1,0.47500000000000003,1.9634954084936203,-0.20000000000000007,1.0138582
0,-1,0.47500000000000003,1.9634954084936203,0.0,1.0146068
0,-1,0.47500000000000003,1.9634954084936203,0.20000000000000007,1.0131928
0,-1,0.47500000000000003,1.9634954084936203,0.4,1.0102695
0,-1,0.47500000000000003,1.9634954084936203,0.6,1.0075511
0,-1,0.47500000000000003,1.9634954084936203,0.7999999999999999,1.0056945
0,-1,0.47500000000000003,1.9634954084936203,1.0,1.0044154
0,-1,0.47500000000000003,2.22529479629277,-1.0,0.96886
0,-1,0.47500000000000003,2.22529479629277,-0.8,0.9886975
0,-1,0.47500000000000003,2.22529479629277,-0.6000000000000001,1.0050993
0,-1,0.47500000000000003,2.22529479629277,-0.4,1.0116597
0,-1,0.47500000000000003,2.22529479629277,-0.20000000000000007,1.0147011
0,-1,0.47500000000000003,2.22529479629277,0.0,1.0153972
0,-1,0.47500000000000003,2.22529479629277,0.20000000000000007,1.0141865
0,-1,0.47500000000000003,2.22529479629277,0.4,1.0114707
0,-1,0.47500000000000003,2.22529479629277,0.6,1.0086632
0,-1,0.47500000000000003,2.22529479629277,0.7999999999999999,1.0066065
0,-1,0.47500000000000003,2.22529479629277,1.0,1.0051765
0,-1,0.47500000000000003,2.4870941840919194,-1.0,0.9689069
0,-1,0.47500000000000003,2.4870941840919194,-0.8,0.98952276
0,-1,0.47500000000000003,2.4870941840919194,-0.6000000000000001,1.005839
0,-1,0.47500000000000003,2.4870941840919194,-0.4,1.0122678
0,-1,0.47500000000000003,2.4870941840919194,-0.20000000000000007,1.0149931
0,-1,0.47500000000000003,2.4870941840919194,0.0,1.0154599
0,-1,0.47500000000000003,2.4870941840919194,0.20000000000000007,1.0143076
0,-1,0.47500000000000003,2.4870941840919194,0.4,1.011823
0,-1,0.47500000000000003,2.4870941840919194,0.6,1.0091354
0,-1,0.47500000000000003,2.4870941840919194,0.7999999999999999,1.0070844
0,-1,0.47500000000000003,2.4870941840919194,1.0,1.0056417
0,-1,0.47500000000000003,2.7488935718910685,-1.0,0.9691784
0,-1,0.47500000000000003,2.7488935718910685,-0.8,0.99014777
0,-1,0.47500000000000003,2.7488935718910685,-0.6000000000000001,1.0063052
0,-1,0.47500000000000003,2.7488935718910685,-0.4,1.0125039
0,-1,0.47500000000000003,2.7488935718910685,-0.20000000000000007,1.0147938
0,-1,0.47500000000000003,2.7488935718910685,0.0,1.0149373
0,-1,0.47500000000000003,2.7488935718910685,0.20000000000000007,1.0137211
0,-1,0.47500000000000003,2.7488935718910685,0.4,1.0114055
0,-1,0.47500000000000003,2.7488935718910685,0.6,1.0089326
0,-1,0.47500000000000003,2.7488935718910685,0.7999999999999999,1.0070499
0,-1,0.47500000000000003,2.7488935718910685,1.0,1.0057408
0,-1,0.47500000000000003,3.010692959690218,-1.0,0.9695422
0,-1,0.47500000000000003,3.010692959690218,-0.8,0.9905698
0,-1,0.47500000000000003,3.010692959690218,-0.6000000000000001,1.0065274
0,-1,0.47500000000000003,3.010692959690218,-0.4,1.012423
0,-1,0.47500000000000003,3.010692959690218,-0.20000000000000007,1.0141865
0,-1,0.47500000000000003,3.010692959690218,0.0,1.0139533
0,-1,0.47500000000000003,3.010692959690218,0.20000000000000007,1.0126138
0,-1,0.47500000000000003,3.010692959690218,0.4,1.0104359
0,-1,0.47500000000000003,3.010692959690218,0.6,1.0082434
0,-1,0.47500000000000003,3.010692959690218,0.7999999999999999,1.0066487
0,-1,0.47500000000000003,3.010692959690218,1.0,1.0055759
0,-1,0.625,-3.0106929596902186,-1.0,0.96638864
0,-1,0.625,-3.0106929596902186,-0.8,0.98520714
0,-1,0.625,-3.0106929596902186,-0.6000000000000001,1.0027021
0,-1,0.625,-3.0106929596902186,-0.4,1.0102229
0,-1,0.625,-3.0106929596902186,-0.20000000000000007,1.0130183
0,-1,0.625,-3.0106929596902186,0.0,1.0137944
0,-1,0.625,-3.0106929596902186,0.20000000000000007,1.013189
0,-1,0.625,-3.0106929596902186,0.4,1.0117463
0,-1,0.625,-3.0106929596902186,0.6,1.009991
0,-1,0.625,-3.0106929596902186,0.7999999999999999,1.0084759
0,-1,0.625,-3.0106929596902186,1.0,1.0073029
0,-1,0.625,-2.748893571891069,-1.0,0.96694607
0,-1,0.625,-2.748893571891069,-0.8,0.9854872
0,-1,0.625,-2.748893571891069,-0.6000000000000001,1.002988
0,-1,0.625,-2.748893571891069,-0.4,1.0103465
0,-1,0.625,-2.748893571891069,-0.20000000000000007,1.0126549
0,-1,0.625,-2.748893571891069,0.0,1.0131963
0,-1,0.625,-2.748893571891069,0.20000000000000007,1.0125812
0,-1,0.625,-2.748893571891069,0.4,1.0112358
0,-1,0.625,-2.748893571891069,0.6,1.0096269
0,-1,0.625,-2.748893571891069,0.7999999999999999,1.008241
0,-1,0.625,-2.748893571891069,1.0,1.0071479
0,-1,0.625,-2.4870941840919194,-1.0,0.96801084
0,-1,0.625,-2.4870941840919194,-0.8,0.986268
0,-1,0.625,-2.4870941840919194,-0.6000000000000001,1.0042335
0,-1,0.625,-2.4870941840919194,-0.4,1.0111724
0,-1,0.625,-2.4870941840919194,-0.20000000000000007,1.0127939
0,-1,0.625,-2.4870941840919194,0.0,1.0130609
0,-1,0.625,-2.4870941840919194,0.20000000000000007,1.012386
0,-1,0.625,-2.4870941840919194,0.4,1.0110173
0,-1,0.625,-2.4870941840919194,0.6,1.0094131
0,-1,0.625,-2.4870941840919194,0.7999999999999999,1.0080386
0,-1,0.625,-2.4870941840919194,1.0,1.0069486
0,-1,0.625,-2.2252947962927703,-1.0,0.9701042
0,-1,0.625,-2.2252947962927703,-0.8,0.9878481
0,-1,0.625,-2.2252947962927703,-0.6000000000000001,1.0064167
0,-1,0.625,-2.2252947962927703,-0.4,1.0128456
0,-1,0.625,-2.2252947962927703,-0.20000000000000007,1.0137222
0,-1,0.625,-2.2252947962927703,0.0,1.0136176
0,-1,0.625,-2.2252947962927703,0.20000000000000007,1.0127653
0,-1,0.625,-2.2252947962927703,0.4,1.0112208
0,-1,0.625,-2.2252947962927703,0.6,1.0094646
0,-1,0.625,-2.2252947962927703,0.7999999999999999,1.0079771
0,-1,0.625,-2.2252947962927703,1.0,1.0068141
0,-1,0.625,-1.963495408493621,-1.0,0.97307676
0,-1,0.625,-1.963495408493621,-0.8,0.98939085
0,-1,0.625,-1.963495408493621,-0.6000000000000001,1.0080689
0,-1,0.625,-1.963495408493621,-0.4,1.0142617
0,-1,0.625,-1.963495408493621,-0.20000000000000007,1.0148448
0,-1,0.625,-1.963495408493621,0.0,1.014563
0,-1,0.625,-1.963495408493621,0.20000000000000007,1.0135676
0,-1,0.625,-1.963495408493621,0.4,1.0118214
0,-1,0.625,-1.963495408493621,0.6,1.0098246
0,-1,0.625,-1.963495408493621,0.7999999999999999,1.0081209
0,-1,0.625,-1.963495408493621,1.0,1.0068196
0,-1,0.625,-1.7016960206944713,-1.0,0.97551847
0,-1,0.625,-1.7016960206944713,-0.8,0.9895744
0,-1,0.625,-1.7016960206944713,-0.6000000000000001,1.0079806
0,-1,0.625,-1.7016960206944713,-0.4,1.0143361
0,-1,0.625,-1.7016960206944713,-0.20000000000000007,1.0152789
0,-1,0.625,-1.7016960206944713,0.0,1.0152699
0,-1,0.625,-1.7016960206944713,0.20000000000000007,1.014383
0,-1,0.625,-1.7016960206944713,0.4,1.0126287
0,-1,0.625,-1.7016960206944713,0.6,1.0104673
0,-1,0.625,-1.7016960206944713,0.7999999999999999,1.0085157
0,-1,0.625,-1.7016960206944713,1.0,1.0070281
0,-1,0.625,-1.439896632895322,-1.0,0.9760628
0,-1,0.625,-1.439896632895322,-0.8,0.9879639
0,-1,0.625,-1.439896632895322,-0.6000000000000001,1.0057818
0,-1,0.625,-1.439896632895322,-0.4,1.0127548
0,-1,0.625,-1.439896632895322,-0.20000000000000007,1.0145534
0,-1,0.625,-1.439896632895322,0.0,1.015204
0,-1,0.625,-1.439896632895322,0.20000000000000007,1.0147489
0,-1,0.625,-1.439896632895322,0.4,1.013322
0,-1,0.625,-1.439896632895322,0.6,1.0112786
0,-1,0.625,-1.439896632895322,0.7999999999999999,1.0091907
0,-1,0.625,-1.439896632895322,1.0,1.0074991
0,-1,0.625,-1.1780972450961724,-1.0,0.9745102
0,-1,0.625,-1.1780972450961724,-0.8,0.9852543
0,-1,0.625,-1.1780972450961724,-0.6000000000000001,1.0015935
0,-1,0.625,-1.1780972450961724,-0.4,1.0095052
0,-1,0.625,-1.1780972450961724,-0.20000000000000007,1.0124575
0,-1,0.625,-1.1780972450961724,0.0,1.0140938
0,-1,0.625,-1.1780972450961724,0.20000000000000007,1.0144097
0,-1,0.625,-1.1780972450961724,0.4,1.0135833
0,-1,0.625,-1.1780972450961724,0.6,1.0119483
0,-1,0.625,-1.1780972450961724,0.7999999999999999,1.0099634
0,-1,0.625,-1.1780972450961724,1.0,1.0081444
0,-1,0.625,-0.9162978572970231,-1.0,0.971953
0,-1,0.625,-0.9162978572970231,-0.8,0.9827618
0,-1,0.625,-0.9162978572970231,-0.6000000000000001,0.99631685
0,-1,0.625,-0.9162978572970231,-0.4,1.0048712
0,-1,0.625,-0.9162978572970231,-0.20000000000000007,1.009184
0,-1,0.625,-0.9162978572970231,0.0,1.0121192
0,-1,0.625,-0.9162978572970231,0.20000000000000007,1.0135132
0,-1,0.625,-0.9162978572970231,0.4,1.0134368
0,-1,0.625,-0.9162978572970231,0.6,1.0122919
0,-1,0.625,-0.9162978572970231,0.7999999999999999,1.0105487
0,-1,0.625,-0.9162978572970231,1.0,1.008721
0,-1,0.625,-0.6544984694978737,-1.0,0.9697183
0,-1,0.625,-0.6544984694978737,-0.8,0.9812761
0,-1,0.625,-0.6544984694978737,-0.6000000000000001,0.9918568
0,-1,0.625,-0.6544984694978737,-0.4,1.0001931
0,-1,0.625,-0.6544984694978737,-0.20000000000000007,1.0056564
0,-1,0.625,-0.6544984694978737,0.0,1.009921
0,-1,0.625,-0.6544984694978737,0.20000000000000007,1.0124582
0,-1,0.625,-0.6544984694978737,0.4,1.0131527
0,-1,0.625,-0.6544984694978737,0.6,1.0124269
0,-1,0.625,-0.6544984694978737,0.7999999999999999,1.0108614
0,-1,0.625,-0.6544984694978737,1.0,1.0090265
0,-1,0.625,-0.39269908169872436,-1.0,0.9682172
0,-1,0.625,-0.39269908169872436,-0.8,0.98065835
0,-1,0.625,-0.39269908169872436,-0.6000000000000001,0.9896321
0,-1,0.625,-0.39269908169872436,-0.4,0.9974163
0,-1,0.625,-0.39269908169872436,-0.20000000000000007,1.0033954
0,-1,0.625,-0.39269908169872436,0.0,1.0085312
0,-1,0.625,-0.39269908169872436,0.20000000000000007,1.011839
0,-1,0.625,-0.39269908169872436,0.4,1.0130153
0,-1,0.625,-0.39269908169872436,0.6,1.012468
0,-1,0.625,-0.39269908169872436,0.7999999999999999,1.0108742
0,-1,0.625,-0.39269908169872436,1.0,1.0089083
0,-1,0.625,-0.1308996938995748,-1.0,0.96729535
0,-1,0.625,-0.1308996938995748,-0.8,0.980467
0,-1,0.625,-0.1308996938995748,-0.6000000000000001,0.98991585
0,-1,0.625,-0.1308996938995748,-0.4,0.9976418
0,-1,0.625,-0.1308996938995748,-0.20000000000000007,1.0035368
0,-1,0.625,-0.1308996938995748,0.0,1.008793
0,-1,0.625,-0.1308996938995748,0.20000000000000007,1.0121068
0,-1,0.625,-0.1308996938995748,0.4,1.013106
0,-1,0.625,-0.1308996938995748,0.6,1.0122461
0,-1,0.625,-0.1308996938995748,0.7999999999999999,1.0102907
0,-1,0.625,-0.1308996938995748,1.0,1.0080465
0,-1,0.625,0.13089969389957457,-1.0,0.96730596
0,-1,0.625,0.13089969389957457,-0.8,0.98040324
0,-1,0.625,0.13089969389957457,-0.6000000000000001,0.9926761
0,-1,0.625,0.13089969389957457,-0.4,1.0008311
0,-1,0.625,0.13089969389957457,-0.20000000000000007,1.0059425
0,-1,0.625,0.13089969389957457,0.0,1.010321
0,-1,0.625,0.13089969389957457,0.20000000000000007,1.0127045
0,-1,0.625,0.13089969389957457,0.4,1.012809
0,-1,0.625,0.13089969389957457,0.6,1.0111302
0,-1,0.625,0.13089969389957457,0.7999999999999999,1.0086017
0,-1,0.625,0.13089969389957457,1.0,1.0061827
0,-1,0.625,0.3926990816987239,-1.0,0.96937436
0,-1,0.625,0.3926990816987239,-0.8,0.9805262
0,-1,0.625,0.3926990816987239,-0.6000000000000001,0.9975021
0,-1,0.625,0.3926990816987239,-0.4,1.0061508
0,-1,0.625,0.3926990816987239,-0.20000000000000007,1.0097471
0,-1,0.625,0.3926990816987239,0.0,1.0120407
0,-1,0.625,0.3926990816987239,0.20000000000000007,1.0124607
0,-1,0.625,0.3926990816987239,0.4,1.0111071
0,-1,0.625,0.3926990816987239,0.6,1.0085758
0,-1,0.625,0.3926990816987239,0.7999999999999999,1.0059396
0,-1,0.625,0.3926990816987239,1.0,1.0039078
0,-1,0.625,0.6544984694978733,-1.0,0.97306985
0,-1,0.625,0.6544984694978733,-0.8,0.9813223
0,-1,0.625,0.6544984694978733,-0.6000000000000001,1.002098
0,-1,0.625,0.6544984694978733,-0.4,1.0108951
0,-1,0.625,0.6544984694978733,-0.20000000000000007,1.013143
0,-1,0.625,0.6544984694978733,0.0,1.0132858
0,-1,0.625,0.6544984694978733,0.20000000000000007,1.011325
0,-1,0.625,0.6544984694978733,0.4,1.0084132
0,-1,0.625,0.6544984694978733,0.6,1.005667
0,-1,0.625,0.6544984694978733,0.7999999999999999,1.0036346
0,-1,0.625,0.6544984694978733,1.0,1.0022928
0,-1,0.625,0.9162978572970226,-1.0,0.9752755
0,-1,0.625,0.9162978572970226,-0.8,0.9816797
0,-1,0.625,0.9162978572970226,-0.6000000000000001,1.0032839
0,-1,0.625,0.9162978572970226,-0.4,1.0121298
0,-1,0.625,0.9162978572970226,-0.20000000000000007,1.0138688
0,-1,0.625,0.9162978572970226,0.0,1.01294
0,-1,0.625,0.9162978572970226,0.20000000000000007,1.0097989
0,-1,0.625,0.9162978572970226,0.4,1.0063697
0,-1,0.625,0.9162978572970226,0.6,1.0039517
0,-1,0.625,0.9162978572970226,0.7999999999999999,1.0024909
0,-1,0.625,0.9162978572970226,1.0,1.0015777
0,-1,0.625,1.178097245096172,-1.0,0.9743293
0,-1,0.625,1.178097245096172,-0.8,0.9801273
0,-1,0.625,1.178097245096172,-0.6000000000000001,1.0013
0,-1,0.625,1.178097245096172,-0.4,1.0104882
0,-1,0.625,1.178097245096172,-0.20000000000000007,1.0127505
0,-1,0.625,1.178097245096172,0.0,1.0118928
0,-1,0.625,1.178097245096172,0.20000000000000007,1.0087055
0,-1,0.625,1.178097245096172,0.4,1.0055343
0,-1,0.625,1.178097245096172,0.6,1.0035223
0,-1,0.625,1.178097245096172,0.7999999999999999,1.002328
0,-1,0.625,1.178097245096172,1.0,1.001527
0,-1,0.625,1.4398966328953215,-1.0,0.97149926
0,-1,0.625,1.4398966328953215,-0.8,0.97864836
0,-1,0.625,1.4398966328953215,-0.6000000000000001,0.9984191
0,-1,0.625,1.4398966328953215,-0.4,1.0073085
0,-1,0.625,1.4398966328953215,-0.20000000000000007,1.0105458
0,-1,0.625,1.4398966328953215,0.0,1.0107744
0,-1,0.625,1.4398966328953215,0.20000000000000007,1.008455
0,-1,0.625,1.4398966328953215,0.4,1.0058165
0,-1,0.625,1.4398966328953215,0.6,1.0040706
0,-1,0.625,1.4398966328953215,0.7999999999999999,1.0029365
0,-1,0.625,1.4398966328953215,1.0,1.0020608
0,-1,0.625,1.7016960206944711,-1.0,0.96863514
0,-1,0.625,1.7016960206944711,-0.8,0.9791203
0,-1,0.625,1.7016960206944711,-0.6000000000000001,0.9975956
0,-1,0.625,1.7016960206944711,-0.4,1.0056458
0,-1,0.625,1.7016960206944711,-0.20000000000000007,1.0093285
0,-1,0.625,1.7016960206944711,0.0,1.01066
0,-1,0.625,1.7016960206944711,0.20000000000000007,1.009519
0,-1,0.625,1.7016960206944711,0.4,1.0073217
0,-1,0.625,1.7016960206944711,0.6,1.0054702
0,-1,0.625,1.7016960206944711,0.7999999999999999,1.004161
0,-1,0.625,1.7016960206944711,1.0,1.0031286
0,-1,0.625,1.9634954084936203,-1.0,0.96672314
0,-1,0.625,1.9634954084936203,-0.8,0.9806299
0,-1,0.625,1.9634954084936203,-0.6000000000000001,0.9987595
0,-1,0.625,1.9634954084936203,-0.4,1.0066124
0,-1,0.625,1.9634954084936203,-0.20000000000000007,1.0105562
0,-1,0.625,1.9634954084936203,0.0,1.0123683
0,-1,0.625,1.9634954084936203,0.20000000000000007,1.0117745
0,-1,0.625,1.9634954084936203,0.4,1.0096568
0,-1,0.625,1.9634954084936203,0.6,1.0074145
0,-1,0.625,1.9634954084936203,0.7999999999999999,1.0057193
0,-1,0.625,1.9634954084936203,1.0,1.0044514
0,-1,0.625,2.22529479629277,-1.0,0.9658261
0,-1,0.625,2.22529479629277,-0.8,0.9821477
0,-1,0.625,2.22529479629277,-0.6000000000000001,1.0002502
0,-1,0.625,2.22529479629277,-0.4,1.0081267
0,-1,0.625,2.22529479629277,-0.20000000000000007,1.0121226
0,-1,0.625,2.22529479629277,0.0,1.0139822
0,-1,0.625,2.22529479629277,0.20000000000000007,1.0135912
0,-1,0.625,2.22529479629277,0.4,1.0116073
0,-1,0.625,2.22529479629277,0.6,1.0091867
0,-1,0.625,2.22529479629277,0.7999999999999999,1.0072156
0,-1,0.625,2.22529479629277,1.0,1.0057408
0,-1,0.625,2.4870941840919194,-1.0,0.9655978
0,-1,0.625,2.4870941840919194,-0.8,0.98340386
0,-1,0.625,2.4870941840919194,-0.6000000000000001,1.0014201
0,-1,0.625,2.4870941840919194,-0.4,1.0092202
0,-1,0.625,2.4870941840919194,-0.20000000000000007,1.0130557
0,-1,0.625,2.4870941840919194,0.0,1.0147381
0,-1,0.625,2.4870941840919194,0.20000000000000007,1.0143905
0,-1,0.625,2.4870941840919194,0.4,1.0126016
0,-1,0.625,2.4870941840919194,0.6,1.0102535
0,-1,0.625,2.4870941840919194,0.7999999999999999,1.008224
0,-1,0.625,2.4870941840919194,1.0,1.0066862
0,-1,0.625,2.7488935718910685,-1.0,0.9657232
0,-1,0.625,2.7488935718910685,-0.8,0.9843309
0,-1,0.625,2.7488935718910685,-0.6000000000000001,1.0021878
0,-1,0.625,2.7488935718910685,-0.4,1.0098673
0,-1,0.625,2.7488935718910685,-0.20000000000000007,1.013423
0,-1,0.625,2.7488935718910685,0.0,1.014821
0,-1,0.625,2.7488935718910685,0.20000000000000007,1.0143989
0,-1,0.625,2.7488935718910685,0.4,1.0127488
0,-1,0.625,2.7488935718910685,0.6,1.0105778
0,-1,0.625,2.7488935718910685,0.7999999999999999,1.0086561
0,-1,0.625,2.7488935718910685,1.0,1.0071849
0,-1,0.625,3.010692959690218,-1.0,0.96600944
0,-1,0.625,3.010692959690218,-0.8,0.9849096
0,-1,0.625,3.010692959690218,-0.6000000000000001,1.0025774
0,-1,0.625,3.010692959690218,-0.4,1.0101647
0,-1,0.625,3.010692959690218,-0.20000000000000007,1.0133675
0,-1,0.625,3.010692959690218,0.0,1.014442
0,-1,0.625,3.010692959690218,0.20000000000000007,1.0139055
0,-1,0.625,3.010692959690218,0.4,1.0123508
0,-1,0.625,3.010692959690218,0.6,1.0103848
0,-1,0.625,3.010692959690218,0.7999999999999999,1.0086627
0,-1,0.625,3.010692959690218,1.0,1.0073419
0,-1,0.8,-3.0106929596902186,-1.0,0.9631377
0,-1,0.8,-3.0106929596902186,-0.8,0.98000336
0,-1,0.8,-3.0106929596902186,-0.6000000000000001,0.9986631
0,-1,0.8,-3.0106929596902186,-0.4,1.008552
0,-1,0.8,-3.0106929596902186,-0.20000000000000007,1.0126646
0,-1,0.8,-3.0106929596902186,0.0,1.0150459
0,-1,0.8,-3.0106929596902186,0.20000000000000007,1.0154492
0,-1,0.8,-3.0106929596902186,0.4,1.0144836
0,-1,0.8,-3.0106929596902186,0.6,1.0127492
0,-1,0.8,-3.0106929596902186,0.7999999999999999,1.0109046
0,-1,0.8,-3.0106929596902186,1.0,1.0093066
0,-1,0.8,-2.748893571891069,-1.0,0.9639608
0,-1,0.8,-2.748893571891069,-0.8,0.98040795
0,-1,0.8,-2.748893571891069,-0.6000000000000001,0.9994839
0,-1,0.8,-2.748893571891069,-0.4,1.0096337
0,-1,0.8,-2.748893571891069,-0.20000000000000007,1.013387
0,-1,0.8,-2.748893571891069,0.0,1.0154394
0,-1,0.8,-2.748893571891069,0.20000000000000007,1.0156807
0,-1,0.8,-2.748893571891069,0.4,1.014562
0,-1,0.8,-2.748893571891069,0.6,1.012692
0,-1,0.8,-2.748893571891069,0.7999999999999999,1.0107723
0,-1,0.8,-2.748893571891069,1.0,1.009154
0,-1,0.8,-2.4870941840919194,-1.0,0.96530724
0,-1,0.8,-2.4870941840919194,-0.8,0.9810732
0,-1,0.8,-2.4870941840919194,-0.6000000000000001,1.0019312
0,-1,0.8,-2.4870941840919194,-0.4,1.0122113
0,-1,0.8,-2.4870941840919194,-0.20000000000000007,1.0151579
0,-1,0.8,-2.4870941840919194,0.0,1.0164794
0,-1,0.8,-2.4870941840919194,0.20000000000000007,1.0163108
0,-1,0.8,-2.4870941840919194,0.4,1.0148325
0,-1,0.8,-2.4870941840919194,0.6,1.012669
0,-1,0.8,-2.4870941840919194,0.7999999999999999,1.0105906
0,-1,0.8,-2.4870941840919194,1.0,1.0089127
0,-1,0.8,-2.2252947962927703,-1.0,0.9678462
0,-1,0.8,-2.2252947962927703,-0.8,0.98286027
0,-1,0.8,-2.2252947962927703,-0.6000000000000001,1.0062042
0,-1,0.8,-2.2252947962927703,-0.4,1.0160354
0,-1,0.8,-2.2252947962927703,-0.20000000000000007,1.0179995
0,-1,0.8,-2.2252947962927703,0.0,1.0182369
0,-1,0.8,-2.2252947962927703,0.20000000000000007,1.0173603
0,-1,0.8,-2.2252947962927703,0.4,1.0153608
0,-1,0.8,-2.2252947962927703,0.6,1.0128299
0,-1,0.8,-2.2252947962927703,0.7999999999999999,1.0105425
0,-1,0.8,-2.2252947962927703,1.0,1.0087571
0,-1,0.8,-1.963495408493621,-1.0,0.9716008
0,-1,0.8,-1.963495408493621,-0.8,0.9853506
0,-1,0.8,-1.963495408493621,-0.6000000000000001,1.0097202
0,-1,0.8,-1.963495408493621,-0.4,1.0187817
0,-1,0.8,-1.963495408493621,-0.20000000000000007,1.0202332
0,-1,0.8,-1.963495408493621,0.0,1.0197986
0,-1,0.8,-1.963495408493621,0.20000000000000007,1.0184369
0,-1,0.8,-1.963495408493621,0.4,1.0160718
0,-1,0.8,-1.963495408493621,0.6,1.0132446
0,-1,0.8,-1.963495408493621,0.7999999999999999,1.0107197
0,-1,0.8,-1.963495408493621,1.0,1.0087734
0,-1,0.8,-1.7016960206944713,-1.0,0.9749252
0,-1,0.8,-1.7016960206944713,-0.8,0.98650414
0,-1,0.8,-1.7016960206944713,-0.6000000000000001,1.0106511
0,-1,0.8,-1.7016960206944713,-0.4,1.0192889
0,-1,0.8,-1.7016960206944713,-0.20000000000000007,1.0207199
0,-1,0.8,-1.7016960206944713,0.0,1.0203652
0,-1,0.8,-1.7016960206944713,0.20000000000000007,1.019178
0,-1,0.8,-1.7016960206944713,0.4,1.0168858
0,-1,0.8,-1.7016960206944713,0.6,1.013968
0,-1,0.8,-1.7016960206944713,0.7999999999999999,1.01122
0,-1,0.8,-1.7016960206944713,1.0,1.00906
0,-1,0.8,-1.439896632895322,-1.0,0.97586495
0,-1,0.8,-1.439896632895322,-0.8,0.9849849
0,-1,0.8,-1.439896632895322,-0.6000000000000001,1.008655
0,-1,0.8,-1.439896632895322,-0.4,1.0176611
0,-1,0.8,-1.439896632895322,-0.20000000000000007,1.0194907
0,-1,0.8,-1.439896632895322,0.0,1.0198874
0,-1,0.8,-1.439896632895322,0.20000000000000007,1.0194097
0,-1,0.8,-1.439896632895322,0.4,1.0176018
0,-1,0.8,-1.439896632895322,0.6,1.0149144
0,-1,0.8,-1.439896632895322,0.7999999999999999,1.0120908
0,-1,0.8,-1.439896632895322,1.0,1.0097053
0,-1,0.8,-1.1780972450961724,-1.0,0.9736955
0,-1,0.8,-1.1780972450961724,-0.8,0.9812855
0,-1,0.8,-1.1780972450961724,-0.6000000000000001,1.003541
0,-1,0.8,-1.1780972450961724,-0.4,1.0140203
0,-1,0.8,-1.1780972450961724,-0.20000000000000007,1.0168697
0,-1,0.8,-1.1780972450961724,0.0,1.0184504
0,-1,0.8,-1.1780972450961724,0.20000000000000007,1.0189277
0,-1,0.8,-1.1780972450961724,0.4,1.0178341
0,-1,0.8,-1.1780972450961724,0.6,1.0156655
0,-1,0.8,-1.1780972450961724,0.7999999999999999,1.0130416
0,-1,0.8,-1.1780972450961724,1.0,1.0105553
0,-1,0.8,-0.9162978572970231,-1.0,0.96944064
0,-1,0.8,-0.9162978572970231,-0.8,0.9778839
0,-1,0.8,-0.9162978572970231,-0.6000000000000001,0.9962974
0,-1,0.8,-0.9162978572970231,-0.4,1.0085963
0,-1,0.8,-0.9162978572970231,-0.20000000000000007,1.0132055
0,-1,0.8,-0.9162978572970231,0.0,1.0162001
0,-1,0.8,-0.9162978572970231,0.20000000000000007,1.0177618
0,-1,0.8,-0.9162978572970231,0.4,1.0174695
0,-1,0.8,-0.9162978572970231,0.6,1.0158931
0,-1,0.8,-0.9162978572970231,0.7999999999999999,1.0136251
0,-1,0.8,-0.9162978572970231,1.0,1.0112091
0,-1,0.8,-0.6544984694978737,-1.0,0.96537656
0,-1,0.8,-0.6544984694978737,-0.8,0.9766021
0,-1,0.8,-0.6544984694978737,-0.6000000000000001,0.9903099
0,-1,0.8,-0.6544984694978737,-0.4,1.002838
0,-1,0.8,-0.6544984694978737,-0.20000000000000007,1.0092696
0,-1,0.8,-0.6544984694978737,0.0,1.0137081
0,-1,0.8,-0.6544984694978737,0.20000000000000007,1.0163426
0,-1,0.8,-0.6544984694978737,0.4,1.0167929
0,-1,0.8,-0.6544984694978737,0.6,1.0156822
0,-1,0.8,-0.6544984694978737,0.7999999999999999,1.0136737
0,-1,0.8,-0.6544984694978737,1.0,1.0113312
0,-1,0.8,-0.39269908169872436,-1.0,0.9628729
0,-1,0.8,-0.39269908169872436,-0.8,0.97660923
0,-1,0.8,-0.39269908169872436,-0.6000000000000001,0.9877746
0,-1,0.8,-0.39269908169872436,-0.4,0.99945354
0,-1,0.8,-0.39269908169872436,-0.20000000000000007,1.0067996
0,-1,0.8,-0.39269908169872436,0.0,1.0121363
0,-1,0.8,-0.39269908169872436,0.20000000000000007,1.0153927
0,-1,0.8,-0.39269908169872436,0.4,1.0162035
0,-1,0.8,-0.39269908169872436,0.6,1.0152258
0,-1,0.8,-0.39269908169872436,0.7999999999999999,1.0131873
0,-1,0.8,-0.39269908169872436,1.0,1.0107363
0,-1,0.8,-0.1308996938995748,-1.0,0.9616454
0,-1,0.8,-0.1308996938995748,-0.8,0.9763355
0,-1,0.8,-0.1308996938995748,-0.6000000000000001,0.9882415
0,-1,0.8,-0.1308996938995748,-0.4,1.0000836
0,-1,0.8,-0.1308996938995748,-0.20000000000000007,1.0072688
0,-1,0.8,-0.1308996938995748,0.0,1.0123922
0,-1,0.8,-0.1308996938995748,0.20000000000000007,1.0152946
0,-1,0.8,-0.1308996938995748,0.4,1.0157021
0,-1,0.8,-0.1308996938995748,0.6,1.0142866
0,-1,0.8,-0.1308996938995748,0.7999999999999999,1.0118171
0,-1,0.8,-0.1308996938995748,1.0,1.0090789
0,-1,0.8,0.13089969389957457,-1.0,0.9618442
0,-1,0.8,0.13089969389957457,-0.8,0.974852
0,-1,0.8,0.13089969389957457,-0.6000000000000001,0.9911833
0,-1,0.8,0.13089969389957457,-0.4,1.004548
0,-1,0.8,0.13089969389957457,-0.20000000000000007,1.0106193
0,-1,0.8,0.13089969389957457,0.0,1.0141088
0,-1,0.8,0.13089969389957457,0.20000000000000007,1.0152956
0,-1,0.8,0.13089969389957457,0.4,1.0143372
0,-1,0.8,0.13089969389957457,0.6,1.0119361
0,-1,0.8,0.13089969389957457,0.7999999999999999,1.0089288
0,-1,0.8,0.13089969389957457,1.0,1.0061858
0,-1,0.8,0.3926990816987239,-1.0,0.9646215
0,-1,0.8,0.3926990816987239,-0.8,0.9729624
0,-1,0.8,0.3926990816987239,-0.6000000000000001,0.9959774
0,-1,0.8,0.3926990816987239,-0.4,1.010363
0,-1,0.8,0.3926990816987239,-0.20000000000000007,1.014625
0,-1,0.8,0.3926990816987239,0.0,1.0159202
0,-1,0.8,0.3926990816987239,0.20000000000000007,1.0147024
0,-1,0.8,0.3926990816987239,0.4,1.0116955
0,-1,0.8,0.3926990816987239,0.6,1.0082684
0,-1,0.8,0.3926990816987239,0.7999999999999999,1.005371
0,-1,0.8,0.3926990816987239,1.0,1.0033494
0,-1,0.8,0.6544984694978733,-1.0,0.9690935
0,-1,0.8,0.6544984694978733,-0.8,0.97332686
0,-1,0.8,0.6544984694978733,-0.6000000000000001,0.99926347
0,-1,0.8,0.6544984694978733,-0.4,1.0125694
0,-1,0.8,0.6544984694978733,-0.20000000000000007,1.0153543
0,-1,0.8,0.6544984694978733,0.0,1.0151967
0,-1,0.8,0.6544984694978733,0.20000000000000007,1.0126282
0,-1,0.8,0.6544984694978733,0.4,1.008767
0,-1,0.8,0.6544984694978733,0.6,1.005317
0,-1,0.8,0.6544984694978733,0.7999999999999999,1.0030462
0,-1,0.8,0.6544984694978733,1.0,1.0017726
0,-1,0.8,0.9162978572970226,-1.0,0.9714504
0,-1,0.8,0.9162978572970226,-0.8,0.97375363
0,-1,0.8,0.9162978572970226,-0.6000000000000001,0.9984496
0,-1,0.8,0.9162978572970226,-0.4,1.0110844
0,-1,0.8,0.9162978572970226,-0.20000000000000007,1.0136856
0,-1,0.8,0.9162978572970226,0.0,1.0131129
0,-1,0.8,0.9162978572970226,0.20000000000000007,1.0102273
0,-1,0.8,0.9162978572970226,0.4,1.0066328
0,-1,0.8,0.9162978572970226,0.6,1.0038328
0,-1,0.8,0.9162978572970226,0.7999999999999999,1.0021307
0,-1,0.8,0.9162978572970226,1.0,1.0012145
0,-1,0.8,1.178097245096172,-1.0,0.97014374
0,-1,0.8,1.178097245096172,-0.8,0.9714058
0,-1,0.8,1.178097245096172,-0.6000000000000001,0.9945076
0,-1,0.8,1.178097245096172,-0.4,1.0079188
0,-1,0.8,1.178097245096172,-0.20000000000000007,1.0116198
0,-1,0.8,1.178097245096172,0.0,1.011645
0,-1,0.8,1.178097245096172,0.20000000000000007,1.0090241
0,-1,0.8,1.178097245096172,0.4,1.0058392
0,-1,0.8,1.178097245096172,0.6,1.003477
0,-1,0.8,1.178097245096172,0.7999999999999999,1.0020342
0,-1,0.8,1.178097245096172,1.0,1.001209
0,-1,0.8,1.4398966328953215,-1.0,0.96693057
0,-1,0.8,1.4398966328953215,-0.8,0.96960646
0,-1,0.8,1.4398966328953215,-0.6000000000000001,0.9904263
0,-1,0.8,1.4398966328953215,-0.4,1.0031608
0,-1,0.8,1.4398966328953215,-0.20000000000000007,1.0083494
0,-1,0.8,1.4398966328953215,0.0,1.0100967
0,-1,0.8,1.4398966328953215,0.20000000000000007,1.0085182
0,-1,0.8,1.4398966328953215,0.4,1.005927
0,-1,0.8,1.4398966328953215,0.6,1.00392
0,-1,0.8,1.4398966328953215,0.7999999999999999,1.0026104
0,-1,0.8,1.4398966328953215,1.0,1.0017272
0,-1,0.8,1.7016960206944711,-1.0,0.9639252
0,-1,0.8,1.7016960206944711,-0.8,0.97063047
0,-1,0.8,1.7016960206944711,-0.6000000000000001,0.99007446
0,-1,0.8,1.7016960206944711,-0.4,1.0009155
0,-1,0.8,1.7016960206944711,-0.20000000000000007,1.005881
0,-1,0.8,1.7016960206944711,0.0,1.0087004
0,-1,0.8,1.7016960206944711,0.20000000000000007,1.0085272
0,-1,0.8,1.7016960206944711,0.4,1.0068822
0,-1,0.8,1.7016960206944711,0.6,1.0052688
0,-1,0.8,1.7016960206944711,0.7999999999999999,1.0040187
0,-1,0.8,1.7016960206944711,1.0,1.0029826
0,-1,0.8,1.9634954084936203,-1.0,0.96216005
0,-1,0.8,1.9634954084936203,-0.8,0.9728911
0,-1,0.8,1.9634954084936203,-0.6000000000000001,0.9920354
0,-1,0.8,1.9634954084936203,-0.4,1.0023409
0,-1,0.8,1.9634954084936203,-0.20000000000000007,1.0072217
0,-1,0.8,1.9634954084936203,0.0,1.0103569
0,-1,0.8,1.9634954084936203,0.20000000000000007,1.010767
0,-1,0.8,1.9634954084936203,0.4,1.009423
0,-1,0.8,1.9634954084936203,0.6,1.0076361
0,-1,0.8,1.9634954084936203,0.7999999999999999,1.0060879
0,-1,0.8,1.9634954084936203,1.0,1.0047895
0,-1,0.8,2.22529479629277,-1.0,0.96151525
0,-1,0.8,2.22529479629277,-0.8,0.97503966
0,-1,0.8,2.22529479629277,-0.6000000000000001,0.99418277
0,-1,0.8,2.22529479629277,-0.4,1.0044214
0,-1,0.8,2.22529479629277,-0.20000000000000007,1.0093282
0,-1,0.8,2.22529479629277,0.0,1.0125741
0,-1,0.8,2.22529479629277,0.20000000000000007,1.0132267
0,-1,0.8,2.22529479629277,0.4,1.0120078
0,-1,0.8,2.22529479629277,0.6,1.0100074
0,-1,0.8,2.22529479629277,0.7999999999999999,1.0081376
0,-1,0.8,2.22529479629277,1.0,1.0066017
0,-1,0.8,2.4870941840919194,-1.0,0.9615369
0,-1,0.8,2.4870941840919194,-0.8,0.9768431
0,-1,0.8,2.4870941840919194,-0.6000000000000001,0.99595785
0,-1,0.8,2.4870941840919194,-0.4,1.006024
0,-1,0.8,2.4870941840919194,-0.20000000000000007,1.0107945
0,-1,0.8,2.4870941840919194,0.0,1.0139277
0,-1,0.8,2.4870941840919194,0.20000000000000007,1.0146435
0,-1,0.8,2.4870941840919194,0.4,1.0135976
0,-1,0.8,2.4870941840919194,0.6,1.0116327
0,-1,0.8,2.4870941840919194,0.7999999999999999,1.0096346
0,-1,0.8,2.4870941840919194,1.0,1.0079664
0,-1,0.8,2.7488935718910685,-1.0,0.9619176
0,-1,0.8,2.7488935718910685,-0.8,0.9782834
0,-1,0.8,2.7488935718910685,-0.6000000000000001,0.997272
0,-1,0.8,2.7488935718910685,-0.4,1.0071315
0,-1,0.8,2.7488935718910685,-0.20000000000000007,1.0116898
0,-1,0.8,2.7488935718910685,0.0,1.0145966
0,-1,0.8,2.7488935718910685,0.20000000000000007,1.0152414
0,-1,0.8,2.7488935718910685,0.4,1.0142927
0,-1,0.8,2.7488935718910685,0.6,1.0124542
0,-1,0.8,2.7488935718910685,0.7999999999999999,1.0104947
0,-1,0.8,2.7488935718910685,1.0,1.0088106
0,-1,0.8,3.010692959690218,-1.0,0.96247864
0,-1,0.8,3.010692959690218,-0.8,0.9793363
0,-1,0.8,3.010692959690218,-0.6000000000000001,0.99812627
0,-1,0.8,3.010692959690218,-0.4,1.0078994
0,-1,0.8,3.010692959690218,-0.20000000000000007,1.0122371
0,-1,0.8,3.010692959690218,0.0,1.0148789
0,-1,0.8,3.010692959690218,0.20000000000000007,1.0154
0,-1,0.8,3.010692959690218,0.4,1.0144706
0,-1,0.8,3.010692959690218,0.6,1.0127258
0,-1,0.8,3.010692959690218,0.7999999999999999,1.0108513
0,-1,0.8,3.010692959690218,1.0,1.0092205
0,-1,2.95,-3.0106929596902186,-1.0,0.96428555
0,-1,2.95,-3.0106929596902186,-0.8,0.9770975
0,-1,2.95,-3.0106929596902186,-0.6000000000000001,0.98768014
0,-1,2.95,-3.0106929596902186,-0.4,0.9878528
0,-1,2.95,-3.0106929596902186,-0.20000000000000007,1.0071477
0,-1,2.95,-3.0106929596902186,0.0,1.0170151
0,-1,2.95,-3.0106929596902186,0.20000000000000007,1.0186329
0,-1,2.95,-3.0106929596902186,0.4,1.019652
0,-1,2.95,-3.0106929596902186,0.6,1.0194691
0,-1,2.95,-3.0106929596902186,0.7999999999999999,1.0181788
0,-1,2.95,-3.0106929596902186,1.0,1.0162822
0,-1,2.95,-2.748893571891069,-1.0,0.9621577
0,-1,2.95,-2.748893571891069,-0.8,0.97410756
0,-1,2.95,-2.748893571891069,-0.6000000000000001,0.98600316
0,-1,2.95,-2.748893571891069,-0.4,0.99404615
0,-1,2.95,-2.748893571891069,-0.20000000000000007,1.0183256
0,-1,2.95,-2.748893571891069,0.0,1.0215751
0,-1,2.95,-2.748893571891069,0.20000000000000007,1.0216851
0,-1,2.95,-2.748893571891069,0.4,1.0219015
0,-1,2.95,-2.748893571891069,0.6,1.0210929
0,-1,2.95,-2.748893571891069,0.7999999999999999,1.0192212
0,-1,2.95,-2.748893571891069,1.0,1.016853
0,-1,2.95,-2.4870941840919194,-1.0,0.9584423
0,-1,2.95,-2.4870941840919194,-0.8,0.9676601
0,-1,2.95,-2.4870941840919194,-0.6000000000000001,0.9830143
0,-1,2.95,-2.4870941840919194,-0.4,1.0106033
0,-1,2.95,-2.4870941840919194,-0.20000000000000007,1.0259897
0,-1,2.95,-2.4870941840919194,0.0,1.0252589
0,-1,2.95,-2.4870941840919194,0.20000000000000007,1.0246327
0,-1,2.95,-2.4870941840919194,0.4,1.0238863
0,-1,2.95,-2.4870941840919194,0.6,1.0223364
0,-1,2.95,-2.4870941840919194,0.7999999999999999,1.0199372
0,-1,2.95,-2.4870941840919194,1.0,1.0172086
0,-1,2.95,-2.2252947962927703,-1.0,0.95599747
0,-1,2.95,-2.2252947962927703,-0.8,0.9604543
0,-1,2.95,-2.2252947962927703,-0.6000000000000001,0.9857602
0,-1,2.95,-2.2252947962927703,-0.4,1.0253661
0,-1,2.95,-2.2252947962927703,-0.20000000000000007,1.0285846
0,-1,2.95,-2.2252947962927703,0.0,1.0273342
0,-1,2.95,-2.2252947962927703,0.20000000000000007,1.0262232
0,-1,2.95,-2.2252947962927703,0.4,1.0246466
0,-1,2.95,-2.2252947962927703,0.6,1.02258
0,-1,2.95,-2.2252947962927703,0.7999999999999999,1.019946
0,-1,2.95,-2.2252947962927703,1.0,1.0170956
0,-1,2.95,-1.963495408493621,-1.0,0.95599747
0,-1,2.95,-1.963495408493621,-0.8,0.95788455
0,-1,2.95,-1.963495408493621,-0.6000000000000001,1.0001856
0,-1,2.95,-1.963495408493621,-0.4,1.0279216
0,-1,2.95,-1.963495408493621,-0.20000000000000007,1.0291228
0,-1,2.95,-1.963495408493621,0.0,1.0279255
0,-1,2.95,-1.963495408493621,0.20000000000000007,1.0264938
0,-1,2.95,-1.963495408493621,0.4,1.0244575
0,-1,2.95,-1.963495408493621,0.6,1.0221726
0,-1,2.95,-1.963495408493621,0.7999999999999999,1.0195414
0,-1,2.95,-1.963495408493621,1.0,1.016705
0,-1,2.95,-1.7016960206944713,-1.0,0.95599747
0,-1,2.95,-1.7016960206944713,-0.8,0.9605462
0,-1,2.95,-1.7016960206944713,-0.6000000000000001,1.0048381
0,-1,2.95,-1.7016960206944713,-0.4,1.027366
0,-1,2.95,-1.7016960206944713,-0.20000000000000007,1.029105
0,-1,2.95,-1.7016960206944713,0.0,1.027959
0,-1,2.95,-1.7016960206944713,0.20000000000000007,1.0262995
0,-1,2.95,-1.7016960206944713,0.4,1.0240654
0,-1,2.95,-1.7016960206944713,0.6,1.0216907
0,-1,2.95,-1.7016960206944713,0.7999999999999999,1.0191072
0,-1,2.95,-1.7016960206944713,1.0,1.0163012
0,-1,2.95,-1.439896632895322,-1.0,0.95599747
0,-1,2.95,-1.439896632895322,-0.8,0.9637809
0,-1,2.95,-1.439896632895322,-0.6000000000000001,1.0052367
0,-1,2.95,-1.439896632895322,-0.4,1.0279762
0,-1,2.95,-1.439896632895322,-0.20000000000000007,1.0303844
0,-1,2.95,-1.439896632895322,0.0,1.0289632
0,-1,2.95,-1.439896632895322,0.20000000000000007,1.026774
0,-1,2.95,-1.439896632895322,0.4,1.0241567
0,-1,2.95,-1.439896632895322,0.6,1.0215317
0,-1,2.95,-1.439896632895322,0.7999999999999999,1.0188597
0,-1,2.95,-1.439896632895322,1.0,1.0160094
0,-1,2.95,-1.1780972450961724,-1.0,0.95599747
0,-1,2.95,-1.1780972450961724,-0.8,0.9615529
0,-1,2.95,-1.1780972450961724,-0.6000000000000001,1.0038472
0,-1,2.95,-1.1780972450961724,-0.4,1.0311798
0,-1,2.95,-1.1780972450961724,-0.20000000000000007,1.0337857
0,-1,2.95,-1.1780972450961724,0.0,1.0315676
0,-1,2.95,-1.1780972450961724,0.20000000000000007,1.0283066
0,-1,2.95,-1.1780972450961724,0.4,1.0248054
0,-1,2.95,-1.1780972450961724,0.6,1.0215936
0,-1,2.95,-1.1780972450961724,0.7999999999999999,1.0186236
0,-1,2.95,-1.1780972450961724,1.0,1.0156288
0,-1,2.95,-0.9162978572970231,-1.0,0.95599747
0,-1,2.95,-0.9162978572970231,-0.8,0.9589539
0,-1,2.95,-0.9162978572970231,-0.6000000000000001,1.0012535
0,-1,2.95,-0.9162978572970231,-0.4,1.0338808
0,-1,2.95,-0.9162978572970231,-0.20000000000000007,1.0378476
0,-1,2.95,-0.9162978572970231,0.0,1.0347933
0,-1,2.95,-0.9162978572970231,0.20000000000000007,1.0302627
0,-1,2.95,-0.9162978572970231,0.4,1.0255023
0,-1,2.95,-0.9162978572970231,0.6,1.0213757
0,-1,2.95,-0.9162978572970231,0.7999999999999999,1.0178752
0,-1,2.95,-0.9162978572970231,1.0,1.0146174
0,-1,2.95,-0.6544984694978737,-1.0,0.95599747
0,-1,2.95,-0.6544984694978737,-0.8,0.96041703
0,-1,2.95,-0.6544984694978737,-0.6000000000000001,0.9908622
0,-1,2.95,-0.6544984694978737,-0.4,1.0325428
0,-1,2.95,-0.6544984694978737,-0.20000000000000007,1.0404733
0,-1,2.95,-0.6544984694978737,0.0,1.0370171
0,-1,2.95,-0.6544984694978737,0.20000000000000007,1.0312377
0,-1,2.95,-0.6544984694978737,0.4,1.0249829
0,-1,2.95,-0.6544984694978737,0.6,1.01972
0,-1,2.95,-0.6544984694978737,0.7999999999999999,1.0155591
0,-1,2.95,-0.6544984694978737,1.0,1.0120248
0,-1,2.95,-0.39269908169872436,-1.0,0.9560759
0,-1,2.95,-0.39269908169872436,-0.8,0.9622142
0,-1,2.95,-0.39269908169872436,-0.6000000000000001,0.9815068
0,-1,2.95,-0.39269908169872436,-0.4,1.0281833
0,-1,2.95,-0.39269908169872436,-0.20000000000000007,1.0399604
0,-1,2.95,-0.39269908169872436,0.0,1.0359854
0,-1,2.95,-0.39269908169872436,0.20000000000000007,1.0286356
0,-1,2.95,-0.39269908169872436,0.4,1.0207976
0,-1,2.95,-0.39269908169872436,0.6,1.0147592
0,-1,2.95,-0.39269908169872436,0.7999999999999999,1.010541
0,-1,2.95,-0.39269908169872436,1.0,1.0074378
0,-1,2.95,-0.1308996938995748,-1.0,0.9563331
0,-1,2.95,-0.1308996938995748,-0.8,0.96209544
0,-1,2.95,-0.1308996938995748,-0.6000000000000001,0.9733176
0,-1,2.95,-0.1308996938995748,-0.4,1.022118
0,-1,2.95,-0.1308996938995748,-0.20000000000000007,1.0329448
0,-1,2.95,-0.1308996938995748,0.0,1.0277444
0,-1,2.95,-0.1308996938995748,0.20000000000000007,1.0192851
0,-1,2.95,-0.1308996938995748,0.4,1.0119914
0,-1,2.95,-0.1308996938995748,0.6,1.0075307
0,-1,2.95,-0.1308996938995748,0.7999999999999999,1.004973
0,-1,2.95,-0.1308996938995748,1.0,1.0033635
0,-1,2.95,0.13089969389957457,-1.0,0.95599747
0,-1,2.95,0.13089969389957457,-0.8,0.95951796
0,-1,2.95,0.13089969389957457,-0.6000000000000001,0.96775365
0,-1,2.95,0.13089969389957457,-0.4,1.0114449
0,-1,2.95,0.13089969389957457,-0.20000000000000007,1.0169212
0,-1,2.95,0.13089969389957457,0.0,1.0128855
0,-1,2.95,0.13089969389957457,0.20000000000000007,1.0078492
0,-1,2.95,0.13089969389957457,0.4,1.0045549
0,-1,2.95,0.13089969389957457,0.6,1.0028819
0,-1,2.95,0.13089969389957457,0.7999999999999999,1.0019877
0,-1,2.95,0.13089969389957457,1.0,1.0014205
0,-1,2.95,0.3926990816987239,-1.0,0.95599747
0,-1,2.95,0.3926990816987239,-0.8,0.9570864
0,-1,2.95,0.3926990816987239,-0.6000000000000001,0.9650981
0,-1,2.95,0.3926990816987239,-0.4,1.0036465
0,-1,2.95,0.3926990816987239,-0.20000000000000007,1.0056599
0,-1,2.95,0.3926990816987239,0.0,1.0040811
0,-1,2.95,0.3926990816987239,0.20000000000000007,1.0025324
0,-1,2.95,0.3926990816987239,0.4,1.00164
0,-1,2.95,0.3926990816987239,0.6,1.0011868
0,-1,2.95,0.3926990816987239,0.7999999999999999,1.0009087
0,-1,2.95,0.3926990816987239,1.0,1.0007011
0,-1,2.95,0.6544984694978733,-1.0,0.95599747
0,-1,2.95,0.6544984694978733,-0.8,0.9562435
0,-1,2.95,0.6544984694978733,-0.6000000000000001,0.96147114
0,-1,2.95,0.6544984694978733,-0.4,1.0000757
0,-1,2.95,0.6544984694978733,-0.20000000000000007,1.0022718
0,-1,2.95,0.6544984694978733,0.0,1.0016284
0,-1,2.95,0.6544984694978733,0.20000000000000007,1.0011021
0,-1,2.95,0.6544984694978733,0.4,1.0008246
0,-1,2.95,0.6544984694978733,0.6,1.0006694
0,-1,2.95,0.6544984694978733,0.7999999999999999,1.0005488
0,-1,2.95,0.6544984694978733,1.0,1.0004432
0,-1,2.95,0.9162978572970226,-1.0,0.95599747
0,-1,2.95,0.9162978572970226,-0.8,0.9567222
0,-1,2.95,0.9162978572970226,-0.6000000000000001,0.9570453
0,-1,2.95,0.9162978572970226,-0.4,0.9938154
0,-1,2.95,0.9162978572970226,-0.20000000000000007,1.0013146
0,-1,2.95,0.9162978572970226,0.0,1.0011019
0,-1,2.95,0.9162978572970226,0.20000000000000007,1.0007987
0,-1,2.95,0.9162978572970226,0.4,1.0006422
0,-1,2.95,0.9162978572970226,0.6,1.000542
0,-1,2.95,0.9162978572970226,0.7999999999999999,1.0004524
0,-1,2.95,0.9162978572970226,1.0,1.0003705
0,-1,2.95,1.178097245096172,-1.0,0.95599747
0,-1,2.95,1.178097245096172,-0.8,0.9593336
0,-1,2.95,1.178097245096172,-0.6000000000000001,0.95831317
0,-1,2.95,1.178097245096172,-0.4,0.9738801
0,-1,2.95,1.178097245096172,-0.20000000000000007,0.99922353
0,-1,2.95,1.178097245096172,0.0,1.0010637
0,-1,2.95,1.178097245096172,0.20000000000000007,1.0008836
0,-1,2.95,1.178097245096172,0.4,1.0007344
0,-1,2.95,1.178097245096172,0.6,1.000617
0,-1,2.95,1.178097245096172,0.7999999999999999,1.0005083
0,-1,2.95,1.178097245096172,1.0,1.0004133
0,-1,2.95,1.4398966328953215,-1.0,0.9577542
0,-1,2.95,1.4398966328953215,-0.8,0.96439314
0,-1,2.95,1.4398966328953215,-0.6000000000000001,0.9629183
0,-1,2.95,1.4398966328953215,-0.4,0.96027726
0,-1,2.95,1.4398966328953215,-0.20000000000000007,0.9861279
0,-1,2.95,1.4398966328953215,0.0,0.9994115
0,-1,2.95,1.4398966328953215,0.20000000000000007,1.001071
0,-1,2.95,1.4398966328953215,0.4,1.0011394
0,-1,2.95,1.4398966328953215,0.6,1.000975
0,-1,2.95,1.4398966328953215,0.7999999999999999,1.0007887
0,-1,2.95,1.4398966328953215,1.0,1.0006274
0,-1,2.95,1.7016960206944711,-1.0,0.960542
0,-1,2.95,1.7016960206944711,-0.8,0.96775246
0,-1,2.95,1.7016960206944711,-0.6000000000000001,0.9669342
0,-1,2.95,1.7016960206944711,-0.4,0.9642541
0,-1,2.95,1.7016960206944711,-0.20000000000000007,0.9715705
0,-1,2.95,1.7016960206944711,0.0,0.99136454
0,-1,2.95,1.7016960206944711,0.20000000000000007,0.99921554
0,-1,2.95,1.7016960206944711,0.4,1.0016705
0,-1,2.95,1.7016960206944711,0.6,1.0019273
0,-1,2.95,1.7016960206944711,0.7999999999999999,1.0016476
0,-1,2.95,1.7016960206944711,1.0,1.0012981
0,-1,2.95,1.9634954084936203,-1.0,0.96278447
0,-1,2.95,1.9634954084936203,-0.8,0.9687116
0,-1,2.95,1.9634954084936203,-0.6000000000000001,0.9728256
0,-1,2.95,1.9634954084936203,-0.4,0.9736655
0,-1,2.95,1.9634954084936203,-0.20000000000000007,0.97345996
0,-1,2.95,1.9634954084936203,0.0,0.9877851
0,-1,2.95,1.9634954084936203,0.20000000000000007,0.9993238
0,-1,2.95,1.9634954084936203,0.4,1.0031147
0,-1,2.95,1.9634954084936203,0.6,1.0037961
0,-1,2.95,1.9634954084936203,0.7999999999999999,1.003585
0,-1,2.95,1.9634954084936203,1.0,1.002993
0,-1,2.95,2.22529479629277,-1.0,0.96408534
0,-1,2.95,2.22529479629277,-0.8,0.97023124
0,-1,2.95,2.22529479629277,-0.6000000000000001,0.9804775
0,-1,2.95,2.22529479629277,-0.4,0.9810381
0,-1,2.95,2.22529479629277,-0.20000000000000007,0.9796953
0,-1,2.95,2.22529479629277,0.0,0.99084145
0,-1,2.95,2.22529479629277,0.20000000000000007,1.0033214
0,-1,2.95,2.22529479629277,0.4,1.0079969
0,-1,2.95,2.22529479629277,0.6,1.0082921
0,-1,2.95,2.22529479629277,0.7999999999999999,1.0075116
0,-1,2.95,2.22529479629277,1.0,1.0063702
0,-1,2.95,2.4870941840919194,-1.0,0.9647748
0,-1,2.95,2.4870941840919194,-0.8,0.9729624
0,-1,2.95,2.4870941840919194,-0.6000000000000001,0.98478097
0,-1,2.95,2.4870941840919194,-0.4,0.9840431
0,-1,2.95,2.4870941840919194,-0.20000000000000007,0.9838476
0,-1,2.95,2.4870941840919194,0.0,0.9967157
0,-1,2.95,2.4870941840919194,0.20000000000000007,1.0080663
0,-1,2.95,2.4870941840919194,0.4,1.0124121
0,-1,2.95,2.4870941840919194,0.6,1.0127238
0,-1,2.95,2.4870941840919194,0.7999999999999999,1.0118022
0,-1,2.95,2.4870941840919194,1.0,1.0104027
0,-1,2.95,2.7488935718910685,-1.0,0.9650779
0,-1,2.95,2.7488935718910685,-0.8,0.97563106
0,-1,2.95,2.7488935718910685,-0.6000000000000001,0.9869458
0,-1,2.95,2.7488935718910685,-0.4,0.98518443
0,-1,2.95,2.7488935718910685,-0.20000000000000007,0.98832375
0,-1,2.95,2.7488935718910685,0.0,1.0037128
0,-1,2.95,2.7488935718910685,0.20000000000000007,1.012352
0,-1,2.95,2.7488935718910685,0.4,1.0155048
0,-1,2.95,2.7488935718910685,0.6,1.0158042
0,-1,2.95,2.7488935718910685,0.7999999999999999,1.014942
0,-1,2.95,2.7488935718910685,1.0,1.0134934
0,-1,2.95,3.010692959690218,-1.0,0.9650094
0,-1,2.95,3.010692959690218,-0.8,0.9772639
0,-1,2.95,3.010692959690218,-0.6000000000000001,0.98785806
0,-1,2.95,3.010692959690218,-0.4,0.98606807
0,-1,2.95,3.010692959690218,-0.20000000000000007,0.99583167
0,-1,2.95,3.010692959690218,0.0,1.0109972
0,-1,2.95,3.010692959690218,0.20000000000000007,1.0158206
0,-1,2.95,3.010692959690218,0.4,1.0177499
0,-1,2.95,3.010692959690218,0.6,1.0179085
0,-1,2.95,3.010692959690218,0.7999999999999999,1.0169662
0,-1,2.95,3.010692959690218,1.0,1.0153841
0,1,0.25,-3.0106929596902186,-1.0,0.9814556
0,1,0.25,-3.0106929596902186,-0.8,0.9964048
0,1,0.25,-3.0106929596902186,-0.6000000000000001,1.004001
0,1,0.25,-3.0106929596902186,-0.4,1.0083498
0,1,0.25,-3.0106929596902186,-0.20000000000000007,1.0085834
0,1,0.25,-3.0106929596902186,0.0,1.0035003
0,1,0.25,-3.0106929596902186,0.20000000000000007,0.9946925
0,1,0.25,-3.0106929596902186,0.4,0.98543596
0,1,0.25,-3.0106929596902186,0.6,0.9782701
0,1,0.25,-3.0106929596902186,0.7999999999999999,0.973496
0,1,0.25,-3.0106929596902186,1.0,0.9705661
0,1,0.25,-2.748893571891069,-1.0,0.97647214
0,1,0.25,-2.748893571891069,-0.8,0.9922424
0,1,0.25,-2.748893571891069,-0.6000000000000001,1.0024319
0,1,0.25,-2.748893571891069,-0.4,1.0080856
0,1,0.25,-2.748893571891069,-0.20000000000000007,1.0088528
0,1,0.25,-2.748893571891069,0.0,1.0037469
0,1,0.25,-2.748893571891069,0.20000000000000007,0.99457693
0,1,0.25,-2.748893571891069,0.4,0.98505193
0,1,0.25,-2.748893571891069,0.6,0.97784394
0,1,0.25,-2.748893571891069,0.7999999999999999,0.9731226
0,1,0.25,-2.748893571891069,1.0,0.9701883
0,1,0.25,-2.4870941840919194,-1.0,0.97130567
0,1,0.25,-2.4870941840919194,-0.8,0.98683304
0,1,0.25,-2.4870941840919194,-0.6000000000000001,0.9997682
0,1,0.25,-2.4870941840919194,-0.4,1.0072684
0,1,0.25,-2.4870941840919194,-0.20000000000000007,1.0089679
0,1,0.25,-2.4870941840919194,0.0,1.0041401
0,1,0.25,-2.4870941840919194,0.20000000000000007,0.9947973
0,1,0.25,-2.4870941840919194,0.4,0.9850536
0,1,0.25,-2.4870941840919194,0.6,0.97772175
0,1,0.25,-2.4870941840919194,0.7999999999999999,0.97291523
0,1,0.25,-2.4870941840919194,1.0,0.96989673
0,1,0.25,-2.2252947962927703,-1.0,0.96699995
0,1,0.25,-2.2252947962927703,-0.8,0.98137397
0,1,0.25,-2.2252947962927703,-0.6000000000000001,0.99625444
0,1,0.25,-2.2252947962927703,-0.4,1.0058756
0,1,0.25,-2.2252947962927703,-0.20000000000000007,1.0089715
0,1,0.25,-2.2252947962927703,0.0,1.0048603
0,1,0.25,-2.2252947962927703,0.20000000000000007,0.99563336
0,1,0.25,-2.2252947962927703,0.4,0.98568106
0,1,0.25,-2.2252947962927703,0.6,0.9780354
0,1,0.25,-2.2252947962927703,0.7999999999999999,0.97289085
0,1,0.25,-2.2252947962927703,1.0,0.9697287
0,1,0.25,-1.963495408493621,-1.0,0.9642312
0,1,0.25,-1.963495408493621,-0.8,0.97757584
0,1,0.25,-1.963495408493621,-0.6000000000000001,0.9934321
0,1,0.25,-1.963495408493621,-0.4,1.0047807
0,1,0.25,-1.963495408493621,-0.20000000000000007,1.0094544
0,1,0.25,-1.963495408493621,0.0,1.0064759
0,1,0.25,-1.963495408493621,0.20000000000000007,0.9977176
0,1,0.25,-1.963495408493621,0.4,0.98748976
0,1,0.25,-1.963495408493621,0.6,0.9791693
0,1,0.25,-1.963495408493621,0.7999999999999999,0.9732507
0,1,0.25,-1.963495408493621,1.0,0.9697893
0,1,0.25,-1.7016960206944713,-1.0,0.96330756
0,1,0.25,-1.7016960206944713,-0.8,0.97681636
0,1,0.25,-1.7016960206944713,-0.6000000000000001,0.99337083
0,1,0.25,-1.7016960206944713,-0.4,1.0054742
0,1,0.25,-1.7016960206944713,-0.20000000000000007,1.0112222
0,1,0.25,-1.7016960206944713,0.0,1.0094423
0,1,0.25,-1.7016960206944713,0.20000000000000007,1.0015031
0,1,0.25,-1.7016960206944713,0.4,0.9910939
0,1,0.25,-1.7016960206944713,0.6,0.9817657
0,1,0.25,-1.7016960206944713,0.7999999999999999,0.97478837
0,1,0.25,-1.7016960206944713,1.0,0.970331
0,1,0.25,-1.439896632895322,-1.0,0.9646661
0,1,0.25,-1.439896632895322,-0.8,0.98011035
0,1,0.25,-1.439896632895322,-0.6000000000000001,0.9969578
0,1,0.25,-1.439896632895322,-0.4,1.0084486
0,1,0.25,-1.439896632895322,-0.20000000000000007,1.0141376
0,1,0.25,-1.439896632895322,0.0,1.0130821
0,1,0.25,-1.439896632895322,0.20000000000000007,1.0061907
0,1,0.25,-1.439896632895322,0.4,0.99620074
0,1,0.25,-1.439896632895322,0.6,0.986166
0,1,0.25,-1.439896632895322,0.7999999999999999,0.9779177
0,1,0.25,-1.439896632895322,1.0,0.97181493
0,1,0.25,-1.1780972450961724,-1.0,0.9689563
0,1,0.25,-1.1780972450961724,-0.8,0.98737174
0,1,0.25,-1.1780972450961724,-0.6000000000000001,1.0029426
0,1,0.25,-1.1780972450961724,-0.4,1.0124749
0,1,0.25,-1.1780972450961724,-0.20000000000000007,1.0170659
0,1,0.25,-1.1780972450961724,0.0,1.0160869
0,1,0.25,-1.1780972450961724,0.20000000000000007,1.0101503
0,1,0.25,-1.1780972450961724,0.4,1.0011916
0,1,0.25,-1.1780972450961724,0.6,0.9914014
0,1,0.25,-1.1780972450961724,0.7999999999999999,0.98247415
0,1,0.25,-1.1780972450961724,1.0,0.9752092
0,1,0.25,-0.9162978572970231,-1.0,0.9760571
0,1,0.25,-0.9162978572970231,-0.8,0.9962639
0,1,0.25,-0.9162978572970231,-0.6000000000000001,1.0088547
0,1,0.25,-0.9162978572970231,-0.4,1.0158678
0,1,0.25,-0.9162978572970231,-0.20000000000000007,1.0190456
0,1,0.25,-0.9162978572970231,0.0,1.0178266
0,1,0.25,-0.9162978572970231,0.20000000000000007,1.0125594
0,1,0.25,-0.9162978572970231,0.4,1.0046479
0,1,0.25,-0.9162978572970231,0.6,0.9956603
0,1,0.25,-0.9162978572970231,0.7999999999999999,0.98691446
0,1,0.25,-0.9162978572970231,1.0,0.9792021
0,1,0.25,-0.6544984694978737,-1.0,0.98400766
0,1,0.25,-0.6544984694978737,-0.8,1.0036463
0,1,0.25,-0.6544984694978737,-0.6000000000000001,1.0128527
0,1,0.25,-0.6544984694978737,-0.4,1.0177256
0,1,0.25,-0.6544984694978737,-0.20000000000000007,1.0198201
0,1,0.25,-0.6544984694978737,0.0,1.0183876
0,1,0.25,-0.6544984694978737,0.20000000000000007,1.0135226
0,1,0.25,-0.6544984694978737,0.4,1.006303
0,1,0.25,-0.6544984694978737,0.6,0.9979753
0,1,0.25,-0.6544984694978737,0.7999999999999999,0.9896305
0,1,0.25,-0.6544984694978737,1.0,0.9820249
0,1,0.25,-0.39269908169872436,-1.0,0.9903762
0,1,0.25,-0.39269908169872436,-0.8,1.0081081
0,1,0.25,-0.39269908169872436,-0.6000000000000001,1.0145946
0,1,0.25,-0.39269908169872436,-0.4,1.0180794
0,1,0.25,-0.39269908169872436,-0.20000000000000007,1.0195776
0,1,0.25,-0.39269908169872436,0.0,1.0180393
0,1,0.25,-0.39269908169872436,0.20000000000000007,1.0133606
0,1,0.25,-0.39269908169872436,0.4,1.0064322
0,1,0.25,-0.39269908169872436,0.6,0.998354
0,1,0.25,-0.39269908169872436,0.7999999999999999,0.99016994
0,1,0.25,-0.39269908169872436,1.0,0.98271304
0,1,0.25,-0.1308996938995748,-1.0,0.9940622
0,1,0.25,-0.1308996938995748,-0.8,1.0100106
0,1,0.25,-0.1308996938995748,-0.6000000000000001,1.0146607
0,1,0.25,-0.1308996938995748,-0.4,1.017423
0,1,0.25,-0.1308996938995748,-0.20000000000000007,1.0187054
0,1,0.25,-0.1308996938995748,0.0,1.0171226
0,1,0.25,-0.1308996938995748,0.20000000000000007,1.0124346
0,1,0.25,-0.1308996938995748,0.4,1.0054325
0,1,0.25,-0.1308996938995748,0.6,0.9971993
0,1,0.25,-0.1308996938995748,0.7999999999999999,0.9889345
0,1,0.25,-0.1308996938995748,1.0,0.981631
0,1,0.25,0.13089969389957457,-1.0,0.9950127
0,1,0.25,0.13089969389957457,-0.8,1.0101608
0,1,0.25,0.13089969389957457,-0.6000000000000001,1.0138661
0,1,0.25,0.13089969389957457,-0.4,1.0164747
0,1,0.25,0.13089969389957457,-0.20000000000000007,1.0177898
0,1,0.25,0.13089969389957457,0.0,1.0161171
0,1,0.25,0.13089969389957457,0.20000000000000007,1.011158
0,1,0.25,0.13089969389957457,0.4,1.0036851
0,1,0.25,0.13089969389957457,0.6,0.99494743
0,1,0.25,0.13089969389957457,0.7999999999999999,0.9865298
0,1,0.25,0.13089969389957457,1.0,0.9794887
0,1,0.25,0.3926990816987239,-1.0,0.9934342
0,1,0.25,0.3926990816987239,-0.8,1.0089812
0,1,0.25,0.3926990816987239,-0.6000000000000001,1.0128669
0,1,0.25,0.3926990816987239,-0.4,1.0157934
0,1,0.25,0.3926990816987239,-0.20000000000000007,1.0170903
0,1,0.25,0.3926990816987239,0.0,1.0150105
0,1,0.25,0.3926990816987239,0.20000000000000007,1.0093077
0,1,0.25,0.3926990816987239,0.4,1.0008148
0,1,0.25,0.3926990816987239,0.6,0.99124074
0,1,0.25,0.3926990816987239,0.7999999999999999,0.9826848
0,1,0.25,0.3926990816987239,1.0,0.97591704
0,1,0.25,0.6544984694978733,-1.0,0.9900046
0,1,0.25,0.6544984694978733,-0.8,1.0063967
0,1,0.25,0.6544984694978733,-0.6000000000000001,1.0115595
0,1,0.25,0.6544984694978733,-0.4,1.0149415
0,1,0.25,0.6544984694978733,-0.20000000000000007,1.0158305
0,1,0.25,0.6544984694978733,0.0,1.0128433
0,1,0.25,0.6544984694978733,0.20000000000000007,1.0058432
0,1,0.25,0.6544984694978733,0.4,0.9959076
0,1,0.25,0.6544984694978733,0.6,0.98564786
0,1,0.25,0.6544984694978733,0.7999999999999999,0.97738504
0,1,0.25,0.6544984694978733,1.0,0.9717707
0,1,0.25,0.9162978572970226,-1.0,0.9866703
0,1,0.25,0.9162978572970226,-0.8,1.0030547
0,1,0.25,0.9162978572970226,-0.6000000000000001,1.0096483
0,1,0.25,0.9162978572970226,-0.4,1.013379
0,1,0.25,0.9162978572970226,-0.20000000000000007,1.0136242
0,1,0.25,0.9162978572970226,0.0,1.0094966
0,1,0.25,0.9162978572970226,0.20000000000000007,1.0011249
0,1,0.25,0.9162978572970226,0.4,0.9902079
0,1,0.25,0.9162978572970226,0.6,0.9802499
0,1,0.25,0.9162978572970226,0.7999999999999999,0.97304624
0,1,0.25,0.9162978572970226,1.0,0.96865946
0,1,0.25,1.178097245096172,-1.0,0.98551446
0,1,0.25,1.178097245096172,-0.8,1.0011417
0,1,0.25,1.178097245096172,-0.6000000000000001,1.0082368
0,1,0.25,1.178097245096172,-0.4,1.0119666
0,1,0.25,1.178097245096172,-0.20000000000000007,1.0116185
0,1,0.25,1.178097245096172,0.0,1.006586
0,1,0.25,1.178097245096172,0.20000000000000007,0.9973633
0,1,0.25,1.178097245096172,0.4,0.9863276
0,1,0.25,1.178097245096172,0.6,0.9772029
0,1,0.25,1.178097245096172,0.7999999999999999,0.9713716
0,1,0.25,1.178097245096172,1.0,0.9673999
0,1,0.25,1.4398966328953215,-1.0,0.9866261
0,1,0.25,1.4398966328953215,-0.8,1.0014759
0,1,0.25,1.4398966328953215,-0.6000000000000001,1.0081942
0,1,0.25,1.4398966328953215,-0.4,1.0116061
0,1,0.25,1.4398966328953215,-0.20000000000000007,1.010852
0,1,0.25,1.4398966328953215,0.0,1.0053915
0,1,0.25,1.4398966328953215,0.20000000000000007,0.99594444
0,1,0.25,1.4398966328953215,0.4,0.98513216
0,1,0.25,1.4398966328953215,0.6,0.97654027
0,1,0.25,1.4398966328953215,0.7999999999999999,0.9713177
0,1,0.25,1.4398966328953215,1.0,0.9676247
0,1,0.25,1.7016960206944711,-1.0,0.98855764
0,1,0.25,1.7016960206944711,-0.8,1.0026041
0,1,0.25,1.7016960206944711,-0.6000000000000001,1.0085586
0,1,0.25,1.7016960206944711,-0.4,1.0116544
0,1,0.25,1.7016960206944711,-0.20000000000000007,1.0108223
0,1,0.25,1.7016960206944711,0.0,1.0054284
0,1,0.25,1.7016960206944711,0.20000000000000007,0.99624616
0,1,0.25,1.7016960206944711,0.4,0.9857454
0,1,0.25,1.7016960206944711,0.6,0.9773086
0,1,0.25,1.7016960206944711,0.7999999999999999,0.9721165
0,1,0.25,1.7016960206944711,1.0,0.968565
0,1,0.25,1.9634954084936203,-1.0,0.9900182
0,1,0.25,1.9634954084936203,-0.8,1.0031554
0,1,0.25,1.9634954084936203,-0.6000000000000001,1.0082737
0,1,0.25,1.9634954084936203,-0.4,1.011198
0,1,0.25,1.9634954084936203,-0.20000000000000007,1.0105482
0,1,0.25,1.9634954084936203,0.0,1.0054939
0,1,0.25,1.9634954084936203,0.20000000000000007,0.996847
0,1,0.25,1.9634954084936203,0.4,0.98686117
0,1,0.25,1.9634954084936203,0.6,0.9785823
0,1,0.25,1.9634954084936203,0.7999999999999999,0.9731993
0,1,0.25,1.9634954084936203,1.0,0.96968013
0,1,0.25,2.22529479629277,-1.0,0.9904997
0,1,0.25,2.22529479629277,-0.8,1.0028958
0,1,0.25,2.22529479629277,-0.6000000000000001,1.0073838
0,1,0.25,2.22529479629277,-0.4,1.010244
0,1,0.25,2.22529479629277,-0.20000000000000007,1.0098007
0,1,0.25,2.22529479629277,0.0,1.0050346
0,1,0.25,2.22529479629277,0.20000000000000007,0.99687225
0,1,0.25,2.22529479629277,0.4,0.98750764
0,1,0.25,2.22529479629277,0.6,0.979609
0,1,0.25,2.22529479629277,0.7999999999999999,0.9741804
0,1,0.25,2.22529479629277,1.0,0.9707044
0,1,0.25,2.4870941840919194,-1.0,0.9899332
0,1,0.25,2.4870941840919194,-0.8,1.0021216
0,1,0.25,2.4870941840919194,-0.6000000000000001,1.0064074
0,1,0.25,2.4870941840919194,-0.4,1.0092913
0,1,0.25,2.4870941840919194,-0.20000000000000007,1.0089726
0,1,0.25,2.4870941840919194,0.0,1.0042881
0,1,0.25,2.4870941840919194,0.20000000000000007,0.9963209
0,1,0.25,2.4870941840919194,0.4,0.987387
0,1,0.25,2.4870941840919194,0.6,0.9799108
0,1,0.25,2.4870941840919194,0.7999999999999999,0.9746478
0,1,0.25,2.4870941840919194,1.0,0.97131795
0,1,0.25,2.7488935718910685,-1.0,0.98829156
0,1,0.25,2.7488935718910685,-0.8,1.0009493
0,1,0.25,2.7488935718910685,-0.6000000000000001,1.0056058
0,1,0.25,2.7488935718910685,-0.4,1.0086776
0,1,0.25,2.7488935718910685,-0.20000000000000007,1.0084585
0,1,0.25,2.7488935718910685,0.0,1.0036912
0,1,0.25,2.7488935718910685,0.20000000000000007,0.99561834
0,1,0.25,2.7488935718910685,0.4,0.9867916
0,1,0.25,2.7488935718910685,0.6,0.9795606
0,1,0.25,2.7488935718910685,0.7999999999999999,0.97449857
0,1,0.25,2.7488935718910685,1.0,0.9713459
0,1,0.25,3.010692959690218,-1.0,0.9854808
0,1,0.25,3.010692959690218,-0.8,0.99917865
0,1,0.25,3.010692959690218,-0.6000000000000001,1.0049044
0,1,0.25,3.010692959690218,-0.4,1.0084305
0,1,0.25,3.010692959690218,-0.20000000000000007,1.0083708
0,1,0.25,3.010692959690218,0.0,1.0034424
0,1,0.25,3.010692959690218,0.20000000000000007,0.99505097
0,1,0.25,3.010692959690218,0.4,0.9860708
0,1,0.25,3.010692959690218,0.6,0.97891086
0,1,0.25,3.010692959690218,0.7999999999999999,0.97401065
0,1,0.25,3.010692959690218,1.0,0.9709986
0,1,0.35,-3.0106929596902186,-1.0,0.99266243
0,1,0.35,-3.0106929596902186,-0.8,1.0020895
0,1,0.35,-3.0106929596902186,-0.6000000000000001,1.001119
0,1,0.35,-3.0106929596902186,-0.4,1.0025647
0,1,0.35,-3.0106929596902186,-0.20000000000000007,1.0026526
0,1,0.35,-3.0106929596902186,0.0,0.9986689
0,1,0.35,-3.0106929596902186,0.20000000000000007,0.991102
0,1,0.35,-3.0106929596902186,0.4,0.98274726
0,1,0.35,-3.0106929596902186,0.6,0.9759748
0,1,0.35,-3.0106929596902186,0.7999999999999999,0.97107095
0,1,0.35,-3.0106929596902186,1.0,0.9681416
0,1,0.35,-2.748893571891069,-1.0,0.98942345
0,1,0.35,-2.748893571891069,-0.8,0.99997944
0,1,0.35,-2.748893571891069,-0.6000000000000001,1.0005213
0,1,0.35,-2.748893571891069,-0.4,1.0024906
0,1,0.35,-2.748893571891069,-0.20000000000000007,1.0027844
0,1,0.35,-2.748893571891069,0.0,0.9987009
0,1,0.35,-2.748893571891069,0.20000000000000007,0.99085885
0,1,0.35,-2.748893571891069,0.4,0.98230743
0,1,0.35,-2.748893571891069,0.6,0.9754757
0,1,0.35,-2.748893571891069,0.7999999999999999,0.97055167
0,1,0.35,-2.748893571891069,1.0,0.9676318
0,1,0.35,-2.4870941840919194,-1.0,0.9847272
0,1,0.35,-2.4870941840919194,-0.8,0.99631613
0,1,0.35,-2.4870941840919194,-0.6000000000000001,0.9991252
0,1,0.35,-2.4870941840919194,-0.4,1.0019692
0,1,0.35,-2.4870941840919194,-0.20000000000000007,1.002679
0,1,0.35,-2.4870941840919194,0.0,0.99870706
0,1,0.35,-2.4870941840919194,0.20000000000000007,0.99071956
0,1,0.35,-2.4870941840919194,0.4,0.981998
0,1,0.35,-2.4870941840919194,0.6,0.9750669
0,1,0.35,-2.4870941840919194,0.7999999999999999,0.9700791
0,1,0.35,-2.4870941840919194,1.0,0.9671461
0,1,0.35,-2.2252947962927703,-1.0,0.97933596
0,1,0.35,-2.2252947962927703,-0.8,0.9915016
0,1,0.35,-2.2252947962927703,-0.6000000000000001,0.9969
0,1,0.35,-2.2252947962927703,-0.4,1.0008477
0,1,0.35,-2.2252947962927703,-0.20000000000000007,1.0021639
0,1,0.35,-2.2252947962927703,0.0,0.99855804
0,1,0.35,-2.2252947962927703,0.20000000000000007,0.9906396
0,1,0.35,-2.2252947962927703,0.4,0.981839
0,1,0.35,-2.2252947962927703,0.6,0.9748032
0,1,0.35,-2.2252947962927703,0.7999999999999999,0.9697462
0,1,0.35,-2.2252947962927703,1.0,0.9667694
0,1,0.35,-1.963495408493621,-1.0,0.97485447
0,1,0.35,-1.963495408493621,-0.8,0.98717254
0,1,0.35,-1.963495408493621,-0.6000000000000001,0.9947448
0,1,0.35,-1.963495408493621,-0.4,0.99970484
0,1,0.35,-1.963495408493621,-0.20000000000000007,1.0016614
0,1,0.35,-1.963495408493621,0.0,0.99861765
0,1,0.35,-1.963495408493621,0.20000000000000007,0.99099475
0,1,0.35,-1.963495408493621,0.4,0.98215675
0,1,0.35,-1.963495408493621,0.6,0.9749201
0,1,0.35,-1.963495408493621,0.7999999999999999,0.9697232
0,1,0.35,-1.963495408493621,1.0,0.9665804
0,1,0.35,-1.7016960206944713,-1.0,0.97267246
0,1,0.35,-1.7016960206944713,-0.8,0.9854334
0,1,0.35,-1.7016960206944713,-0.6000000000000001,0.9942971
0,1,0.35,-1.7016960206944713,-0.4,0.99977416
0,1,0.35,-1.7016960206944713,-0.20000000000000007,1.0021586
0,1,0.35,-1.7016960206944713,0.0,0.99968225
0,1,0.35,-1.7016960206944713,0.20000000000000007,0.9924395
0,1,0.35,-1.7016960206944713,0.4,0.9834792
0,1,0.35,-1.7016960206944713,0.6,0.97578746
0,1,0.35,-1.7016960206944713,0.7999999999999999,0.9702218
0,1,0.35,-1.7016960206944713,1.0,0.966618
0,1,0.35,-1.439896632895322,-1.0,0.9735153
0,1,0.35,-1.439896632895322,-0.8,0.9878187
0,1,0.35,-1.439896632895322,-0.6000000000000001,0.9967375
0,1,0.35,-1.439896632895322,-0.4,1.0017449
0,1,0.35,-1.439896632895322,-0.20000000000000007,1.0040308
0,1,0.35,-1.439896632895322,0.0,1.0019332
0,1,0.35,-1.439896632895322,0.20000000000000007,0.9951131
0,1,0.35,-1.439896632895322,0.4,0.9860678
0,1,0.35,-1.439896632895322,0.6,0.9777382
0,1,0.35,-1.439896632895322,0.7999999999999999,0.97147626
0,1,0.35,-1.439896632895322,1.0,0.9671287
0,1,0.35,-1.1780972450961724,-1.0,0.9775416
0,1,0.35,-1.1780972450961724,-0.8,0.9941352
0,1,0.35,-1.1780972450961724,-0.6000000000000001,1.001437
0,1,0.35,-1.1780972450961724,-0.4,1.0048689
0,1,0.35,-1.1780972450961724,-0.20000000000000007,1.0064279
0,1,0.35,-1.1780972450961724,0.0,1.0044742
0,1,0.35,-1.1780972450961724,0.20000000000000007,0.99824715
0,1,0.35,-1.1780972450961724,0.4,0.98948985
0,1,0.35,-1.1780972450961724,0.6,0.9807324
0,1,0.35,-1.1780972450961724,0.7999999999999999,0.97363204
0,1,0.35,-1.1780972450961724,1.0,0.96854717
0,1,0.35,-0.9162978572970231,-1.0,0.983669
0,1,0.35,-0.9162978572970231,-0.8,1.0016347
0,1,0.35,-0.9162978572970231,-0.6000000000000001,1.0062715
0,1,0.35,-0.9162978572970231,-0.4,1.007777
0,1,0.35,-0.9162978572970231,-0.20000000000000007,1.0083469
0,1,0.35,-0.9162978572970231,0.0,1.0063121
0,1,0.35,-0.9162978572970231,0.20000000000000007,1.0007099
0,1,0.35,-0.9162978572970231,0.4,0.99265414
0,1,0.35,-0.9162978572970231,0.6,0.98402447
0,1,0.35,-0.9162978572970231,0.7999999999999999,0.9763851
0,1,0.35,-0.9162978572970231,1.0,0.9705224
0,1,0.35,-0.6544984694978737,-1.0,0.98963803
0,1,0.35,-0.6544984694978737,-0.8,1.0073181
0,1,0.35,-0.6544984694978737,-0.6000000000000001,1.0095342
0,1,0.35,-0.6544984694978737,-0.4,1.0095781
0,1,0.35,-0.6544984694978737,-0.20000000000000007,1.0093544
0,1,0.35,-0.6544984694978737,0.0,1.0071226
0,1,0.35,-0.6544984694978737,0.20000000000000007,1.0018965
0,1,0.35,-0.6544984694978737,0.4,0.9944995
0,1,0.35,-0.6544984694978737,0.6,0.9863505
0,1,0.35,-0.6544984694978737,0.7999999999999999,0.9787
0,1,0.35,-0.6544984694978737,1.0,0.97243
0,1,0.35,-0.39269908169872436,-1.0,0.9937665
0,1,0.35,-0.39269908169872436,-0.8,1.010401
0,1,0.35,-0.39269908169872436,-0.6000000000000001,1.010879
0,1,0.35,-0.39269908169872436,-0.4,1.0100504
0,1,0.35,-0.39269908169872436,-0.20000000000000007,1.0093719
0,1,0.35,-0.39269908169872436,0.0,1.0069871
0,1,0.35,-0.39269908169872436,0.20000000000000007,1.0019078
0,1,0.35,-0.39269908169872436,0.4,0.99484545
0,1,0.35,-0.39269908169872436,0.6,0.98704576
0,1,0.35,-0.39269908169872436,0.7999999999999999,0.9796016
0,1,0.35,-0.39269908169872436,1.0,0.97333926
0,1,0.35,-0.1308996938995748,-1.0,0.99551344
0,1,0.35,-0.1308996938995748,-0.8,1.0114309
0,1,0.35,-0.1308996938995748,-0.6000000000000001,1.0107956
0,1,0.35,-0.1308996938995748,-0.4,1.0095985
0,1,0.35,-0.1308996938995748,-0.20000000000000007,1.0088278
0,1,0.35,-0.1308996938995748,0.0,1.0064288
0,1,0.35,-0.1308996938995748,0.20000000000000007,1.0013688
0,1,0.35,-0.1308996938995748,0.4,0.9943164
0,1,0.35,-0.1308996938995748,0.6,0.98652595
0,1,0.35,-0.1308996938995748,0.7999999999999999,0.9791484
0,1,0.35,-0.1308996938995748,1.0,0.9730105
0,1,0.35,0.13089969389957457,-1.0,0.99475116
0,1,0.35,0.13089969389957457,-0.8,1.0108805
0,1,0.35,0.13089969389957457,-0.6000000000000001,1.0099918
0,1,0.35,0.13089969389957457,-0.4,1.0091176
0,1,0.35,0.13089969389957457,-0.20000000000000007,1.0086085
0,1,0.35,0.13089969389957457,0.0,1.0061797
0,1,0.35,0.13089969389957457,0.20000000000000007,1.0008118
0,1,0.35,0.13089969389957457,0.4,0.99326116
0,1,0.35,0.13089969389957457,0.6,0.98498803
0,1,0.35,0.13089969389957457,0.7999999999999999,0.97740036
0,1,0.35,0.13089969389957457,1.0,0.97132045
0,1,0.35,0.3926990816987239,-1.0,0.9915456
0,1,0.35,0.3926990816987239,-0.8,1.0085832
0,1,0.35,0.3926990816987239,-0.6000000000000001,1.0087763
0,1,0.35,0.3926990816987239,-0.4,1.0090036
0,1,0.35,0.3926990816987239,-0.20000000000000007,1.0087205
0,1,0.35,0.3926990816987239,0.0,1.0057535
0,1,0.35,0.3926990816987239,0.20000000000000007,0.99934584
0,1,0.35,0.3926990816987239,0.4,0.9905372
0,1,0.35,0.3926990816987239,0.6,0.9813449
0,1,0.35,0.3926990816987239,0.7999999999999999,0.97356606
0,1,0.35,0.3926990816987239,1.0,0.9677306
0,1,0.35,0.6544984694978733,-1.0,0.98699206
0,1,0.35,0.6544984694978733,-0.8,1.0042504
0,1,0.35,0.6544984694978733,-0.6000000000000001,1.0065464
0,1,0.35,0.6544984694978733,-0.4,1.0081954
0,1,0.35,0.6544984694978733,-0.20000000000000007,1.0078311
0,1,0.35,0.6544984694978733,0.0,1.0037609
0,1,0.35,0.6544984694978733,0.20000000000000007,0.9957188
0,1,0.35,0.6544984694978733,0.4,0.9854703
0,1,0.35,0.6544984694978733,0.6,0.97597504
0,1,0.35,0.6544984694978733,0.7999999999999999,0.9688476
0,1,0.35,0.6544984694978733,1.0,0.9645045
0,1,0.35,0.9162978572970226,-1.0,0.9836521
0,1,0.35,0.9162978572970226,-0.8,0.99971795
0,1,0.35,0.9162978572970226,-0.6000000000000001,1.0037103
0,1,0.35,0.9162978572970226,-0.4,1.006381
0,1,0.35,0.9162978572970226,-0.20000000000000007,1.0058419
0,1,0.35,0.9162978572970226,0.0,1.0007555
0,1,0.35,0.9162978572970226,0.20000000000000007,0.99138623
0,1,0.35,0.9162978572970226,0.4,0.9806034
0,1,0.35,0.9162978572970226,0.6,0.9718372
0,1,0.35,0.9162978572970226,0.7999999999999999,0.9660826
0,1,0.35,0.9162978572970226,1.0,0.96252537
0,1,0.35,1.178097245096172,-1.0,0.9834535
0,1,0.35,1.178097245096172,-0.8,0.9983986
0,1,0.35,1.178097245096172,-0.6000000000000001,1.0027384
0,1,0.35,1.178097245096172,-0.4,1.0055804
0,1,0.35,1.178097245096172,-0.20000000000000007,1.0047255
0,1,0.35,1.178097245096172,0.0,0.99902564
0,1,0.35,1.178097245096172,0.20000000000000007,0.9890478
0,1,0.35,1.178097245096172,0.4,0.97839826
0,1,0.35,1.178097245096172,0.6,0.97037464
0,1,0.35,1.178097245096172,0.7999999999999999,0.9655824
0,1,0.35,1.178097245096172,1.0,0.9622026
0,1,0.35,1.4398966328953215,-1.0,0.98583317
0,1,0.35,1.4398966328953215,-0.8,1.0003312
0,1,0.35,1.4398966328953215,-0.6000000000000001,1.003994
0,1,0.35,1.4398966328953215,-0.4,1.0064977
0,1,0.35,1.4398966328953215,-0.20000000000000007,1.0053749
0,1,0.35,1.4398966328953215,0.0,0.9995397
0,1,0.35,1.4398966328953215,0.20000000000000007,0.9895406
0,1,0.35,1.4398966328953215,0.4,0.97899145
0,1,0.35,1.4398966328953215,0.6,0.97115827
0,1,0.35,1.4398966328953215,0.7999999999999999,0.966568
0,1,0.35,1.4398966328953215,1.0,0.9632165
0,1,0.35,1.7016960206944711,-1.0,0.9889944
0,1,0.35,1.7016960206944711,-0.8,1.0027825
0,1,0.35,1.7016960206944711,-0.6000000000000001,1.0051762
0,1,0.35,1.7016960206944711,-0.4,1.0072705
0,1,0.35,1.7016960206944711,-0.20000000000000007,1.006226
0,1,0.35,1.7016960206944711,0.0,1.0008698
0,1,0.35,1.7016960206944711,0.20000000000000007,0.9914839
0,1,0.35,1.7016960206944711,0.4,0.98113227
0,1,0.35,1.7016960206944711,0.6,0.97314185
0,1,0.35,1.7016960206944711,0.7999999999999999,0.9682633
0,1,0.35,1.7016960206944711,1.0,0.964883
0,1,0.35,1.9634954084936203,-1.0,0.9917283
0,1,0.35,1.9634954084936203,-0.8,1.0040308
0,1,0.35,1.9634954084936203,-0.6000000000000001,1.0048224
0,1,0.35,1.9634954084936203,-0.4,1.0065702
0,1,0.35,1.9634954084936203,-0.20000000000000007,1.0058979
0,1,0.35,1.9634954084936203,0.0,1.0013481
0,1,0.35,1.9634954084936203,0.20000000000000007,0.9929983
0,1,0.35,1.9634954084936203,0.4,0.9833086
0,1,0.35,1.9634954084936203,0.6,0.9753463
0,1,0.35,1.9634954084936203,0.7999999999999999,0.9700465
0,1,0.35,1.9634954084936203,1.0,0.96660846
0,1,0.35,2.22529479629277,-1.0,0.9936779
0,1,0.35,2.22529479629277,-0.8,1.0042036
0,1,0.35,2.22529479629277,-0.6000000000000001,1.0035669
0,1,0.35,2.22529479629277,-0.4,1.0050415
0,1,0.35,2.22529479629277,-0.20000000000000007,1.0047125
0,1,0.35,2.22529479629277,0.0,1.0007638
0,1,0.35,2.22529479629277,0.20000000000000007,0.9932687
0,1,0.35,2.22529479629277,0.4,0.98442477
0,1,0.35,2.22529479629277,0.6,0.9768879
0,1,0.35,2.22529479629277,0.7999999999999999,0.97145057
0,1,0.35,2.22529479629277,1.0,0.9680688
0,1,0.35,2.4870941840919194,-1.0,0.994816
0,1,0.35,2.4870941840919194,-0.8,1.0039488
0,1,0.35,2.4870941840919194,-0.6000000000000001,1.0024081
0,1,0.35,2.4870941840919194,-0.4,1.0036812
0,1,0.35,2.4870941840919194,-0.20000000000000007,1.0035381
0,1,0.35,2.4870941840919194,0.0,0.99984616
0,1,0.35,2.4870941840919194,0.20000000000000007,0.99274737
0,1,0.35,2.4870941840919194,0.4,0.9844455
0,1,0.35,2.4870941840919194,0.6,0.9773528
0,1,0.35,2.4870941840919194,0.7999999999999999,0.97206265
0,1,0.35,2.4870941840919194,1.0,0.9688673
0,1,0.35,2.7488935718910685,-1.0,0.9951198
0,1,0.35,2.7488935718910685,-0.8,1.003601
0,1,0.35,2.7488935718910685,-0.6000000000000001,1.0017031
0,1,0.35,2.7488935718910685,-0.4,1.0028739
0,1,0.35,2.7488935718910685,-0.20000000000000007,1.0028158
0,1,0.35,2.7488935718910685,0.0,0.9991408
0,1,0.35,2.7488935718910685,0.20000000000000007,0.9920779
0,1,0.35,2.7488935718910685,0.4,0.98395777
0,1,0.35,2.7488935718910685,0.6,0.97710156
0,1,0.35,2.7488935718910685,0.7999999999999999,0.97201926
0,1,0.35,2.7488935718910685,1.0,0.9689395
0,1,0.35,3.010692959690218,-1.0,0.9944749
0,1,0.35,3.010692959690218,-0.8,1.0031034
0,1,0.35,3.010692959690218,-0.6000000000000001,1.0013691
0,1,0.35,3.010692959690218,-0.4,1.0025786
0,1,0.35,3.010692959690218,-0.20000000000000007,1.0025774
0,1,0.35,3.010692959690218,0.0,0.9987748
0,1,0.35,3.010692959690218,0.20000000000000007,0.991514
0,1,0.35,3.010692959690218,0.4,0.9833331
0,1,0.35,3.010692959690218,0.6,0.9765585
0,1,0.35,3.010692959690218,0.7999999999999999,0.97159797
0,1,0.35,3.010692959690218,1.0,0.9686125
0,1,0.47500000000000003,-3.0106929596902186,-1.0,0.99599075
0,1,0.47500000000000003,-3.0106929596902186,-0.8,1.0055766
0,1,0.47500000000000003,-3.0106929596902186,-0.6000000000000001,0.9985114
0,1,0.47500000000000003,-3.0106929596902186,-0.4,0.99739665
0,1,0.47500000000000003,-3.0106929596902186,-0.20000000000000007,0.997245
0,1,0.47500000000000003,-3.0106929596902186,0.0,0.99449724
0,1,0.47500000000000003,-3.0106929596902186,0.20000000000000007,0.9886494
0,1,0.47500000000000003,-3.0106929596902186,0.4,0.9813905
0,1,0.47500000000000003,-3.0106929596902186,0.6,0.9748497
0,1,0.47500000000000003,-3.0106929596902186,0.7999999999999999,0.9698296
0,1,0.47500000000000003,-3.0106929596902186,1.0,0.966541
0,1,0.47500000000000003,-2.748893571891069,-1.0,0.9944749
0,1,0.47500000000000003,-2.748893571891069,-0.8,1.0046719
0,1,0.47500000000000003,-2.748893571891069,-0.6000000000000001,0.9982791
0,1,0.47500000000000003,-2.748893571891069,-0.4,0.9972747
0,1,0.47500000000000003,-2.748893571891069,-0.20000000000000007,0.9972584
0,1,0.47500000000000003,-2.748893571891069,0.0,0.9944517
0,1,0.47500000000000003,-2.748893571891069,0.20000000000000007,0.9884007
0,1,0.47500000000000003,-2.748893571891069,0.4,0.9809282
0,1,0.47500000000000003,-2.748893571891069,0.6,0.9742606
0,1,0.47500000000000003,-2.748893571891069,0.7999999999999999,0.9692003
0,1,0.47500000000000003,-2.748893571891069,1.0,0.9659672
0,1,0.47500000000000003,-2.4870941840919194,-1.0,0.9913265
0,1,0.47500000000000003,-2.4870941840919194,-0.8,1.0020249
0,1,0.47500000000000003,-2.4870941840919194,-0.6000000000000001,0.99713224
0,1,0.47500000000000003,-2.4870941840919194,-0.4,0.99669117
0,1,0.47500000000000003,-2.4870941840919194,-0.20000000000000007,0.997019
0,1,0.47500000000000003,-2.4870941840919194,0.0,0.99430984
0,1,0.47500000000000003,-2.4870941840919194,0.20000000000000007,0.9881196
0,1,0.47500000000000003,-2.4870941840919194,0.4,0.98042387
0,1,0.47500000000000003,-2.4870941840919194,0.6,0.9736244
0,1,0.47500000000000003,-2.4870941840919194,0.7999999999999999,0.96854323
0,1,0.47500000000000003,-2.4870941840919194,1.0,0.9653938
0,1,0.47500000000000003,-2.2252947962927703,-1.0,0.9866926
0,1,0.47500000000000003,-2.2252947962927703,-0.8,0.9976278
0,1,0.47500000000000003,-2.2252947962927703,-0.6000000000000001,0.9948931
0,1,0.47500000000000003,-2.2252947962927703,-0.4,0.99526864
0,1,0.47500000000000003,-2.2252947962927703,-0.20000000000000007,0.9960513
0,1,0.47500000000000003,-2.2252947962927703,0.0,0.99362856
0,1,0.47500000000000003,-2.2252947962927703,0.20000000000000007,0.9875266
0,1,0.47500000000000003,-2.2252947962927703,0.4,0.9798179
0,1,0.47500000000000003,-2.2252947962927703,0.6,0.97303295
0,1,0.47500000000000003,-2.2252947962927703,0.7999999999999999,0.9680092
0,1,0.47500000000000003,-2.2252947962927703,1.0,0.9649255
0,1,0.47500000000000003,-1.963495408493621,-1.0,0.9818627
0,1,0.47500000000000003,-1.963495408493621,-0.8,0.9930051
0,1,0.47500000000000003,-1.963495408493621,-0.6000000000000001,0.99242336
0,1,0.47500000000000003,-1.963495408493621,-0.4,0.9933855
0,1,0.47500000000000003,-1.963495408493621,-0.20000000000000007,0.9944732
0,1,0.47500000000000003,-1.963495408493621,0.0,0.9924807
0,1,0.47500000000000003,-1.963495408493621,0.20000000000000007,0.9868248
0,1,0.47500000000000003,-1.963495408493621,0.4,0.97942775
0,1,0.47500000000000003,-1.963495408493621,0.6,0.9727819
0,1,0.47500000000000003,-1.963495408493621,0.7999999999999999,0.96781546
0,1,0.47500000000000003,-1.963495408493621,1.0,0.96465164
0,1,0.47500000000000003,-1.7016960206944713,-1.0,0.9787383
0,1,0.47500000000000003,-1.7016960206944713,-0.8,0.9905191
0,1,0.47500000000000003,-1.7016960206944713,-0.6000000000000001,0.99132043
0,1,0.47500000000000003,-1.7016960206944713,-0.4,0.99221677
0,1,0.47500000000000003,-1.7016960206944713,-0.20000000000000007,0.9932478
0,1,0.47500000000000003,-1.7016960206944713,0.0,0.9916472
0,1,0.47500000000000003,-1.7016960206944713,0.20000000000000007,0.98663145
0,1,0.47500000000000003,-1.7016960206944713,0.4,0.97973186
0,1,0.47500000000000003,-1.7016960206944713,0.6,0.973217
0,1,0.47500000000000003,-1.7016960206944713,0.7999999999999999,0.9681855
0,1,0.47500000000000003,-1.7016960206944713,1.0,0.96463174
0,1,0.47500000000000003,-1.439896632895322,-1.0,0.97853655
0,1,0.47500000000000003,-1.439896632895322,-0.8,0.99202055
0,1,0.47500000000000003,-1.439896632895322,-0.6000000000000001,0.99294204
0,1,0.47500000000000003,-1.439896632895322,-0.4,0.9927723
0,1,0.47500000000000003,-1.439896632895322,-0.20000000000000007,0.9931982
0,1,0.47500000000000003,-1.439896632895322,0.0,0.9916594
0,1,0.47500000000000003,-1.439896632895322,0.20000000000000007,0.98713255
0,1,0.47500000000000003,-1.439896632895322,0.4,0.98074824
0,1,0.47500000000000003,-1.439896632895322,0.6,0.9743857
0,1,0.47500000000000003,-1.439896632895322,0.7999999999999999,0.9691877
0,1,0.47500000000000003,-1.439896632895322,1.0,0.9653452
0,1,0.47500000000000003,-1.1780972450961724,-1.0,0.98137385
0,1,0.47500000000000003,-1.1780972450961724,-0.8,0.99748564
0,1,0.47500000000000003,-1.1780972450961724,-0.6000000000000001,0.9972501
0,1,0.47500000000000003,-1.1780972450961724,-0.4,0.9951249
0,1,0.47500000000000003,-1.1780972450961724,-0.20000000000000007,0.99434584
0,1,0.47500000000000003,-1.1780972450961724,0.0,0.99240774
0,1,0.47500000000000003,-1.1780972450961724,0.20000000000000007,0.98804015
0,1,0.47500000000000003,-1.1780972450961724,0.4,0.9820411
0,1,0.47500000000000003,-1.1780972450961724,0.6,0.9759035
0,1,0.47500000000000003,-1.1780972450961724,0.7999999999999999,0.97059125
0,1,0.47500000000000003,-1.1780972450961724,1.0,0.9664664
0,1,0.47500000000000003,-0.9162978572970231,-1.0,0.986057
0,1,0.47500000000000003,-0.9162978572970231,-0.8,1.0042925
0,1,0.47500000000000003,-0.9162978572970231,-0.6000000000000001,1.0025642
0,1,0.47500000000000003,-0.9162978572970231,-0.4,0.9985256
0,1,0.47500000000000003,-0.9162978572970231,-0.20000000000000007,0.9962904
0,1,0.47500000000000003,-0.9162978572970231,0.0,0.99360114
0,1,0.47500000000000003,-0.9162978572970231,0.20000000000000007,0.9891219
0,1,0.47500000000000003,-0.9162978572970231,0.4,0.98332494
0,1,0.47500000000000003,-0.9162978572970231,0.6,0.9773783
0,1,0.47500000000000003,-0.9162978572970231,0.7999999999999999,0.9720327
0,1,0.47500000000000003,-0.9162978572970231,1.0,0.9676606
0,1,0.47500000000000003,-0.6544984694978737,-1.0,0.9905999
0,1,0.47500000000000003,-0.6544984694978737,-0.8,1.0095308
0,1,0.47500000000000003,-0.6544984694978737,-0.6000000000000001,1.0068003
0,1,0.47500000000000003,-0.6544984694978737,-0.4,1.0016745
0,1,0.47500000000000003,-0.6544984694978737,-0.20000000000000007,0.99830794
0,1,0.47500000000000003,-0.6544984694978737,0.0,0.99483323
0,1,0.47500000000000003,-0.6544984694978737,0.20000000000000007,0.9901052
0,1,0.47500000000000003,-0.6544984694978737,0.4,0.98439866
0,1,0.47500000000000003,-0.6544984694978737,0.6,0.9785717
0,1,0.47500000000000003,-0.6544984694978737,0.7999999999999999,0.97320414
0,1,0.47500000000000003,-0.6544984694978737,1.0,0.9686429
0,1,0.47500000000000003,-0.39269908169872436,-1.0,0.9935433
0,1,0.47500000000000003,-0.39269908169872436,-0.8,1.0123597
0,1,0.47500000000000003,-0.39269908169872436,-0.6000000000000001,1.0089883
0,1,0.47500000000000003,-0.39269908169872436,-0.4,1.00346
0,1,0.47500000000000003,-0.39269908169872436,-0.20000000000000007,0.9995615
0,1,0.47500000000000003,-0.39269908169872436,0.0,0.99565
0,1,0.47500000000000003,-0.39269908169872436,0.20000000000000007,0.9907574
0,1,0.47500000000000003,-0.39269908169872436,0.4,0.98506683
0,1,0.47500000000000003,-0.39269908169872436,0.6,0.97924596
0,1,0.47500000000000003,-0.39269908169872436,0.7999999999999999,0.97378874
0,1,0.47500000000000003,-0.39269908169872436,1.0,0.969064
0,1,0.47500000000000003,-0.1308996938995748,-1.0,0.99417955
0,1,0.47500000000000003,-0.1308996938995748,-0.8,1.0130814
0,1,0.47500000000000003,-0.1308996938995748,-0.6000000000000001,1.0093116
0,1,0.47500000000000003,-0.1308996938995748,-0.4,1.0038658
0,1,0.47500000000000003,-0.1308996938995748,-0.20000000000000007,1.000091
0,1,0.47500000000000003,-0.1308996938995748,0.0,0.99623793
0,1,0.47500000000000003,-0.1308996938995748,0.20000000000000007,0.9913257
0,1,0.47500000000000003,-0.1308996938995748,0.4,0.98545265
0,1,0.47500000000000003,-0.1308996938995748,0.6,0.9793003
0,1,0.47500000000000003,-0.1308996938995748,0.7999999999999999,0.97348577
0,1,0.47500000000000003,-0.1308996938995748,1.0,0.96851015
0,1,0.47500000000000003,0.13089969389957457,-1.0,0.9921181
0,1,0.47500000000000003,0.13089969389957457,-0.8,1.0116887
0,1,0.47500000000000003,0.13089969389957457,-0.6000000000000001,1.0081974
0,1,0.47500000000000003,0.13089969389957457,-0.4,1.0036539
0,1,0.47500000000000003,0.13089969389957457,-0.20000000000000007,1.000611
0,1,0.47500000000000003,0.13089969389957457,0.0,0.99695086
0,1,0.47500000000000003,0.13089969389957457,0.20000000000000007,0.99170095
0,1,0.47500000000000003,0.13089969389957457,0.4,0.98505956
0,1,0.47500000000000003,0.13089969389957457,0.6,0.977979
0,1,0.47500000000000003,0.13089969389957457,0.7999999999999999,0.97145987
0,1,0.47500000000000003,0.13089969389957457,1.0,0.9661984
0,1,0.47500000000000003,0.3926990816987239,-1.0,0.9875663
0,1,0.47500000000000003,0.3926990816987239,-0.8,1.0074383
0,1,0.47500000000000003,0.3926990816987239,-0.6000000000000001,1.0054542
0,1,0.47500000000000003,0.3926990816987239,-0.4,1.0028054
0,1,0.47500000000000003,0.3926990816987239,-0.20000000000000007,1.0006723
0,1,0.47500000000000003,0.3926990816987239,0.0,0.9966921
0,1,0.47500000000000003,0.3926990816987239,0.20000000000000007,0.99028856
0,1,0.47500000000000003,0.3926990816987239,0.4,0.9821596
0,1,0.47500000000000003,0.3926990816987239,0.6,0.9739433
0,1,0.47500000000000003,0.3926990816987239,0.7999999999999999,0.96714133
0,1,0.47500000000000003,0.3926990816987239,1.0,0.9623258
0,1,0.47500000000000003,0.6544984694978733,-1.0,0.9822894
0,1,0.47500000000000003,0.6544984694978733,-0.8,1.0004467
0,1,0.47500000000000003,0.6544984694978733,-0.6000000000000001,1.0006763
0,1,0.47500000000000003,0.6544984694978733,-0.4,1.0001763
0,1,0.47500000000000003,0.6544984694978733,-0.20000000000000007,0.9987405
0,1,0.47500000000000003,0.6544984694978733,0.0,0.9941922
0,1,0.47500000000000003,0.6544984694978733,0.20000000000000007,0.9864569
0,1,0.47500000000000003,0.6544984694978733,0.4,0.9771877
0,1,0.47500000000000003,0.6544984694978733,0.6,0.96891576
0,1,0.47500000000000003,0.6544984694978733,0.7999999999999999,0.9629105
0,1,0.47500000000000003,0.6544984694978733,1.0,0.9596868
0,1,0.47500000000000003,0.9162978572970226,-1.0,0.9791774
0,1,0.47500000000000003,0.9162978572970226,-0.8,0.9947536
0,1,0.47500000000000003,0.9162978572970226,-0.6000000000000001,0.9965143
0,1,0.47500000000000003,0.9162978572970226,-0.4,0.99746543
0,1,0.47500000000000003,0.9162978572970226,-0.20000000000000007,0.9962624
0,1,0.47500000000000003,0.9162978572970226,0.0,0.99123454
0,1,0.47500000000000003,0.9162978572970226,0.20000000000000007,0.98274374
0,1,0.47500000000000003,0.9162978572970226,0.4,0.973325
0,1,0.47500000000000003,0.9162978572970226,0.6,0.96580034
0,1,0.47500000000000003,0.9162978572970226,0.7999999999999999,0.9611713
0,1,0.47500000000000003,0.9162978572970226,1.0,0.95843464
0,1,0.47500000000000003,1.178097245096172,-1.0,0.9796551
0,1,0.47500000000000003,1.178097245096172,-0.8,0.9945595
0,1,0.47500000000000003,1.178097245096172,-0.6000000000000001,0.9965661
0,1,0.47500000000000003,1.178097245096172,-0.4,0.997865
0,1,0.47500000000000003,1.178097245096172,-0.20000000000000007,0.9964571
0,1,0.47500000000000003,1.178097245096172,0.0,0.99094415
0,1,0.47500000000000003,1.178097245096172,0.20000000000000007,0.98192805
0,1,0.47500000000000003,1.178097245096172,0.4,0.9725146
0,1,0.47500000000000003,1.178097245096172,0.6,0.96539783
0,1,0.47500000000000003,1.178097245096172,0.7999999999999999,0.96133405
0,1,0.47500000000000003,1.178097245096172,1.0,0.95857507
0,1,0.47500000000000003,1.4398966328953215,-1.0,0.9826128
0,1,0.47500000000000003,1.4398966328953215,-0.8,0.99839807
0,1,0.47500000000000003,1.4398966328953215,-0.6000000000000001,0.999868
0,1,0.47500000000000003,1.4398966328953215,-0.4,1.0009733
0,1,0.47500000000000003,1.4398966328953215,-0.20000000000000007,0.9993668
0,1,0.47500000000000003,1.4398966328953215,0.0,0.9936905
0,1,0.47500000000000003,1.4398966328953215,0.20000000000000007,0.98435324
0,1,0.47500000000000003,1.4398966328953215,0.4,0.9745802
0,1,0.47500000000000003,1.4398966328953215,0.6,0.96722466
0,1,0.47500000000000003,1.4398966328953215,0.7999999999999999,0.9629459
0,1,0.47500000000000003,1.4398966328953215,1.0,0.95994496
0,1,0.47500000000000003,1.7016960206944711,-1.0,0.9862353
0,1,0.47500000000000003,1.7016960206944711,-0.8,1.0022678
0,1,0.47500000000000003,1.7016960206944711,-0.6000000000000001,1.0023137
0,1,0.47500000000000003,1.7016960206944711,-0.4,1.0031443
0,1,0.47500000000000003,1.7016960206944711,-0.20000000000000007,1.0017453
0,1,0.47500000000000003,1.7016960206944711,0.0,0.99666816
0,1,0.47500000000000003,1.7016960206944711,0.20000000000000007,0.9878993
0,1,0.47500000000000003,1.7016960206944711,0.4,0.97807425
0,1,0.47500000000000003,1.7016960206944711,0.6,0.97027284
0,1,0.47500000000000003,1.7016960206944711,0.7999999999999999,0.96536636
0,1,0.47500000000000003,1.7016960206944711,1.0,0.9621118
0,1,0.47500000000000003,1.9634954084936203,-1.0,0.9895005
0,1,0.47500000000000003,1.9634954084936203,-0.8,1.0043316
0,1,0.47500000000000003,1.9634954084936203,-0.6000000000000001,1.0021205
0,1,0.47500000000000003,1.9634954084936203,-0.4,1.0025035
0,1,0.47500000000000003,1.9634954084936203,-0.20000000000000007,1.0015445
0,1,0.47500000000000003,1.9634954084936203,0.0,0.99753267
0,1,0.47500000000000003,1.9634954084936203,0.20000000000000007,0.9901104
0,1,0.47500000000000003,1.9634954084936203,0.4,0.9811099
0,1,0.47500000000000003,1.9634954084936203,0.6,0.9733386
0,1,0.47500000000000003,1.9634954084936203,0.7999999999999999,0.9678175
0,1,0.47500000000000003,1.9634954084936203,1.0,0.9643967
0,1,0.47500000000000003,2.22529479629277,-1.0,0.99213386
0,1,0.47500000000000003,2.22529479629277,-0.8,1.0050033
0,1,0.47500000000000003,2.22529479629277,-0.6000000000000001,1.0006796
0,1,0.47500000000000003,2.22529479629277,-0.4,1.0006113
0,1,0.47500000000000003,2.22529479629277,-0.20000000000000007,1.0000416
0,1,0.47500000000000003,2.22529479629277,0.0,0.9968422
0,1,0.47500000000000003,2.22529479629277,0.20000000000000007,0.9905003
0,1,0.47500000000000003,2.22529479629277,0.4,0.9825013
0,1,0.47500000000000003,2.22529479629277,0.6,0.97525936
0,1,0.47500000000000003,2.22529479629277,0.7999999999999999,0.9696882
0,1,0.47500000000000003,2.22529479629277,1.0,0.9662423
0,1,0.47500000000000003,2.4870941840919194,-1.0,0.9941482
0,1,0.47500000000000003,2.4870941840919194,-0.8,1.0051521
0,1,0.47500000000000003,2.4870941840919194,-0.6000000000000001,0.9993854
0,1,0.47500000000000003,2.4870941840919194,-0.4,0.9989662
0,1,0.47500000000000003,2.4870941840919194,-0.20000000000000007,0.998637
0,1,0.47500000000000003,2.4870941840919194,0.0,0.9958716
0,1,0.47500000000000003,2.4870941840919194,0.20000000000000007,0.99008423
0,1,0.47500000000000003,2.4870941840919194,0.4,0.9826851
0,1,0.47500000000000003,2.4870941840919194,0.6,0.9758766
0,1,0.47500000000000003,2.4870941840919194,0.7999999999999999,0.9705813
0,1,0.47500000000000003,2.4870941840919194,1.0,0.9671591
0,1,0.47500000000000003,2.7488935718910685,-1.0,0.9955446
0,1,0.47500000000000003,2.7488935718910685,-0.8,1.0053014
0,1,0.47500000000000003,2.7488935718910685,-0.6000000000000001,0.998668
0,1,0.47500000000000003,2.7488935718910685,-0.4,0.99796486
0,1,0.47500000000000003,2.7488935718910685,-0.20000000000000007,0.99774736
0,1,0.47500000000000003,2.7488935718910685,0.0,0.995138
0,1,0.47500000000000003,2.7488935718910685,0.20000000000000007,0.9895355
0,1,0.47500000000000003,2.7488935718910685,0.4,0.9823865
0,1,0.47500000000000003,2.7488935718910685,0.6,0.9757991
0,1,0.47500000000000003,2.7488935718910685,0.7999999999999999,0.9706683
0,1,0.47500000000000003,2.7488935718910685,1.0,0.96728826
0,1,0.47500000000000003,3.010692959690218,-1.0,0.99622995
0,1,0.47500000000000003,3.010692959690218,-0.8,1.005548
0,1,0.47500000000000003,3.010692959690218,-0.6000000000000001,0.998471
0,1,0.47500000000000003,3.010692959690218,-0.4,0.9975192
0,1,0.47500000000000003,3.010692959690218,-0.20000000000000007,0.9973386
0,1,0.47500000000000003,3.010692959690218,0.0,0.9947012
0,1,0.47500000000000003,3.010692959690218,0.20000000000000007,0.9890387
0,1,0.47500000000000003,3.010692959690218,0.4,0.9819038
0,1,0.47500000000000003,3.010692959690218,0.6,0.9753925
0,1,0.47500000000000003,3.010692959690218,0.7999999999999999,0.9703512
0,1,0.47500000000000003,3.010692959690218,1.0,0.96701545
0,1,0.625,-3.0106929596902186,-1.0,0.99542457
0,1,0.625,-3.0106929596902186,-0.8,1.0077883
0,1,0.625,-3.0106929596902186,-0.6000000000000001,0.9971697
0,1,0.625,-3.0106929596902186,-0.4,0.99333733
0,1,0.625,-3.0106929596902186,-0.20000000000000007,0.9927962
0,1,0.625,-3.0106929596902186,0.0,0.99085444
0,1,0.625,-3.0106929596902186,0.20000000000000007,0.9866321
0,1,0.625,-3.0106929596902186,0.4,0.980702
0,1,0.625,-3.0106929596902186,0.6,0.9746359
0,1,0.625,-3.0106929596902186,0.7999999999999999,0.9695913
0,1,0.625,-3.0106929596902186,1.0,0.9658682
0,1,0.625,-2.748893571891069,-1.0,0.9946976
0,1,0.625,-2.748893571891069,-0.8,1.0074579
0,1,0.625,-2.748893571891069,-0.6000000000000001,0.9970028
0,1,0.625,-2.748893571891069,-0.4,0.99298954
0,1,0.625,-2.748893571891069,-0.20000000000000007,0.9926198
0,1,0.625,-2.748893571891069,0.0,0.9907295
0,1,0.625,-2.748893571891069,0.20000000000000007,0.9863778
0,1,0.625,-2.748893571891069,0.4,0.9802304
0,1,0.625,-2.748893571891069,0.6,0.9739976
0,1,0.625,-2.748893571891069,0.7999999999999999,0.96891636
0,1,0.625,-2.748893571891069,1.0,0.96530867
0,1,0.625,-2.4870941840919194,-1.0,0.99239546
0,1,0.625,-2.4870941840919194,-0.8,1.0052489
0,1,0.625,-2.4870941840919194,-0.6000000000000001,0.9955906
0,1,0.625,-2.4870941840919194,-0.4,0.9920451
0,1,0.625,-2.4870941840919194,-0.20000000000000007,0.9921586
0,1,0.625,-2.4870941840919194,0.0,0.99044317
0,1,0.625,-2.4870941840919194,0.20000000000000007,0.9859493
0,1,0.625,-2.4870941840919194,0.4,0.9795418
0,1,0.625,-2.4870941840919194,0.6,0.9731717
0,1,0.625,-2.4870941840919194,0.7999999999999999,0.9681268
0,1,0.625,-2.4870941840919194,1.0,0.9647096
0,1,0.625,-2.2252947962927703,-1.0,0.9883391
0,1,0.625,-2.2252947962927703,-0.8,1.0007254
0,1,0.625,-2.2252947962927703,-0.6000000000000001,0.99261314
0,1,0.625,-2.2252947962927703,-0.4,0.9900066
0,1,0.625,-2.2252947962927703,-0.20000000000000007,0.9907405
0,1,0.625,-2.2252947962927703,0.0,0.9893613
0,1,0.625,-2.2252947962927703,0.20000000000000007,0.9849295
0,1,0.625,-2.2252947962927703,0.4,0.9785354
0,1,0.625,-2.2252947962927703,0.6,0.9722747
0,1,0.625,-2.2252947962927703,0.7999999999999999,0.9673953
0,1,0.625,-2.2252947962927703,1.0,0.9641672
0,1,0.625,-1.963495408493621,-1.0,0.9834427
0,1,0.625,-1.963495408493621,-0.8,0.9952609
0,1,0.625,-1.963495408493621,-0.6000000000000001,0.9892028
0,1,0.625,-1.963495408493621,-0.4,0.9874031
0,1,0.625,-1.963495408493621,-0.20000000000000007,0.98850113
0,1,0.625,-1.963495408493621,0.0,0.98754126
0,1,0.625,-1.963495408493621,0.20000000000000007,0.9835704
0,1,0.625,-1.963495408493621,0.4,0.97763896
0,1,0.625,-1.963495408493621,0.6,0.97170824
0,1,0.625,-1.963495408493621,0.7999999999999999,0.967006
0,1,0.625,-1.963495408493621,1.0,0.9637864
0,1,0.625,-1.7016960206944713,-1.0,0.9797098
0,1,0.625,-1.7016960206944713,-0.8,0.9916704
0,1,0.625,-1.7016960206944713,-0.6000000000000001,0.9872019
0,1,0.625,-1.7016960206944713,-0.4,0.9854996
0,1,0.625,-1.7016960206944713,-0.20000000000000007,0.9864853
0,1,0.625,-1.7016960206944713,0.0,0.9858685
0,1,0.625,-1.7016960206944713,0.20000000000000007,0.9826286
0,1,0.625,-1.7016960206944713,0.4,0.977446
0,1,0.625,-1.7016960206944713,0.6,0.9719083
0,1,0.625,-1.7016960206944713,0.7999999999999999,0.9672675
0,1,0.625,-1.7016960206944713,1.0,0.9638171
0,1,0.625,-1.439896632895322,-1.0,0.97878116
0,1,0.625,-1.439896632895322,-0.8,0.9923884
0,1,0.625,-1.439896632895322,-0.6000000000000001,0.98834616
0,1,0.625,-1.439896632895322,-0.4,0.98534584
0,1,0.625,-1.439896632895322,-0.20000000000000007,0.98547524
0,1,0.625,-1.439896632895322,0.0,0.98487896
0,1,0.625,-1.439896632895322,0.20000000000000007,0.98228997
0,1,0.625,-1.439896632895322,0.4,0.9779187
0,1,0.625,-1.439896632895322,0.6,0.97286433
0,1,0.625,-1.439896632895322,0.7999999999999999,0.96825266
0,1,0.625,-1.439896632895322,1.0,0.96462804
0,1,0.625,-1.1780972450961724,-1.0,0.9810338
0,1,0.625,-1.1780972450961724,-0.8,0.9977412
0,1,0.625,-1.1780972450961724,-0.6000000000000001,0.99310327
0,1,0.625,-1.1780972450961724,-0.4,0.98735577
0,1,0.625,-1.1780972450961724,-0.20000000000000007,0.9857056
0,1,0.625,-1.1780972450961724,0.0,0.9845173
0,1,0.625,-1.1780972450961724,0.20000000000000007,0.9821771
0,1,0.625,-1.1780972450961724,0.4,0.97845435
0,1,0.625,-1.1780972450961724,0.6,0.9739818
0,1,0.625,-1.1780972450961724,0.7999999999999999,0.9695578
0,1,0.625,-1.1780972450961724,1.0,0.9657895
0,1,0.625,-0.9162978572970231,-1.0,0.98541623
0,1,0.625,-0.9162978572970231,-0.8,1.0050665
0,1,0.625,-0.9162978572970231,-0.6000000000000001,0.9999866
0,1,0.625,-0.9162978572970231,-0.4,0.9915113
0,1,0.625,-0.9162978572970231,-0.20000000000000007,0.987508
0,1,0.625,-0.9162978572970231,0.0,0.984965
0,1,0.625,-0.9162978572970231,0.20000000000000007,0.9822443
0,1,0.625,-0.9162978572970231,0.4,0.97876453
0,1,0.625,-0.9162978572970231,0.6,0.9747343
0,1,0.625,-0.9162978572970231,0.7999999999999999,0.9705917
0,1,0.625,-0.9162978572970231,1.0,0.9668117
0,1,0.625,-0.6544984694978737,-1.0,0.98996806
0,1,0.625,-0.6544984694978737,-0.8,1.0110655
0,1,0.625,-0.6544984694978737,-0.6000000000000001,1.0062015
0,1,0.625,-0.6544984694978737,-0.4,0.9964876
0,1,0.625,-0.6544984694978737,-0.20000000000000007,0.990535
0,1,0.625,-0.6544984694978737,0.0,0.9863731
0,1,0.625,-0.6544984694978737,0.20000000000000007,0.9827781
0,1,0.625,-0.6544984694978737,0.4,0.97908384
0,1,0.625,-0.6544984694978737,0.6,0.9751523
0,1,0.625,-0.6544984694978737,0.7999999999999999,0.9711294
0,1,0.625,-0.6544984694978737,1.0,0.96733767
0,1,0.625,-0.39269908169872436,-1.0,0.99294347
0,1,0.625,-0.39269908169872436,-0.8,1.0144229
0,1,0.625,-0.39269908169872436,-0.6000000000000001,1.0097677
0,1,0.625,-0.39269908169872436,-0.4,0.99997014
0,1,0.625,-0.39269908169872436,-0.20000000000000007,0.9931795
0,1,0.625,-0.39269908169872436,0.0,0.9880178
0,1,0.625,-0.39269908169872436,0.20000000000000007,0.9836867
0,1,0.625,-0.39269908169872436,0.4,0.9795785
0,1,0.625,-0.39269908169872436,0.6,0.9754066
0,1,0.625,-0.39269908169872436,0.7999999999999999,0.9711907
0,1,0.625,-0.39269908169872436,1.0,0.9672138
0,1,0.625,-0.1308996938995748,-1.0,0.99333006
0,1,0.625,-0.1308996938995748,-0.8,1.015099
0,1,0.625,-0.1308996938995748,-0.6000000000000001,1.0104676
0,1,0.625,-0.1308996938995748,-0.4,1.0010151
0,1,0.625,-0.1308996938995748,-0.20000000000000007,0.99450094
0,1,0.625,-0.1308996938995748,0.0,0.98925763
0,1,0.625,-0.1308996938995748,0.20000000000000007,0.9846146
0,1,0.625,-0.1308996938995748,0.4,0.9799869
0,1,0.625,-0.1308996938995748,0.6,0.97517985
0,1,0.625,-0.1308996938995748,0.7999999999999999,0.9703606
0,1,0.625,-0.1308996938995748,1.0,0.96596795
0,1,0.625,0.13089969389957457,-1.0,0.99069184
0,1,0.625,0.13089969389957457,-0.8,1.0125772
0,1,0.625,0.13089969389957457,-0.6000000000000001,1.0082842
0,1,0.625,0.13089969389957457,-0.4,0.99991924
0,1,0.625,0.13089969389957457,-0.20000000000000007,0.9946327
0,1,0.625,0.13089969389957457,0.0,0.98979455
0,1,0.625,0.13089969389957457,0.20000000000000007,0.9847215
0,1,0.625,0.13089969389957457,0.4,0.9790652
0,1,0.625,0.13089969389957457,0.6,0.9730684
0,1,0.625,0.13089969389957457,0.7999999999999999,0.96739095
0,1,0.625,0.13089969389957457,1.0,0.96273214
0,1,0.625,0.3926990816987239,-1.0,0.9854502
0,1,0.625,0.3926990816987239,-0.8,1.0056467
0,1,0.625,0.3926990816987239,-0.6000000000000001,1.0024124
0,1,0.625,0.3926990816987239,-0.4,0.99627393
0,1,0.625,0.3926990816987239,-0.20000000000000007,0.99260443
0,1,0.625,0.3926990816987239,0.0,0.9880976
0,1,0.625,0.3926990816987239,0.20000000000000007,0.98225456
0,1,0.625,0.3926990816987239,0.4,0.9752941
0,1,0.625,0.3926990816987239,0.6,0.9683688
0,1,0.625,0.3926990816987239,0.7999999999999999,0.9626898
0,1,0.625,0.3926990816987239,1.0,0.9589316
0,1,0.625,0.6544984694978733,-1.0,0.97972935
0,1,0.625,0.6544984694978733,-0.8,0.9957714
0,1,0.625,0.6544984694978733,-0.6000000000000001,0.9939162
0,1,0.625,0.6544984694978733,-0.4,0.9907473
0,1,0.625,0.6544984694978733,-0.20000000000000007,0.98842376
0,1,0.625,0.6544984694978733,0.0,0.98400354
0,1,0.625,0.6544984694978733,0.20000000000000007,0.9776716
0,1,0.625,0.6544984694978733,0.4,0.97030145
0,1,0.625,0.6544984694978733,0.6,0.9637115
0,1,0.625,0.6544984694978733,0.7999999999999999,0.95905566
0,1,0.625,0.6544984694978733,1.0,0.9568939
0,1,0.625,0.9162978572970226,-1.0,0.97673243
0,1,0.625,0.9162978572970226,-0.8,0.9896229
0,1,0.625,0.9162978572970226,-0.6000000000000001,0.98860073
0,1,0.625,0.9162978572970226,-0.4,0.9874844
0,1,0.625,0.9162978572970226,-0.20000000000000007,0.9858487
0,1,0.625,0.9162978572970226,0.0,0.98122805
0,1,0.625,0.9162978572970226,0.20000000000000007,0.97446734
0,1,0.625,0.9162978572970226,0.4,0.9671984
0,1,0.625,0.9162978572970226,0.6,0.9613231
0,1,0.625,0.9162978572970226,0.7999999999999999,0.9580243
0,1,0.625,0.9162978572970226,1.0,0.95628357
0,1,0.625,1.178097245096172,-1.0,0.977591
0,1,0.625,1.178097245096172,-0.8,0.9909064
0,1,0.625,1.178097245096172,-0.6000000000000001,0.9903129
0,1,0.625,1.178097245096172,-0.4,0.989419
0,1,0.625,1.178097245096172,-0.20000000000000007,0.98751193
0,1,0.625,1.178097245096172,0.0,0.9823861
0,1,0.625,1.178097245096172,0.20000000000000007,0.9750316
0,1,0.625,1.178097245096172,0.4,0.96746063
0,1,0.625,1.178097245096172,0.6,0.9615767
0,1,0.625,1.178097245096172,0.7999999999999999,0.95845336
0,1,0.625,1.178097245096172,1.0,0.9566229
0,1,0.625,1.4398966328953215,-1.0,0.9808344
0,1,0.625,1.4398966328953215,-0.8,0.996399
0,1,0.625,1.4398966328953215,-0.6000000000000001,0.99635667
0,1,0.625,1.4398966328953215,-0.4,0.9953421
0,1,0.625,1.4398966328953215,-0.20000000000000007,0.99302506
0,1,0.625,1.4398966328953215,0.0,0.9874701
0,1,0.625,1.4398966328953215,0.20000000000000007,0.9793849
0,1,0.625,1.4398966328953215,0.4,0.9708512
0,1,0.625,1.4398966328953215,0.6,0.9641512
0,1,0.625,1.4398966328953215,0.7999999999999999,0.960313
0,1,0.625,1.4398966328953215,1.0,0.95775586
0,1,0.625,1.7016960206944711,-1.0,0.9846141
0,1,0.625,1.7016960206944711,-0.8,1.0015461
0,1,0.625,1.7016960206944711,-0.6000000000000001,1.0005201
0,1,0.625,1.7016960206944711,-0.4,0.9995306
0,1,0.625,1.7016960206944711,-0.20000000000000007,0.9976487
0,1,0.625,1.7016960206944711,0.0,0.9926762
0,1,0.625,1.7016960206944711,0.20000000000000007,0.984814
0,1,0.625,1.7016960206944711,0.4,0.9757569
0,1,0.625,1.7016960206944711,0.6,0.96817523
0,1,0.625,1.7016960206944711,0.7999999999999999,0.9632476
0,1,0.625,1.7016960206944711,1.0,0.9601667
0,1,0.625,1.9634954084936203,-1.0,0.98789114
0,1,0.625,1.9634954084936203,-0.8,1.004534
0,1,0.625,1.9634954084936203,-0.6000000000000001,1.000858
0,1,0.625,1.9634954084936203,-0.4,0.99933976
0,1,0.625,1.9634954084936203,-0.20000000000000007,0.99799377
0,1,0.625,1.9634954084936203,0.0,0.99418074
0,1,0.625,1.9634954084936203,0.20000000000000007,0.98772925
0,1,0.625,1.9634954084936203,0.4,0.9795897
0,1,0.625,1.9634954084936203,0.6,0.9720662
0,1,0.625,1.9634954084936203,0.7999999999999999,0.96630615
0,1,0.625,1.9634954084936203,1.0,0.96293974
0,1,0.625,2.22529479629277,-1.0,0.9904588
0,1,0.625,2.22529479629277,-0.8,1.0057656
0,1,0.625,2.22529479629277,-0.6000000000000001,0.9994824
0,1,0.625,2.22529479629277,-0.4,0.9973567
0,1,0.625,2.22529479629277,-0.20000000000000007,0.9963937
0,1,0.625,2.22529479629277,0.0,0.9934898
0,1,0.625,2.22529479629277,0.20000000000000007,0.9882342
0,1,0.625,2.22529479629277,0.4,0.98121375
0,1,0.625,2.22529479629277,0.6,0.97432995
0,1,0.625,2.22529479629277,0.7999999999999999,0.9687709
0,1,0.625,2.22529479629277,1.0,0.9651227
0,1,0.625,2.4870941840919194,-1.0,0.99247915
0,1,0.625,2.4870941840919194,-0.8,1.0062432
0,1,0.625,2.4870941840919194,-0.6000000000000001,0.99810046
0,1,0.625,2.4870941840919194,-0.4,0.9955399
0,1,0.625,2.4870941840919194,-0.20000000000000007,0.99482924
0,1,0.625,2.4870941840919194,0.0,0.9924925
0,1,0.625,2.4870941840919194,0.20000000000000007,0.9879317
0,1,0.625,2.4870941840919194,0.4,0.981607
0,1,0.625,2.4870941840919194,0.6,0.9751947
0,1,0.625,2.4870941840919194,0.7999999999999999,0.969893
0,1,0.625,2.4870941840919194,1.0,0.9661687
0,1,0.625,2.7488935718910685,-1.0,0.9940371
0,1,0.625,2.7488935718910685,-0.8,1.0066696
0,1,0.625,2.7488935718910685,-0.6000000000000001,0.99727654
0,1,0.625,2.7488935718910685,-0.4,0.99434096
0,1,0.625,2.7488935718910685,-0.20000000000000007,0.9937541
0,1,0.625,2.7488935718910685,0.0,0.9917038
0,1,0.625,2.7488935718910685,0.20000000000000007,0.98746675
0,1,0.625,2.7488935718910685,0.4,0.98149484
0,1,0.625,2.7488935718910685,0.6,0.97535545
0,1,0.625,2.7488935718910685,0.7999999999999999,0.97021246
0,1,0.625,2.7488935718910685,1.0,0.9664349
0,1,0.625,3.010692959690218,-1.0,0.99507976
0,1,0.625,3.010692959690218,-0.8,1.0072707
0,1,0.625,3.010692959690218,-0.6000000000000001,0.9970506
0,1,0.625,3.010692959690218,-0.4,0.99367934
0,1,0.625,3.010692959690218,-0.20000000000000007,0.99312264
0,1,0.625,3.010692959690218,0.0,0.9911676
0,1,0.625,3.010692959690218,0.20000000000000007,0.98700494
0,1,0.625,3.010692959690218,0.4,0.9811389
0,1,0.625,3.010692959690218,0.6,0.97511023
0,1,0.625,3.010692959690218,0.7999999999999999,0.97005635
0,1,0.625,3.010692959690218,1.0,0.9662805
0,1,0.8,-3.0106929596902186,-1.0,0.99490255
0,1,0.8,-3.0106929596902186,-0.8,1.0096965
0,1,0.8,-3.0106929596902186,-0.6000000000000001,0.9974957
0,1,0.8,-3.0106929596902186,-0.4,0.9904044
0,1,0.8,-3.0106929596902186,-0.20000000000000007,0.9892382
0,1,0.8,-3.0106929596902186,0.0,0.9876694
0,1,0.8,-3.0106929596902186,0.20000000000000007,0.9847242
0,1,0.8,-3.0106929596902186,0.4,0.9802012
0,1,0.8,-3.0106929596902186,0.6,0.9749182
0,1,0.8,-3.0106929596902186,0.7999999999999999,0.970037
0,1,0.8,-3.0106929596902186,1.0,0.9661365
0,1,0.8,-2.748893571891069,-1.0,0.99406797
0,1,0.8,-2.748893571891069,-0.8,1.0093374
0,1,0.8,-2.748893571891069,-0.6000000000000001,0.9969802
0,1,0.8,-2.748893571891069,-0.4,0.98959225
0,1,0.8,-2.748893571891069,-0.20000000000000007,0.9887195
0,1,0.8,-2.748893571891069,0.0,0.9874205
0,1,0.8,-2.748893571891069,0.20000000000000007,0.98446447
0,1,0.8,-2.748893571891069,0.4,0.97974783
0,1,0.8,-2.748893571891069,0.6,0.9742692
0,1,0.8,-2.748893571891069,0.7999999999999999,0.9693379
0,1,0.8,-2.748893571891069,1.0,0.9655133
0,1,0.8,-2.4870941840919194,-1.0,0.9917998
0,1,0.8,-2.4870941840919194,-0.8,1.0070223
0,1,0.8,-2.4870941840919194,-0.6000000000000001,0.9947588
0,1,0.8,-2.4870941840919194,-0.4,0.98792094
0,1,0.8,-2.4870941840919194,-0.20000000000000007,0.9877596
0,1,0.8,-2.4870941840919194,0.0,0.9868899
0,1,0.8,-2.4870941840919194,0.20000000000000007,0.98386854
0,1,0.8,-2.4870941840919194,0.4,0.97888285
0,1,0.8,-2.4870941840919194,0.6,0.9732499
0,1,0.8,-2.4870941840919194,0.7999999999999999,0.9683767
0,1,0.8,-2.4870941840919194,1.0,0.9647084
0,1,0.8,-2.2252947962927703,-1.0,0.9877364
0,1,0.8,-2.2252947962927703,-0.8,1.0019697
0,1,0.8,-2.2252947962927703,-0.6000000000000001,0.9903913
0,1,0.8,-2.2252947962927703,-0.4,0.98513764
0,1,0.8,-2.2252947962927703,-0.20000000000000007,0.98574656
0,1,0.8,-2.2252947962927703,0.0,0.98540443
0,1,0.8,-2.2252947962927703,0.20000000000000007,0.98250294
0,1,0.8,-2.2252947962927703,0.4,0.97752696
0,1,0.8,-2.2252947962927703,0.6,0.97202986
0,1,0.8,-2.2252947962927703,0.7999999999999999,0.9673834
0,1,0.8,-2.2252947962927703,1.0,0.9640117
0,1,0.8,-1.963495408493621,-1.0,0.9825382
0,1,0.8,-1.963495408493621,-0.8,0.99521273
0,1,0.8,-1.963495408493621,-0.6000000000000001,0.98568934
0,1,0.8,-1.963495408493621,-0.4,0.98227787
0,1,0.8,-1.963495408493621,-0.20000000000000007,0.9832886
0,1,0.8,-1.963495408493621,0.0,0.9833334
0,1,0.8,-1.963495408493621,0.20000000000000007,0.9808226
0,1,0.8,-1.963495408493621,0.4,0.97628075
0,1,0.8,-1.963495408493621,0.6,0.97116923
0,1,0.8,-1.963495408493621,0.7999999999999999,0.9667694
0,1,0.8,-1.963495408493621,1.0,0.9635057
0,1,0.8,-1.7016960206944713,-1.0,0.97828335
0,1,0.8,-1.7016960206944713,-0.8,0.9901678
0,1,0.8,-1.7016960206944713,-0.6000000000000001,0.98272556
0,1,0.8,-1.7016960206944713,-0.4,0.9802477
0,1,0.8,-1.7016960206944713,-0.20000000000000007,0.9813035
0,1,0.8,-1.7016960206944713,0.0,0.98160917
0,1,0.8,-1.7016960206944713,0.20000000000000007,0.9796529
0,1,0.8,-1.7016960206944713,0.4,0.9757994
0,1,0.8,-1.7016960206944713,0.6,0.9711551
0,1,0.8,-1.7016960206944713,0.7999999999999999,0.96689385
0,1,0.8,-1.7016960206944713,1.0,0.9635617
0,1,0.8,-1.439896632895322,-1.0,0.97702646
0,1,0.8,-1.439896632895322,-0.8,0.9901762
0,1,0.8,-1.439896632895322,-0.6000000000000001,0.9833364
0,1,0.8,-1.439896632895322,-0.4,0.9797937
0,1,0.8,-1.439896632895322,-0.20000000000000007,0.98027295
0,1,0.8,-1.439896632895322,0.0,0.9805655
0,1,0.8,-1.439896632895322,0.20000000000000007,0.97911114
0,1,0.8,-1.439896632895322,0.4,0.97601444
0,1,0.8,-1.439896632895322,0.6,0.97193336
0,1,0.8,-1.439896632895322,0.7999999999999999,0.9678085
0,1,0.8,-1.439896632895322,1.0,0.96434087
0,1,0.8,-1.1780972450961724,-1.0,0.9795451
0,1,0.8,-1.1780972450961724,-0.8,0.99616605
0,1,0.8,-1.1780972450961724,-0.6000000000000001,0.9888716
0,1,0.8,-1.1780972450961724,-0.4,0.9817334
0,1,0.8,-1.1780972450961724,-0.20000000000000007,0.98041934
0,1,0.8,-1.1780972450961724,0.0,0.9800413
0,1,0.8,-1.1780972450961724,0.20000000000000007,0.978769
0,1,0.8,-1.1780972450961724,0.4,0.9762991
0,1,0.8,-1.1780972450961724,0.6,0.9728647
0,1,0.8,-1.1780972450961724,0.7999999999999999,0.9690531
0,1,0.8,-1.1780972450961724,1.0,0.965522
0,1,0.8,-0.9162978572970231,-1.0,0.98493266
0,1,0.8,-0.9162978572970231,-0.8,1.0050836
0,1,0.8,-0.9162978572970231,-0.6000000000000001,0.9983633
0,1,0.8,-0.9162978572970231,-0.4,0.9867103
0,1,0.8,-0.9162978572970231,-0.20000000000000007,0.98233646
0,1,0.8,-0.9162978572970231,0.0,0.9803319
0,1,0.8,-0.9162978572970231,0.20000000000000007,0.97858137
0,1,0.8,-0.9162978572970231,0.4,0.97632027
0,1,0.8,-0.9162978572970231,0.6,0.97336096
0,1,0.8,-0.9162978572970231,0.7999999999999999,0.9699376
0,1,0.8,-0.9162978572970231,1.0,0.9665039
0,1,0.8,-0.6544984694978737,-1.0,0.9906543
0,1,0.8,-0.6544984694978737,-0.8,1.012548
0,1,0.8,-0.6544984694978737,-0.6000000000000001,1.0075771
0,1,0.8,-0.6544984694978737,-0.4,0.9935406
0,1,0.8,-0.6544984694978737,-0.20000000000000007,0.9860423
0,1,0.8,-0.6544984694978737,0.0,0.981852
0,1,0.8,-0.6544984694978737,0.20000000000000007,0.9789388
0,1,0.8,-0.6544984694978737,0.4,0.97631925
0,1,0.8,-0.6544984694978737,0.6,0.9734101
0,1,0.8,-0.6544984694978737,0.7999999999999999,0.97014457
0,1,0.8,-0.6544984694978737,1.0,0.96677893
0,1,0.8,-0.39269908169872436,-1.0,0.9942753
0,1,0.8,-0.39269908169872436,-0.8,1.0166794
0,1,0.8,-0.39269908169872436,-0.6000000000000001,1.0129026
0,1,0.8,-0.39269908169872436,-0.4,0.9986854
0,1,0.8,-0.39269908169872436,-0.20000000000000007,0.98949146
0,1,0.8,-0.39269908169872436,0.0,0.9837385
0,1,0.8,-0.39269908169872436,0.20000000000000007,0.97973925
0,1,0.8,-0.39269908169872436,0.4,0.9764958
0,1,0.8,-0.39269908169872436,0.6,0.9732199
0,1,0.8,-0.39269908169872436,0.7999999999999999,0.96969384
0,1,0.8,-0.39269908169872436,1.0,0.9661233
0,1,0.8,-0.1308996938995748,-1.0,0.99495214
0,1,0.8,-0.1308996938995748,-0.8,1.0172328
0,1,0.8,-0.1308996938995748,-0.6000000000000001,1.0138158
0,1,0.8,-0.1308996938995748,-0.4,0.9997685
0,1,0.8,-0.1308996938995748,-0.20000000000000007,0.9906338
0,1,0.8,-0.1308996938995748,0.0,0.98461956
0,1,0.8,-0.1308996938995748,0.20000000000000007,0.98017234
0,1,0.8,-0.1308996938995748,0.4,0.97629887
0,1,0.8,-0.1308996938995748,0.6,0.9722843
0,1,0.8,-0.1308996938995748,0.7999999999999999,0.96806556
0,1,0.8,-0.1308996938995748,1.0,0.96404076
0,1,0.8,0.13089969389957457,-1.0,0.9927055
0,1,0.8,0.13089969389957457,-0.8,1.0133208
0,1,0.8,0.13089969389957457,-0.6000000000000001,1.0097414
0,1,0.8,0.13089969389957457,-0.4,0.99634725
0,1,0.8,0.13089969389957457,-0.20000000000000007,0.9887646
0,1,0.8,0.13089969389957457,0.0,0.9834976
0,1,0.8,0.13089969389957457,0.20000000000000007,0.9789216
0,1,0.8,0.13089969389957457,0.4,0.9741874
0,1,0.8,0.13089969389957457,0.6,0.96911556
0,1,0.8,0.13089969389957457,0.7999999999999999,0.9642293
0,1,0.8,0.13089969389957457,1.0,0.9601836
0,1,0.8,0.3926990816987239,-1.0,0.987926
0,1,0.8,0.3926990816987239,-0.8,1.0039984
0,1,0.8,0.3926990816987239,-0.6000000000000001,0.9993704
0,1,0.8,0.3926990816987239,-0.4,0.98890734
0,1,0.8,0.3926990816987239,-0.20000000000000007,0.9839001
0,1,0.8,0.3926990816987239,0.0,0.9795005
0,1,0.8,0.3926990816987239,0.20000000000000007,0.9747152
0,1,0.8,0.3926990816987239,0.4,0.96937066
0,1,0.8,0.3926990816987239,0.6,0.96400183
0,1,0.8,0.3926990816987239,0.7999999999999999,0.9595554
0,1,0.8,0.3926990816987239,1.0,0.9569125
0,1,0.8,0.6544984694978733,-1.0,0.98240596
0,1,0.8,0.6544984694978733,-0.8,0.9929207
0,1,0.8,0.6544984694978733,-0.6000000000000001,0.98684865
0,1,0.8,0.6544984694978733,-0.4,0.9812873
0,1,0.8,0.6544984694978733,-0.20000000000000007,0.9787647
0,1,0.8,0.6544984694978733,0.0,0.9749751
0,1,0.8,0.6544984694978733,0.20000000000000007,0.9699497
0,1,0.8,0.6544984694978733,0.4,0.9645149
0,1,0.8,0.6544984694978733,0.6,0.9597936
0,1,0.8,0.6544984694978733,0.7999999999999999,0.95684576
0,1,0.8,0.6544984694978733,1.0,0.95599747
0,1,0.8,0.9162978572970226,-1.0,0.97969484
0,1,0.8,0.9162978572970226,-0.8,0.9877408
0,1,0.8,0.9162978572970226,-0.6000000000000001,0.98111695
0,1,0.8,0.9162978572970226,-0.4,0.97781825
0,1,0.8,0.9162978572970226,-0.20000000000000007,0.97622395
0,1,0.8,0.9162978572970226,0.0,0.97253513
0,1,0.8,0.9162978572970226,0.20000000000000007,0.96738154
0,1,0.8,0.9162978572970226,0.4,0.96213835
0,1,0.8,0.9162978572970226,0.6,0.95806164
0,1,0.8,0.9162978572970226,0.7999999999999999,0.95626944
0,1,0.8,0.9162978572970226,1.0,0.95599747
0,1,0.8,1.178097245096172,-1.0,0.98098296
0,1,0.8,1.178097245096172,-0.8,0.99042535
0,1,0.8,1.178097245096172,-0.6000000000000001,0.9851487
0,1,0.8,1.178097245096172,-0.4,0.98111254
0,1,0.8,1.178097245096172,-0.20000000000000007,0.97871
0,1,0.8,1.178097245096172,0.0,0.9742978
0,1,0.8,1.178097245096172,0.20000000000000007,0.9685731
0,1,0.8,1.178097245096172,0.4,0.9629287
0,1,0.8,1.178097245096172,0.6,0.9587896
0,1,0.8,1.178097245096172,0.7999999999999999,0.9566906
0,1,0.8,1.178097245096172,1.0,0.95599747
0,1,0.8,1.4398966328953215,-1.0,0.9844263
0,1,0.8,1.4398966328953215,-0.8,0.9965442
0,1,0.8,1.4398966328953215,-0.6000000000000001,0.99437636
0,1,0.8,1.4398966328953215,-0.4,0.9901386
0,1,0.8,1.4398966328953215,-0.20000000000000007,0.98652714
0,1,0.8,1.4398966328953215,0.0,0.9808571
0,1,0.8,1.4398966328953215,0.20000000000000007,0.973979
0,1,0.8,1.4398966328953215,0.4,0.9670443
0,1,0.8,1.4398966328953215,0.6,0.961476
0,1,0.8,1.4398966328953215,0.7999999999999999,0.9584301
0,1,0.8,1.4398966328953215,1.0,0.95662236
0,1,0.8,1.7016960206944711,-1.0,0.9879446
0,1,0.8,1.7016960206944711,-0.8,1.0022383
0,1,0.8,1.7016960206944711,-0.6000000000000001,1.0006036
0,1,0.8,1.7016960206944711,-0.4,0.9968336
0,1,0.8,1.7016960206944711,-0.20000000000000007,0.9939191
0,1,0.8,1.7016960206944711,0.0,0.988558
0,1,0.8,1.7016960206944711,0.20000000000000007,0.98141146
0,1,0.8,1.7016960206944711,0.4,0.97337466
0,1,0.8,1.7016960206944711,0.6,0.9663635
0,1,0.8,1.7016960206944711,0.7999999999999999,0.96169215
0,1,0.8,1.7016960206944711,1.0,0.95883685
0,1,0.8,1.9634954084936203,-1.0,0.9905154
0,1,0.8,1.9634954084936203,-0.8,1.0058674
0,1,0.8,1.9634954084936203,-0.6000000000000001,1.0018706
0,1,0.8,1.9634954084936203,-0.4,0.9974548
0,1,0.8,1.9634954084936203,-0.20000000000000007,0.99527234
0,1,0.8,1.9634954084936203,0.0,0.9911936
0,1,0.8,1.9634954084936203,0.20000000000000007,0.9854
0,1,0.8,1.9634954084936203,0.4,0.97814417
0,1,0.8,1.9634954084936203,0.6,0.97105557
0,1,0.8,1.9634954084936203,0.7999999999999999,0.9653948
0,1,0.8,1.9634954084936203,1.0,0.96200657
0,1,0.8,2.22529479629277,-1.0,0.9922187
0,1,0.8,2.22529479629277,-0.8,1.0074831
0,1,0.8,2.22529479629277,-0.6000000000000001,1.0007383
0,1,0.8,2.22529479629277,-0.4,0.99556273
0,1,0.8,2.22529479629277,-0.20000000000000007,0.9938089
0,1,0.8,2.22529479629277,0.0,0.9907102
0,1,0.8,2.22529479629277,0.20000000000000007,0.98617107
0,1,0.8,2.22529479629277,0.4,0.98011273
0,1,0.8,2.22529479629277,0.6,0.9737272
0,1,0.8,2.22529479629277,0.7999999999999999,0.968276
0,1,0.8,2.22529479629277,1.0,0.9644825
0,1,0.8,2.4870941840919194,-1.0,0.99343705
0,1,0.8,2.4870941840919194,-0.8,1.0081104
0,1,0.8,2.4870941840919194,-0.6000000000000001,0.999212
0,1,0.8,2.4870941840919194,-0.4,0.9935791
0,1,0.8,2.4870941840919194,-0.20000000000000007,0.9921303
0,1,0.8,2.4870941840919194,0.0,0.9897046
0,1,0.8,2.4870941840919194,0.20000000000000007,0.9859772
0,1,0.8,2.4870941840919194,0.4,0.98074526
0,1,0.8,2.4870941840919194,0.6,0.9749388
0,1,0.8,2.4870941840919194,0.7999999999999999,0.9697437
0,1,0.8,2.4870941840919194,1.0,0.9657138
0,1,0.8,2.7488935718910685,-1.0,0.9943308
0,1,0.8,2.7488935718910685,-0.8,1.0085794
0,1,0.8,2.7488935718910685,-0.6000000000000001,0.9981077
0,1,0.8,2.7488935718910685,-0.4,0.992105
0,1,0.8,2.7488935718910685,-0.20000000000000007,0.9908285
0,1,0.8,2.7488935718910685,0.0,0.98881435
0,1,0.8,2.7488935718910685,0.20000000000000007,0.98554254
0,1,0.8,2.7488935718910685,0.4,0.9807864
0,1,0.8,2.7488935718910685,0.6,0.97535825
0,1,0.8,2.7488935718910685,0.7999999999999999,0.9703646
0,1,0.8,2.7488935718910685,1.0,0.9663233
0,1,0.8,3.010692959690218,-1.0,0.9948707
0,1,0.8,3.010692959690218,-0.8,1.0091871
0,1,0.8,3.010692959690218,-0.6000000000000001,0.9976148
0,1,0.8,3.010692959690218,-0.4,0.9911165
0,1,0.8,3.010692959690218,-0.20000000000000007,0.9898979
0,1,0.8,3.010692959690218,0.0,0.9881285
0,1,0.8,3.010692959690218,0.20000000000000007,0.9850823
0,1,0.8,3.010692959690218,0.4,0.98054194
0,1,0.8,3.010692959690218,0.6,0.97528666
0,1,0.8,3.010692959690218,0.7999999999999999,0.9704056
0,1,0.8,3.010692959690218,1.0,0.966446
0,1,2.95,-3.0106929596902186,-1.0,1.0107447
0,1,2.95,-3.0106929596902186,-0.8,1.0271891
0,1,2.95,-3.0106929596902186,-0.6000000000000001,1.0381522
0,1,2.95,-3.0106929596902186,-0.4,1.0309175
0,1,2.95,-3.0106929596902186,-0.20000000000000007,0.9977332
0,1,2.95,-3.0106929596902186,0.0,0.9787297
0,1,2.95,-3.0106929596902186,0.20000000000000007,0.97395724
0,1,2.95,-3.0106929596902186,0.4,0.97244257
0,1,2.95,-3.0106929596902186,0.6,0.97128963
0,1,2.95,-3.0106929596902186,0.7999999999999999,0.9696267
0,1,2.95,-3.0106929596902186,1.0,0.9675978
0,1,2.95,-2.748893571891069,-1.0,1.0084429
0,1,2.95,-2.748893571891069,-0.8,1.0240368
0,1,2.95,-2.748893571891069,-0.6000000000000001,1.0359992
0,1,2.95,-2.748893571891069,-0.4,1.0215119
0,1,2.95,-2.748893571891069,-0.20000000000000007,0.98534876
0,1,2.95,-2.748893571891069,0.0,0.9754445
0,1,2.95,-2.748893571891069,0.20000000000000007,0.97357064
0,1,2.95,-2.748893571891069,0.4,0.97299856
0,1,2.95,-2.748893571891069,0.6,0.9719258
0,1,2.95,-2.748893571891069,0.7999999999999999,0.9700449
0,1,2.95,-2.748893571891069,1.0,0.9677489
0,1,2.95,-2.4870941840919194,-1.0,1.0044099
0,1,2.95,-2.4870941840919194,-0.8,1.0172127
0,1,2.95,-2.4870941840919194,-0.6000000000000001,1.0304598
0,1,2.95,-2.4870941840919194,-0.4,1.001294
0,1,2.95,-2.4870941840919194,-0.20000000000000007,0.9791105
0,1,2.95,-2.4870941840919194,0.0,0.975895
0,1,2.95,-2.4870941840919194,0.20000000000000007,0.9750828
0,1,2.95,-2.4870941840919194,0.4,0.9742913
0,1,2.95,-2.4870941840919194,0.6,0.9727528
0,1,2.95,-2.4870941840919194,0.7999999999999999,0.97045827
0,1,2.95,-2.4870941840919194,1.0,0.96792287
0,1,2.95,-2.2252947962927703,-1.0,1.0014458
0,1,2.95,-2.2252947962927703,-0.8,1.0091304
0,1,2.95,-2.2252947962927703,-0.6000000000000001,1.0166677
0,1,2.95,-2.2252947962927703,-0.4,0.9850747
0,1,2.95,-2.2252947962927703,-0.20000000000000007,0.97895974
0,1,2.95,-2.2252947962927703,0.0,0.9773531
0,1,2.95,-2.2252947962927703,0.20000000000000007,0.97628325
0,1,2.95,-2.2252947962927703,0.4,0.97481316
0,1,2.95,-2.2252947962927703,0.6,0.97283906
0,1,2.95,-2.2252947962927703,0.7999999999999999,0.9703347
0,1,2.95,-2.2252947962927703,1.0,0.96798736
0,1,2.95,-1.963495408493621,-1.0,1.0003377
0,1,2.95,-1.963495408493621,-0.8,1.003524
0,1,2.95,-1.963495408493621,-0.6000000000000001,0.99191743
0,1,2.95,-1.963495408493621,-0.4,0.9801552
0,1,2.95,-1.963495408493621,-0.20000000000000007,0.97905236
0,1,2.95,-1.963495408493621,0.0,0.9778212
0,1,2.95,-1.963495408493621,0.20000000000000007,0.9764609
0,1,2.95,-1.963495408493621,0.4,0.97455174
0,1,2.95,-1.963495408493621,0.6,0.97238654
0,1,2.95,-1.963495408493621,0.7999999999999999,0.969886
0,1,2.95,-1.963495408493621,1.0,0.96772903
0,1,2.95,-1.7016960206944713,-1.0,0.9997904
0,1,2.95,-1.7016960206944713,-0.8,0.9975603
0,1,2.95,-1.7016960206944713,-0.6000000000000001,0.97901696
0,1,2.95,-1.7016960206944713,-0.4,0.97811466
0,1,2.95,-1.7016960206944713,-0.20000000000000007,0.9789588
0,1,2.95,-1.7016960206944713,0.0,0.97783494
0,1,2.95,-1.7016960206944713,0.20000000000000007,0.976257
0,1,2.95,-1.7016960206944713,0.4,0.97414845
0,1,2.95,-1.7016960206944713,0.6,0.9719016
0,1,2.95,-1.7016960206944713,0.7999999999999999,0.9694459
0,1,2.95,-1.7016960206944713,1.0,0.96730536
0,1,2.95,-1.439896632895322,-1.0,0.9995689
0,1,2.95,-1.439896632895322,-0.8,0.99354696
0,1,2.95,-1.439896632895322,-0.6000000000000001,0.97584826
0,1,2.95,-1.439896632895322,-0.4,0.97858286
0,1,2.95,-1.439896632895322,-0.20000000000000007,0.98016995
0,1,2.95,-1.439896632895322,0.0,0.97878784
0,1,2.95,-1.439896632895322,0.20000000000000007,0.9767048
0,1,2.95,-1.439896632895322,0.4,0.9742262
0,1,2.95,-1.439896632895322,0.6,0.97174025
0,1,2.95,-1.439896632895322,0.7999999999999999,0.9691997
0,1,2.95,-1.439896632895322,1.0,0.9668278
0,1,2.95,-1.1780972450961724,-1.0,0.9999029
0,1,2.95,-1.1780972450961724,-0.8,0.99717265
0,1,2.95,-1.1780972450961724,-0.6000000000000001,0.9824526
0,1,2.95,-1.1780972450961724,-0.4,0.98269707
0,1,2.95,-1.1780972450961724,-0.20000000000000007,0.9834528
0,1,2.95,-1.1780972450961724,0.0,0.981271
0,1,2.95,-1.1780972450961724,0.20000000000000007,0.9781647
0,1,2.95,-1.1780972450961724,0.4,0.97484326
0,1,2.95,-1.1780972450961724,0.6,0.9717966
0,1,2.95,-1.1780972450961724,0.7999999999999999,0.9689706
0,1,2.95,-1.1780972450961724,1.0,0.9662153
0,1,2.95,-0.9162978572970231,-1.0,1.0004052
0,1,2.95,-0.9162978572970231,-0.8,1.0035638
0,1,2.95,-0.9162978572970231,-0.6000000000000001,0.99638844
0,1,2.95,-0.9162978572970231,-0.4,0.98998183
0,1,2.95,-0.9162978572970231,-0.20000000000000007,0.98752236
0,1,2.95,-0.9162978572970231,0.0,0.98436254
0,1,2.95,-0.9162978572970231,0.20000000000000007,0.98003453
0,1,2.95,-0.9162978572970231,0.4,0.97551316
0,1,2.95,-0.9162978572970231,0.6,0.9715908
0,1,2.95,-0.9162978572970231,0.7999999999999999,0.96825624
0,1,2.95,-0.9162978572970231,1.0,0.9651738
0,1,2.95,-0.6544984694978737,-1.0,1.0010263
0,1,2.95,-0.6544984694978737,-0.8,1.0077854
0,1,2.95,-0.6544984694978737,-0.6000000000000001,1.0160323
0,1,2.95,-0.6544984694978737,-0.4,0.998012
0,1,2.95,-0.6544984694978737,-0.20000000000000007,0.9905128
0,1,2.95,-0.6544984694978737,0.0,0.9865319
0,1,2.95,-0.6544984694978737,0.20000000000000007,0.9809842
0,1,2.95,-0.6544984694978737,0.4,0.9750345
0,1,2.95,-0.6544984694978737,0.6,0.9700196
0,1,2.95,-0.6544984694978737,0.7999999999999999,0.9660503
0,1,2.95,-0.6544984694978737,1.0,0.962959
0,1,2.95,-0.39269908169872436,-1.0,1.0017794
0,1,2.95,-0.39269908169872436,-0.8,1.0097519
0,1,2.95,-0.39269908169872436,-0.6000000000000001,1.0233446
0,1,2.95,-0.39269908169872436,-0.4,1.0011988
0,1,2.95,-0.39269908169872436,-0.20000000000000007,0.99042755
0,1,2.95,-0.39269908169872436,0.0,0.9856167
0,1,2.95,-0.39269908169872436,0.20000000000000007,0.9785417
0,1,2.95,-0.39269908169872436,0.4,0.97107196
0,1,2.95,-0.39269908169872436,0.6,0.9653023
0,1,2.95,-0.39269908169872436,0.7999999999999999,0.9614331
0,1,2.95,-0.39269908169872436,1.0,0.9590947
0,1,2.95,-0.1308996938995748,-1.0,1.0020337
0,1,2.95,-0.1308996938995748,-0.8,1.0086827
0,1,2.95,-0.1308996938995748,-0.6000000000000001,1.0160841
0,1,2.95,-0.1308996938995748,-0.4,0.9910514
0,1,2.95,-0.1308996938995748,-0.20000000000000007,0.98348594
0,1,2.95,-0.1308996938995748,0.0,0.9777703
0,1,2.95,-0.1308996938995748,0.20000000000000007,0.9696486
0,1,2.95,-0.1308996938995748,0.4,0.9626918
0,1,2.95,-0.1308996938995748,0.6,0.95872927
0,1,2.95,-0.1308996938995748,0.7999999999999999,0.95690423
0,1,2.95,-0.1308996938995748,1.0,0.95614725
0,1,2.95,0.13089969389957457,-1.0,1.0015022
0,1,2.95,0.13089969389957457,-0.8,1.0054437
0,1,2.95,0.13089969389957457,-0.6000000000000001,1.0043131
0,1,2.95,0.13089969389957457,-0.4,0.97092646
0,1,2.95,0.13089969389957457,-0.20000000000000007,0.96775883
0,1,2.95,0.13089969389957457,0.0,0.9635639
0,1,2.95,0.13089969389957457,0.20000000000000007,0.9587361
0,1,2.95,0.13089969389957457,0.4,0.9564174
0,1,2.95,0.13089969389957457,0.6,0.95599747
0,1,2.95,0.13089969389957457,0.7999999999999999,0.95599747
0,1,2.95,0.13089969389957457,1.0,0.95599747
0,1,2.95,0.3926990816987239,-1.0,1.0008998
0,1,2.95,0.3926990816987239,-0.8,1.0027223
0,1,2.95,0.3926990816987239,-0.6000000000000001,0.9950834
0,1,2.95,0.3926990816987239,-0.4,0.9597593
0,1,2.95,0.3926990816987239,-0.20000000000000007,0.9576712
0,1,2.95,0.3926990816987239,0.0,0.9564521
0,1,2.95,0.3926990816987239,0.20000000000000007,0.95599747
0,1,2.95,0.3926990816987239,0.4,0.95599747
0,1,2.95,0.3926990816987239,0.6,0.95599747
0,1,2.95,0.3926990816987239,0.7999999999999999,0.95599747
0,1,2.95,0.3926990816987239,1.0,0.95599747
0,1,2.95,0.6544984694978733,-1.0,1.0006762
0,1,2.95,0.6544984694978733,-0.8,1.0018498
0,1,2.95,0.6544984694978733,-0.6000000000000001,0.9945719
0,1,2.95,0.6544984694978733,-0.4,0.9579298
0,1,2.95,0.6544984694978733,-0.20000000000000007,0.9560664
0,1,2.95,0.6544984694978733,0.0,0.95599747
0,1,2.95,0.6544984694978733,0.20000000000000007,0.95599747
0,1,2.95,0.6544984694978733,0.4,0.95599747
0,1,2.95,0.6544984694978733,0.6,0.95599747
0,1,2.95,0.6544984694978733,0.7999999999999999,0.95599747
0,1,2.95,0.6544984694978733,1.0,0.95599747
0,1,2.95,0.9162978572970226,-1.0,1.0008272
0,1,2.95,0.9162978572970226,-0.8,1.0024139
0,1,2.95,0.9162978572970226,-0.6000000000000001,0.99972934
0,1,2.95,0.9162978572970226,-0.4,0.96163386
0,1,2.95,0.9162978572970226,-0.20000000000000007,0.95599747
0,1,2.95,0.9162978572970226,0.0,0.95599747
0,1,2.95,0.9162978572970226,0.20000000000000007,0.95599747
0,1,2.95,0.9162978572970226,0.4,0.95599747
0,1,2.95,0.9162978572970226,0.6,0.95599747
0,1,2.95,0.9162978572970226,0.7999999999999999,0.95599747
0,1,2.95,0.9162978572970226,1.0,0.95599747
0,1,2.95,1.178097245096172,-1.0,1.0015734
0,1,2.95,1.178097245096172,-0.8,1.0051924
0,1,2.95,1.178097245096172,-0.6000000000000001,1.0037854
0,1,2.95,1.178097245096172,-0.4,0.9824924
0,1,2.95,1.178097245096172,-0.20000000000000007,0.95739585
0,1,2.95,1.178097245096172,0.0,0.95599747
0,1,2.95,1.178097245096172,0.20000000000000007,0.95599747
0,1,2.95,1.178097245096172,0.4,0.95599747
0,1,2.95,1.178097245096172,0.6,0.95599747
0,1,2.95,1.178097245096172,0.7999999999999999,0.95599747
0,1,2.95,1.178097245096172,1.0,0.95599747
0,1,2.95,1.4398966328953215,-1.0,1.0035194
0,1,2.95,1.4398966328953215,-0.8,1.0105495
0,1,2.95,1.4398966328953215,-0.6000000000000001,1.0093454
0,1,2.95,1.4398966328953215,-0.4,1.002375
0,1,2.95,1.4398966328953215,-0.20000000000000007,0.9718587
0,1,2.95,1.4398966328953215,0.0,0.9574299
0,1,2.95,1.4398966328953215,0.20000000000000007,0.95599747
0,1,2.95,1.4398966328953215,0.4,0.95599747
0,1,2.95,1.4398966328953215,0.6,0.95599747
0,1,2.95,1.4398966328953215,0.7999999999999999,0.95599747
0,1,2.95,1.4398966328953215,1.0,0.95599747
0,1,2.95,1.7016960206944711,-1.0,1.006454
0,1,2.95,1.7016960206944711,-0.8,1.0142442
0,1,2.95,1.7016960206944711,-0.6000000000000001,1.0151738
0,1,2.95,1.7016960206944711,-0.4,1.0123656
0,1,2.95,1.7016960206944711,-0.20000000000000007,0.9965431
0,1,2.95,1.7016960206944711,0.0,0.97042876
0,1,2.95,1.7016960206944711,0.20000000000000007,0.959379
0,1,2.95,1.7016960206944711,0.4,0.95668525
0,1,2.95,1.7016960206944711,0.6,0.95599747
0,1,2.95,1.7016960206944711,0.7999999999999999,0.95599747
0,1,2.95,1.7016960206944711,1.0,0.95599747
0,1,2.95,1.9634954084936203,-1.0,1.0088264
0,1,2.95,1.9634954084936203,-0.8,1.0161234
0,1,2.95,1.9634954084936203,-0.6000000000000001,1.022686
0,1,2.95,1.9634954084936203,-0.4,1.0229276
0,1,2.95,1.9634954084936203,-0.20000000000000007,1.0121393
0,1,2.95,1.9634954084936203,0.0,0.9869995
0,1,2.95,1.9634954084936203,0.20000000000000007,0.96924895
0,1,2.95,1.9634954084936203,0.4,0.9622412
0,1,2.95,1.9634954084936203,0.6,0.9596582
0,1,2.95,1.9634954084936203,0.7999999999999999,0.95776606
0,1,2.95,1.9634954084936203,1.0,0.95638686
0,1,2.95,2.22529479629277,-1.0,1.0102369
0,1,2.95,2.22529479629277,-0.8,1.0189877
0,1,2.95,2.22529479629277,-0.6000000000000001,1.0307295
0,1,2.95,2.22529479629277,-0.4,1.0307047
0,1,2.95,2.22529479629277,-0.20000000000000007,1.01936
0,1,2.95,2.22529479629277,0.0,0.99603564
0,1,2.95,2.22529479629277,0.20000000000000007,0.97642726
0,1,2.95,2.22529479629277,0.4,0.9677324
0,1,2.95,2.22529479629277,0.6,0.9641783
0,1,2.95,2.22529479629277,0.7999999999999999,0.96212035
0,1,2.95,2.22529479629277,1.0,0.96024156
0,1,2.95,2.4870941840919194,-1.0,1.0110445
0,1,2.95,2.4870941840919194,-0.8,1.022686
0,1,2.95,2.4870941840919194,-0.6000000000000001,1.0352455
0,1,2.95,2.4870941840919194,-0.4,1.033638
0,1,2.95,2.4870941840919194,-0.20000000000000007,1.0205916
0,1,2.95,2.4870941840919194,0.0,0.99607223
0,1,2.95,2.4870941840919194,0.20000000000000007,0.97844553
0,1,2.95,2.4870941840919194,0.4,0.97090214
0,1,2.95,2.4870941840919194,0.6,0.96761614
0,1,2.95,2.4870941840919194,0.7999999999999999,0.96524686
0,1,2.95,2.4870941840919194,1.0,0.9636066
0,1,2.95,2.7488935718910685,-1.0,1.0114706
0,1,2.95,2.7488935718910685,-0.8,1.0256511
0,1,2.95,2.7488935718910685,-0.6000000000000001,1.0375055
0,1,2.95,2.7488935718910685,-0.4,1.0342617
0,1,2.95,2.7488935718910685,-0.20000000000000007,1.01754
0,1,2.95,2.7488935718910685,0.0,0.99113464
0,1,2.95,2.7488935718910685,0.20000000000000007,0.9772725
0,1,2.95,2.7488935718910685,0.4,0.9720149
0,1,2.95,2.7488935718910685,0.6,0.96966964
0,1,2.95,2.7488935718910685,0.7999999999999999,0.967673
0,1,2.95,2.7488935718910685,1.0,0.96579176
0,1,2.95,3.010692959690218,-1.0,1.011485
0,1,2.95,3.010692959690218,-0.8,1.0273665
0,1,2.95,3.010692959690218,-0.6000000000000001,1.0384318
0,1,2.95,3.010692959690218,-0.4,1.0337033
0,1,2.95,3.010692959690218,-0.20000000000000007,1.0100199
0,1,2.95,3.010692959690218,0.0,0.9844842
0,1,2.95,3.010692959690218,0.20000000000000007,0.9753892
0,1,2.95,3.010692959690218,0.4,0.97231555
0,1,2.95,3.010692959690218,0.6,0.9707679
0,1,2.95,3.010692959690218,0.7999999999999999,0.969083
0,1,2.95,3.010692959690218,1.0,0.9671364
1,-1,0.25,-3.0106929596902186,-1.0,1.0093523
1,-1,0.25,-3.0106929596902186,-0.8,1.0092039
1,-1,0.25,-3.0106929596902186,-0.6000000000000001,1.0090468
1,-1,0.25,-3.0106929596902186,-0.4,1.0088733
1,-1,0.25,-3.0106929596902186,-0.20000000000000007,1.0086726
1,-1,0.25,-3.0106929596902186,0.0,1.0084226
1,-1,0.25,-3.0106929596902186,0.20000000000000007,1.008053
1,-1,0.25,-3.0106929596902186,0.4,1.0073138
1,-1,0.25,-3.0106929596902186,0.6,1.0054086
1,-1,0.25,-3.0106929596902186,0.7999999999999999,1.0003413
1,-1,0.25,-3.0106929596902186,1.0,0.98982495
1,-1,0.25,-2.748893571891069,-1.0,1.0102321
1,-1,0.25,-2.748893571891069,-0.8,1.0101063
1,-1,0.25,-2.748893571891069,-0.6000000000000001,1.0099633
1,-1,0.25,-2.748893571891069,-0.4,1.0097927
1,-1,0.25,-2.748893571891069,-0.20000000000000007,1.0095793
1,-1,0.25,-2.748893571891069,0.0,1.0092906
1,-1,0.25,-2.748893571891069,0.20000000000000007,1.00883
1,-1,0.25,-2.748893571891069,0.4,1.0078888
1,-1,0.25,-2.748893571891069,0.6,1.00555
1,-1,0.25,-2.748893571891069,0.7999999999999999,0.9997259
1,-1,0.25,-2.748893571891069,1.0,0.9887266
1,-1,0.25,-2.4870941840919194,-1.0,1.0116023
1,-1,0.25,-2.4870941840919194,-0.8,1.0114902
1,-1,0.25,-2.4870941840919194,-0.6000000000000001,1.0113455
1,-1,0.25,-2.4870941840919194,-0.4,1.0111555
1,-1,0.25,-2.4870941840919194,-0.20000000000000007,1.0109
1,-1,0.25,-2.4870941840919194,0.0,1.0105348
1,-1,0.25,-2.4870941840919194,0.20000000000000007,1.0099363
1,-1,0.25,-2.4870941840919194,0.4,1.008734
1,-1,0.25,-2.4870941840919194,0.6,1.0058929
1,-1,0.25,-2.4870941840919194,0.7999999999999999,0.9992609
1,-1,0.25,-2.4870941840919194,1.0,0.9877517
1,-1,0.25,-2.2252947962927703,-1.0,1.0131702
1,-1,0.25,-2.2252947962927703,-0.8,1.013028
1,-1,0.25,-2.2252947962927703,-0.6000000000000001,1.012837
1,-1,0.25,-2.2252947962927703,-0.4,1.0125836
1,-1,0.25,-2.2252947962927703,-0.20000000000000007,1.0122432
1,-1,0.25,-2.2252947962927703,0.0,1.0117602
1,-1,0.25,-2.2252947962927703,0.20000000000000007,1.0109884
1,-1,0.25,-2.2252947962927703,0.4,1.0095087
1,-1,0.25,-2.2252947962927703,0.6,1.0062022
1,-1,0.25,-2.2252947962927703,0.7999999999999999,0.99887705
1,-1,0.25,-2.2252947962927703,1.0,0.986845
1,-1,0.25,-1.963495408493621,-1.0,1.0145429
1,-1,0.25,-1.963495408493621,-0.8,1.014341
1,-1,0.25,-1.963495408493621,-0.6000000000000001,1.0140756
1,-1,0.25,-1.963495408493621,-0.4,1.0137309
1,-1,0.25,-1.963495408493621,-0.20000000000000007,1.0132769
1,-1,0.25,-1.963495408493621,0.0,1.0126494
1,-1,0.25,-1.963495408493621,0.20000000000000007,1.0116872
1,-1,0.25,-1.963495408493621,0.4,1.0099517
1,-1,0.25,-1.963495408493621,0.6,1.0063032
1,-1,0.25,-1.963495408493621,0.7999999999999999,0.9985382
1,-1,0.25,-1.963495408493621,1.0,0.986
1,-1,0.25,-1.7016960206944713,-1.0,1.0156537
1,-1,0.25,-1.7016960206944713,-0.8,1.0153961
1,-1,0.25,-1.7016960206944713,-0.6000000000000001,1.0150543
1,-1,0.25,-1.7016960206944713,-0.4,1.0146083
1,-1,0.25,-1.7016960206944713,-0.20000000000000007,1.0140213
1,-1,0.25,-1.7016960206944713,0.0,1.0132209
1,-1,0.25,-1.7016960206944713,0.20000000000000007,1.012041
1,-1,0.25,-1.7016960206944713,0.4,1.0100578
1,-1,0.25,-1.7016960206944713,0.6,1.0061898
1,-1,0.25,-1.7016960206944713,0.7999999999999999,0.99827737
1,-1,0.25,-1.7016960206944713,1.0,0.9853244
1,-1,0.25,-1.439896632895322,-1.0,1.0167819
1,-1,0.25,-1.439896632895322,-0.8,1.0165192
1,-1,0.25,-1.439896632895322,-0.6000000000000001,1.016138
1,-1,0.25,-1.439896632895322,-0.4,1.0156084
1,-1,0.25,-1.439896632895322,-0.20000000000000007,1.0148832
1,-1,0.25,-1.439896632895322,0.0,1.0138783
1,-1,0.25,-1.439896632895322,0.20000000000000007,1.0124291
1,-1,0.25,-1.439896632895322,0.4,1.0101517
1,-1,0.25,-1.439896632895322,0.6,1.0060929
1,-1,0.25,-1.439896632895322,0.7999999999999999,0.99823695
1,-1,0.25,-1.439896632895322,1.0,0.98506504
1,-1,0.25,-1.1780972450961724,-1.0,1.0182505
1,-1,0.25,-1.1780972450961724,-0.8,1.0181032
1,-1,0.25,-1.1780972450961724,-0.6000000000000001,1.0177934
1,-1,0.25,-1.1780972450961724,-0.4,1.01727
1,-1,0.25,-1.1780972450961724,-0.20000000000000007,1.0164613
1,-1,0.25,-1.1780972450961724,0.0,1.0152631
1,-1,0.25,-1.1780972450961724,0.20000000000000007,1.0135039
1,-1,0.25,-1.1780972450961724,0.4,1.0108453
1,-1,0.25,-1.1780972450961724,0.6,1.0064969
1,-1,0.25,-1.1780972450961724,0.7999999999999999,0.99870205
1,-1,0.25,-1.1780972450961724,1.0,0.98553276
1,-1,0.25,-0.9162978572970231,-1.0,1.0199654
1,-1,0.25,-0.9162978572970231,-0.8,1.0200831
1,-1,0.25,-0.9162978572970231,-0.6000000000000001,1.0200106
1,-1,0.25,-0.9162978572970231,-0.4,1.0196658
1,-1,0.25,-0.9162978572970231,-0.20000000000000007,1.0189412
1,-1,0.25,-0.9162978572970231,0.0,1.0176914
1,-1,0.25,-0.9162978572970231,0.20000000000000007,1.0157121
1,-1,0.25,-0.9162978572970231,0.4,1.0126733
1,-1,0.25,-0.9162978572970231,0.6,1.007918
1,-1,0.25,-0.9162978572970231,0.7999999999999999,1.0000019
1,-1,0.25,-0.9162978572970231,1.0,0.9868954
1,-1,0.25,-0.6544984694978737,-1.0,1.021255
1,-1,0.25,-0.6544984694978737,-0.8,1.0216738
1,-1,0.25,-0.6544984694978737,-0.6000000000000001,1.0219172
1,-1,0.25,-0.6544984694978737,-0.4,1.0218797
1,-1,0.25,-0.6544984694978737,-0.20000000000000007,1.0214248
1,-1,0.25,-0.6544984694978737,0.0,1.0203696
1,-1,0.25,-0.6544984694978737,0.20000000000000007,1.018458
1,-1,0.25,-0.6544984694978737,0.4,1.0153087
1,-1,0.25,-0.6544984694978737,0.6,1.0102831
1,-1,0.25,-0.6544984694978737,0.7999999999999999,1.0021453
1,-1,0.25,-0.6544984694978737,1.0,0.9889814
1,-1,0.25,-0.39269908169872436,-1.0,1.0215073
1,-1,0.25,-0.39269908169872436,-0.8,1.0220903
1,-1,0.25,-0.39269908169872436,-0.6000000000000001,1.0225514
1,-1,0.25,-0.39269908169872436,-0.4,1.0227771
1,-1,0.25,-0.39269908169872436,-0.20000000000000007,1.022623
1,-1,0.25,-0.39269908169872436,0.0,1.0218949
1,-1,0.25,-0.39269908169872436,0.20000000000000007,1.0203131
1,-1,0.25,-0.39269908169872436,0.4,1.0174465
1,-1,0.25,-0.39269908169872436,0.6,1.0125903
1,-1,0.25,-0.39269908169872436,0.7999999999999999,1.0045036
1,-1,0.25,-0.39269908169872436,1.0,0.99128574
1,-1,0.25,-0.1308996938995748,-1.0,1.0208439
1,-1,0.25,-0.1308996938995748,-0.8,1.0213952
1,-1,0.25,-0.1308996938995748,-0.6000000000000001,1.0218905
1,-1,0.25,-0.1308996938995748,-0.4,1.0222267
1,-1,0.25,-0.1308996938995748,-0.20000000000000007,1.022267
1,-1,0.25,-0.1308996938995748,0.0,1.0218257
1,-1,0.25,-0.1308996938995748,0.20000000000000007,1.0206318
1,-1,0.25,-0.1308996938995748,0.4,1.0182532
1,-1,0.25,-0.1308996938995748,0.6,1.0139477
1,-1,0.25,-0.1308996938995748,0.7999999999999999,1.0063621
1,-1,0.25,-0.1308996938995748,1.0,0.9933403
1,-1,0.25,0.13089969389957457,-1.0,1.0198306
1,-1,0.25,0.13089969389957457,-0.8,1.0202565
1,-1,0.25,0.13089969389957457,-0.6000000000000001,1.0206642
1,-1,0.25,0.13089969389957457,-0.4,1.0209829
1,-1,0.25,0.13089969389957457,-0.20000000000000007,1.0211033
1,-1,0.25,0.13089969389957457,0.0,1.0208645
1,-1,0.25,0.13089969389957457,0.20000000000000007,1.0200233
1,-1,0.25,0.13089969389957457,0.4,1.018179
1,-1,0.25,0.13089969389957457,0.6,1.0145932
1,-1,0.25,0.13089969389957457,0.7999999999999999,1.0077866
1,-1,0.25,0.13089969389957457,1.0,0.9951822
1,-1,0.25,0.3926990816987239,-1.0,1.0187422
1,-1,0.25,0.3926990816987239,-0.8,1.0191079
1,-1,0.25,0.3926990816987239,-0.6000000000000001,1.0194572
1,-1,0.25,0.3926990816987239,-0.4,1.0197512
1,-1,0.25,0.3926990816987239,-0.20000000000000007,1.0199203
1,-1,0.25,0.3926990816987239,0.0,1.0198468
1,-1,0.25,0.3926990816987239,0.20000000000000007,1.0193311
1,-1,0.25,0.3926990816987239,0.4,1.0180117
1,-1,0.25,0.3926990816987239,0.6,1.0151557
1,-1,0.25,0.3926990816987239,0.7999999999999999,1.0091563
1,-1,0.25,0.3926990816987239,1.0,0.99702364
1,-1,0.25,0.6544984694978733,-1.0,1.0174483
1,-1,0.25,0.6544984694978733,-0.8,1.0178479
1,-1,0.25,0.6544984694978733,-0.6000000000000001,1.0182322
1,-1,0.25,0.6544984694978733,-0.4,1.0185766
1,-1,0.25,0.6544984694978733,-0.20000000000000007,1.0188371
1,-1,0.25,0.6544984694978733,0.0,1.0189319
1,-1,0.25,0.6544984694978733,0.20000000000000007,1.0187024
1,-1,0.25,0.6544984694978733,0.4,1.0178226
1,-1,0.25,0.6544984694978733,0.6,1.0155617
1,-1,0.25,0.6544984694978733,0.7999999999999999,1.0102246
1,-1,0.25,0.6544984694978733,1.0,0.99857765
1,-1,0.25,0.9162978572970226,-1.0,1.0158387
1,-1,0.25,0.9162978572970226,-0.8,1.016292
1,-1,0.25,0.9162978572970226,-0.6000000000000001,1.0167412
1,-1,0.25,0.9162978572970226,-0.4,1.0171654
1,-1,0.25,0.9162978572970226,-0.20000000000000007,1.0175315
1,-1,0.25,0.9162978572970226,0.0,1.0177752
1,-1,0.25,0.9162978572970226,0.20000000000000007,1.0177623
1,-1,0.25,0.9162978572970226,0.4,1.0171913
1,-1,0.25,0.9162978572970226,0.6,1.0153414
1,-1,0.25,0.9162978572970226,0.7999999999999999,1.010491
1,-1,0.25,0.9162978572970226,1.0,0.99936247
1,-1,0.25,1.178097245096172,-1.0,1.013986
1,-1,0.25,1.178097245096172,-0.8,1.0144696
1,-1,0.25,1.178097245096172,-0.6000000000000001,1.014959
1,-1,0.25,1.178097245096172,-0.4,1.0154358
1,-1,0.25,1.178097245096172,-0.20000000000000007,1.0158712
1,-1,0.25,1.178097245096172,0.0,1.0162097
1,-1,0.25,1.178097245096172,0.20000000000000007,1.0163318
1,-1,0.25,1.178097245096172,0.4,1.0159546
1,-1,0.25,1.178097245096172,0.6,1.0143772
1,-1,0.25,1.178097245096172,0.7999999999999999,1.0098939
1,-1,0.25,1.178097245096172,1.0,0.99929076
1,-1,0.25,1.4398966328953215,-1.0,1.0120636
1,-1,0.25,1.4398966328953215,-0.8,1.0125492
1,-1,0.25,1.4398966328953215,-0.6000000000000001,1.0130438
1,-1,0.25,1.4398966328953215,-0.4,1.0135313
1,-1,0.25,1.4398966328953215,-0.20000000000000007,1.013987
1,-1,0.25,1.4398966328953215,0.0,1.0143632
1,-1,0.25,1.4398966328953215,0.20000000000000007,1.0145526
1,-1,0.25,1.4398966328953215,0.4,1.0142922
1,-1,0.25,1.4398966328953215,0.6,1.0129075
1,-1,0.25,1.4398966328953215,0.7999999999999999,1.0087227
1,-1,0.25,1.4398966328953215,1.0,0.99859816
1,-1,0.25,1.7016960206944711,-1.0,1.0103163
1,-1,0.25,1.7016960206944711,-0.8,1.0107697
1,-1,0.25,1.7016960206944711,-0.6000000000000001,1.0112296
1,-1,0.25,1.7016960206944711,-0.4,1.0116833
1,-1,0.25,1.7016960206944711,-0.20000000000000007,1.0121115
1,-1,0.25,1.7016960206944711,0.0,1.0124749
1,-1,0.25,1.7016960206944711,0.20000000000000007,1.01268
1,-1,0.25,1.7016960206944711,0.4,1.0124856
1,-1,0.25,1.7016960206944711,0.6,1.0112444
1,-1,0.25,1.7016960206944711,0.7999999999999999,1.0073029
1,-1,0.25,1.7016960206944711,1.0,0.99755794
1,-1,0.25,1.9634954084936203,-1.0,1.0090073
1,-1,0.25,1.9634954084936203,-0.8,1.0093831
1,-1,0.25,1.9634954084936203,-0.6000000000000001,1.0097595
1,-1,0.25,1.9634954084936203,-0.4,1.0101298
1,-1,0.25,1.9634954084936203,-0.20000000000000007,1.010481
1,-1,0.25,1.9634954084936203,0.0,1.0107827
1,-1,0.25,1.9634954084936203,0.20000000000000007,1.0109559
1,-1,0.25,1.9634954084936203,0.4,1.0107807
1,-1,0.25,1.9634954084936203,0.6,1.009633
1,-1,0.25,1.9634954084936203,0.7999999999999999,1.0058595
1,-1,0.25,1.9634954084936203,1.0,0.9963574
1,-1,0.25,2.22529479629277,-1.0,1.0083089
1,-1,0.25,2.22529479629277,-0.8,1.0085579
1,-1,0.25,2.22529479629277,-0.6000000000000001,1.0088053
1,-1,0.25,2.22529479629277,-0.4,1.0090479
1,-1,0.25,2.22529479629277,-0.20000000000000007,1.0092772
1,-1,0.25,2.22529479629277,0.0,1.0094695
1,-1,0.25,2.22529479629277,0.20000000000000007,1.0095589
1,-1,0.25,2.22529479629277,0.4,1.0093457
1,-1,0.25,2.22529479629277,0.6,1.0082191
1,-1,0.25,2.22529479629277,0.7999999999999999,1.0045035
1,-1,0.25,2.22529479629277,1.0,0.99508595
1,-1,0.25,2.4870941840919194,-1.0,1.0082021
1,-1,0.25,2.4870941840919194,-0.8,1.0082998
1,-1,0.25,2.4870941840919194,-0.6000000000000001,1.0083963
1,-1,0.25,2.4870941840919194,-0.4,1.0084883
1,-1,0.25,2.4870941840919194,-0.20000000000000007,1.0085673
1,-1,0.25,2.4870941840919194,0.0,1.0086142
1,-1,0.25,2.4870941840919194,0.20000000000000007,1.0085739
1,-1,0.25,2.4870941840919194,0.4,1.0082613
1,-1,0.25,2.4870941840919194,0.6,1.0070654
1,-1,0.25,2.4870941840919194,0.7999999999999999,1.0032636
1,-1,0.25,2.4870941840919194,1.0,0.9937665
1,-1,0.25,2.7488935718910685,-1.0,1.0084649
1,-1,0.25,2.7488935718910685,-0.8,1.0084265
1,-1,0.25,2.7488935718910685,-0.6000000000000001,1.0083859
1,-1,0.25,2.7488935718910685,-0.4,1.0083369
1,-1,0.25,2.7488935718910685,-0.20000000000000007,1.0082706
1,-1,0.25,2.7488935718910685,0.0,1.008171
1,-1,0.25,2.7488935718910685,0.20000000000000007,1.007989
1,-1,0.25,2.7488935718910685,0.4,1.0075411
1,-1,0.25,2.7488935718910685,0.6,1.0061892
1,-1,0.25,2.7488935718910685,0.7999999999999999,1.0021396
1,-1,0.25,2.7488935718910685,1.0,0.9924111
1,-1,0.25,3.010692959690218,-1.0,1.0088478
1,-1,0.25,3.010692959690218,-0.8,1.0087223
1,-1,0.25,3.010692959690218,-0.6000000000000001,1.0085913
1,-1,0.25,3.010692959690218,-0.4,1.008448
1,-1,0.25,3.010692959690218,-0.20000000000000007,1.0082836
1,-1,0.25,3.010692959690218,0.0,1.0080823
1,-1,0.25,3.010692959690218,0.20000000000000007,1.0077901
1,-1,0.25,3.010692959690218,0.4,1.0072023
1,-1,0.25,3.010692959690218,0.6,1.0056192
1,-1,0.25,3.010692959690218,0.7999999999999999,1.0011512
1,-1,0.25,3.010692959690218,1.0,0.99107
1,-1,0.35,-3.0106929596902186,-1.0,1.0114652
1,-1,0.35,-3.0106929596902186,-0.8,1.01125
1,-1,0.35,-3.0106929596902186,-0.6000000000000001,1.0109612
1,-1,0.35,-3.0106929596902186,-0.4,1.0105957
1,-1,0.35,-3.0106929596902186,-0.20000000000000007,1.0101463
1,-1,0.35,-3.0106929596902186,0.0,1.0095869
1,-1,0.35,-3.0106929596902186,0.20000000000000007,1.0088294
1,-1,0.35,-3.0106929596902186,0.4,1.0075759
1,-1,0.35,-3.0106929596902186,0.6,1.0048711
1,-1,0.35,-3.0106929596902186,0.7999999999999999,0.9982212
1,-1,0.35,-3.0106929596902186,1.0,0.98455447
1,-1,0.35,-2.748893571891069,-1.0,1.0114619
1,-1,0.35,-2.748893571891069,-0.8,1.0112051
1,-1,0.35,-2.748893571891069,-0.6000000000000001,1.010882
1,-1,0.35,-2.748893571891069,-0.4,1.0104945
1,-1,0.35,-2.748893571891069,-0.20000000000000007,1.0100335
1,-1,0.35,-2.748893571891069,0.0,1.0094621
1,-1,0.35,-2.748893571891069,0.20000000000000007,1.0086652
1,-1,0.35,-2.748893571891069,0.4,1.0072871
1,-1,0.35,-2.748893571891069,0.6,1.004275
1,-1,0.35,-2.748893571891069,0.7999999999999999,0.99714375
1,-1,0.35,-2.748893571891069,1.0,0.9836383
1,-1,0.35,-2.4870941840919194,-1.0,1.011745
1,-1,0.35,-2.4870941840919194,-0.8,1.0114946
1,-1,0.35,-2.4870941840919194,-0.6000000000000001,1.0111817
1,-1,0.35,-2.4870941840919194,-0.4,1.010807
1,-1,0.35,-2.4870941840919194,-0.20000000000000007,1.0103565
1,-1,0.35,-2.4870941840919194,0.0,1.0097787
1,-1,0.35,-2.4870941840919194,0.20000000000000007,1.0089282
1,-1,0.35,-2.4870941840919194,0.4,1.0073881
1,-1,0.35,-2.4870941840919194,0.6,1.0040103
1,-1,0.35,-2.4870941840919194,0.7999999999999999,0.9963434
1,-1,0.35,-2.4870941840919194,1.0,0.982914
1,-1,0.35,-2.2252947962927703,-1.0,1.0126872
1,-1,0.35,-2.2252947962927703,-0.8,1.0124336
1,-1,0.35,-2.2252947962927703,-0.6000000000000001,1.0121087
1,-1,0.35,-2.2252947962927703,-0.4,1.0117109
1,-1,0.35,-2.2252947962927703,-0.20000000000000007,1.0112178
1,-1,0.35,-2.2252947962927703,0.0,1.0105635
1,-1,0.35,-2.2252947962927703,0.20000000000000007,1.0095757
1,-1,0.35,-2.2252947962927703,0.4,1.007791
1,-1,0.35,-2.2252947962927703,0.6,1.0039961
1,-1,0.35,-2.2252947962927703,0.7999999999999999,0.9957824
1,-1,0.35,-2.2252947962927703,1.0,0.9822219
1,-1,0.35,-1.963495408493621,-1.0,1.0141186
1,-1,0.35,-1.963495408493621,-0.8,1.0138448
1,-1,0.35,-1.963495408493621,-0.6000000000000001,1.0134774
1,-1,0.35,-1.963495408493621,-0.4,1.0130085
1,-1,0.35,-1.963495408493621,-0.20000000000000007,1.0124059
1,-1,0.35,-1.963495408493621,0.0,1.0115892
1,-1,0.35,-1.963495408493621,0.20000000000000007,1.010368
1,-1,0.35,-1.963495408493621,0.4,1.0082592
1,-1,0.35,-1.963495408493621,0.6,1.004044
1,-1,0.35,-1.963495408493621,0.7999999999999999,0.9953663
1,-1,0.35,-1.963495408493621,1.0,0.9814663
1,-1,0.35,-1.7016960206944713,-1.0,1.0159024
1,-1,0.35,-1.7016960206944713,-0.8,1.0156473
1,-1,0.35,-1.7016960206944713,-0.6000000000000001,1.0152544
1,-1,0.35,-1.7016960206944713,-0.4,1.0147028
1,-1,0.35,-1.7016960206944713,-0.20000000000000007,1.0139457
1,-1,0.35,-1.7016960206944713,0.0,1.0128869
1,-1,0.35,-1.7016960206944713,0.20000000000000007,1.011325
1,-1,0.35,-1.7016960206944713,0.4,1.0087906
1,-1,0.35,-1.7016960206944713,0.6,1.0041369
1,-1,0.35,-1.7016960206944713,0.7999999999999999,0.9951121
1,-1,0.35,-1.7016960206944713,1.0,0.9807644
1,-1,0.35,-1.439896632895322,-1.0,1.0181618
1,-1,0.35,-1.439896632895322,-0.8,1.0180509
1,-1,0.35,-1.439896632895322,-0.6000000000000001,1.0177366
1,-1,0.35,-1.439896632895322,-0.4,1.0171716
1,-1,0.35,-1.439896632895322,-0.20000000000000007,1.0162803
1,-1,0.35,-1.439896632895322,0.0,1.0149399
1,-1,0.35,-1.439896632895322,0.20000000000000007,1.0129358
1,-1,0.35,-1.439896632895322,0.4,1.0098299
1,-1,0.35,-1.439896632895322,0.6,1.0046167
1,-1,0.35,-1.439896632895322,0.7999999999999999,0.99526405
1,-1,0.35,-1.439896632895322,1.0,0.98048806
1,-1,0.35,-1.1780972450961724,-1.0,1.0208243
1,-1,0.35,-1.1780972450961724,-0.8,1.0210394
1,-1,0.35,-1.1780972450961724,-0.6000000000000001,1.0209895
1,-1,0.35,-1.1780972450961724,-0.4,1.0205921
1,-1,0.35,-1.1780972450961724,-0.20000000000000007,1.0197282
1,-1,0.35,-1.1780972450961724,0.0,1.0182272
1,-1,0.35,-1.1780972450961724,0.20000000000000007,1.0158275
1,-1,0.35,-1.1780972450961724,0.4,1.0120846
1,-1,0.35,-1.1780972450961724,0.6,1.0061294
1,-1,0.35,-1.1780972450961724,0.7999999999999999,0.9962685
1,-1,0.35,-1.1780972450961724,1.0,0.98108053
1,-1,0.35,-0.9162978572970231,-1.0,1.0230994
1,-1,0.35,-0.9162978572970231,-0.8,1.0237349
1,-1,0.35,-0.9162978572970231,-0.6000000000000001,1.024069
1,-1,0.35,-0.9162978572970231,-0.4,1.0240015
1,-1,0.35,-0.9162978572970231,-0.20000000000000007,1.0233946
1,-1,0.35,-0.9162978572970231,0.0,1.0220442
1,-1,0.35,-0.9162978572970231,0.20000000000000007,1.0196205
1,-1,0.35,-0.9162978572970231,0.4,1.0155731
1,-1,0.35,-0.9162978572970231,0.6,1.0089873
1,-1,0.35,-0.9162978572970231,0.7999999999999999,0.9984145
1,-1,0.35,-0.9162978572970231,1.0,0.9826469
1,-1,0.35,-0.6544984694978737,-1.0,1.0237544
1,-1,0.35,-0.6544984694978737,-0.8,1.0247488
1,-1,0.35,-0.6544984694978737,-0.6000000000000001,1.0254338
1,-1,0.35,-0.6544984694978737,-0.4,1.0257078
1,-1,0.35,-0.6544984694978737,-0.20000000000000007,1.0254489
1,-1,0.35,-0.6544984694978737,0.0,1.0244709
1,-1,0.35,-0.6544984694978737,0.20000000000000007,1.0224357
1,-1,0.35,-0.6544984694978737,0.4,1.0186987
1,-1,0.35,-0.6544984694978737,0.6,1.0121311
1,-1,0.35,-0.6544984694978737,0.7999999999999999,1.0011302
1,-1,0.35,-0.6544984694978737,1.0,0.9846657
1,-1,0.35,-0.39269908169872436,-1.0,1.0222255
1,-1,0.35,-0.39269908169872436,-0.8,1.0234213
1,-1,0.35,-0.39269908169872436,-0.6000000000000001,1.0243664
1,-1,0.35,-0.39269908169872436,-0.4,1.0249414
1,-1,0.35,-0.39269908169872436,-0.20000000000000007,1.0250239
1,-1,0.35,-0.39269908169872436,0.0,1.0244455
1,-1,0.35,-0.39269908169872436,0.20000000000000007,1.0228947
1,-1,0.35,-0.39269908169872436,0.4,1.019729
1,-1,0.35,-0.39269908169872436,0.6,1.0137092
1,-1,0.35,-0.39269908169872436,0.7999999999999999,1.0029372
1,-1,0.35,-0.39269908169872436,1.0,0.9861412
1,-1,0.35,-0.1308996938995748,-1.0,1.0193017
1,-1,0.35,-0.1308996938995748,-0.8,1.0204142
1,-1,0.35,-0.1308996938995748,-0.6000000000000001,1.0214208
1,-1,0.35,-0.1308996938995748,-0.4,1.0221772
1,-1,0.35,-0.1308996938995748,-0.20000000000000007,1.0225315
1,-1,0.35,-0.1308996938995748,0.0,1.0222942
1,-1,0.35,-0.1308996938995748,0.20000000000000007,1.0211521
1,-1,0.35,-0.1308996938995748,0.4,1.018489
1,-1,0.35,-0.1308996938995748,0.6,1.0130969
1,-1,0.35,-0.1308996938995748,0.7999999999999999,1.0029787
1,-1,0.35,-0.1308996938995748,1.0,0.9864513
1,-1,0.35,0.13089969389957457,-1.0,1.0164751
1,-1,0.35,0.13089969389957457,-0.8,1.0172476
1,-1,0.35,0.13089969389957457,-0.6000000000000001,1.0180414
1,-1,0.35,0.13089969389957457,-0.4,1.0187386
1,-1,0.35,0.13089969389957457,-0.20000000000000007,1.0191797
1,-1,0.35,0.13089969389957457,0.0,1.0191522
1,-1,0.35,0.13089969389957457,0.20000000000000007,1.018331
1,-1,0.35,0.13089969389957457,0.4,1.0161296
1,-1,0.35,0.13089969389957457,0.6,1.0114161
1,-1,0.35,0.13089969389957457,0.7999999999999999,1.0021609
1,-1,0.35,0.13089969389957457,1.0,0.9861684
1,-1,0.35,0.3926990816987239,-1.0,1.0145133
1,-1,0.35,0.3926990816987239,-0.8,1.0149833
1,-1,0.35,0.3926990816987239,-0.6000000000000001,1.0155057
1,-1,0.35,0.3926990816987239,-0.4,1.0160207
1,-1,0.35,0.3926990816987239,-0.20000000000000007,1.0164171
1,-1,0.35,0.3926990816987239,0.0,1.0165119
1,-1,0.35,0.3926990816987239,0.20000000000000007,1.0160027
1,-1,0.35,0.3926990816987239,0.4,1.01434
1,-1,0.35,0.3926990816987239,0.6,1.01042
1,-1,0.35,0.3926990816987239,0.7999999999999999,1.0020465
1,-1,0.35,0.3926990816987239,1.0,0.98637366
1,-1,0.35,0.6544984694978733,-1.0,1.0131221
1,-1,0.35,0.6544984694978733,-0.8,1.0134896
1,-1,0.35,0.6544984694978733,-0.6000000000000001,1.0139036
1,-1,0.35,0.6544984694978733,-0.4,1.0143408
1,-1,0.35,0.6544984694978733,-0.20000000000000007,1.014741
1,-1,0.35,0.6544984694978733,0.0,1.0149775
1,-1,0.35,0.6544984694978733,0.20000000000000007,1.0147994
1,-1,0.35,0.6544984694978733,0.4,1.0136921
1,-1,0.35,0.6544984694978733,0.6,1.0105299
1,-1,0.35,0.6544984694978733,0.7999999999999999,1.0029024
1,-1,0.35,0.6544984694978733,1.0,0.98736835
1,-1,0.35,0.9162978572970226,-1.0,1.0117551
1,-1,0.35,0.9162978572970226,-0.8,1.0121397
1,-1,0.35,0.9162978572970226,-0.6000000000000001,1.0125736
1,-1,0.35,0.9162978572970226,-0.4,1.013048
1,-1,0.35,0.9162978572970226,-0.20000000000000007,1.0135301
1,-1,0.35,0.9162978572970226,0.0,1.0139316
1,-1,0.35,0.9162978572970226,0.20000000000000007,1.0140452
1,-1,0.35,0.9162978572970226,0.4,1.0133904
1,-1,0.35,0.9162978572970226,0.6,1.0108362
1,-1,0.35,0.9162978572970226,0.7999999999999999,1.003852
1,-1,0.35,0.9162978572970226,1.0,0.9886246
1,-1,0.35,1.178097245096172,-1.0,1.0102044
1,-1,0.35,1.178097245096172,-0.8,1.0106272
1,-1,0.35,1.178097245096172,-0.6000000000000001,1.0111076
1,-1,0.35,1.178097245096172,-0.4,1.0116433
1,-1,0.35,1.178097245096172,-0.20000000000000007,1.0122138
1,-1,0.35,1.178097245096172,0.0,1.012753
1,-1,0.35,1.178097245096172,0.20000000000000007,1.0130838
1,-1,0.35,1.178097245096172,0.4,1.012761
1,-1,0.35,1.178097245096172,0.6,1.0106798
1,-1,0.35,1.178097245096172,0.7999999999999999,1.004284
1,-1,0.35,1.178097245096172,1.0,0.9895831
1,-1,0.35,1.4398966328953215,-1.0,1.0085807
1,-1,0.35,1.4398966328953215,-0.8,1.0090281
1,-1,0.35,1.4398966328953215,-0.6000000000000001,1.0095397
1,-1,0.35,1.4398966328953215,-0.4,1.0101157
1,-1,0.35,1.4398966328953215,-0.20000000000000007,1.010743
1,-1,0.35,1.4398966328953215,0.0,1.0113698
1,-1,0.35,1.4398966328953215,0.20000000000000007,1.0118438
1,-1,0.35,1.4398966328953215,0.4,1.0117577
1,-1,0.35,1.4398966328953215,0.6,1.0100505
1,-1,0.35,1.4398966328953215,0.7999999999999999,1.0041815
1,-1,0.35,1.4398966328953215,1.0,0.9900492
1,-1,0.35,1.7016960206944711,-1.0,1.0071967
1,-1,0.35,1.7016960206944711,-0.8,1.0076432
1,-1,0.35,1.7016960206944711,-0.6000000000000001,1.008154
1,-1,0.35,1.7016960206944711,-0.4,1.0087314
1,-1,0.35,1.7016960206944711,-0.20000000000000007,1.0093673
1,-1,0.35,1.7016960206944711,0.0,1.0100204
1,-1,0.35,1.7016960206944711,0.20000000000000007,1.0105616
1,-1,0.35,1.7016960206944711,0.4,1.0106225
1,-1,0.35,1.7016960206944711,0.6,1.009193
1,-1,0.35,1.7016960206944711,0.7999999999999999,1.0037495
1,-1,0.35,1.7016960206944711,1.0,0.9900651
1,-1,0.35,1.9634954084936203,-1.0,1.006466
1,-1,0.35,1.9634954084936203,-0.8,1.0068709
1,-1,0.35,1.9634954084936203,-0.6000000000000001,1.0073323
1,-1,0.35,1.9634954084936203,-0.4,1.0078539
1,-1,0.35,1.9634954084936203,-0.20000000000000007,1.0084285
1,-1,0.35,1.9634954084936203,0.0,1.0090227
1,-1,0.35,1.9634954084936203,0.20000000000000007,1.0095273
1,-1,0.35,1.9634954084936203,0.4,1.0096152
1,-1,0.35,1.9634954084936203,0.6,1.0083284
1,-1,0.35,1.9634954084936203,0.7999999999999999,1.0031525
1,-1,0.35,1.9634954084936203,1.0,0.98972005
1,-1,0.35,2.22529479629277,-1.0,1.006739
1,-1,0.35,2.22529479629277,-0.8,1.0070525
1,-1,0.35,2.22529479629277,-0.6000000000000001,1.007408
1,-1,0.35,2.22529479629277,-0.4,1.0078031
1,-1,0.35,2.22529479629277,-0.20000000000000007,1.0082258
1,-1,0.35,2.22529479629277,0.0,1.0086441
1,-1,0.35,2.22529479629277,0.20000000000000007,1.008968
1,-1,0.35,2.22529479629277,0.4,1.0089127
1,-1,0.35,2.22529479629277,0.6,1.0075747
1,-1,0.35,2.22529479629277,0.7999999999999999,1.0024463
1,-1,0.35,2.22529479629277,1.0,0.9890658
1,-1,0.35,2.4870941840919194,-1.0,1.008007
1,-1,0.35,2.4870941840919194,-0.8,1.008196
1,-1,0.35,2.4870941840919194,-0.6000000000000001,1.0083994
1,-1,0.35,2.4870941840919194,-0.4,1.0086015
1,-1,0.35,2.4870941840919194,-0.20000000000000007,1.0087819
1,-1,0.35,2.4870941840919194,0.0,1.0089102
1,-1,0.35,2.4870941840919194,0.20000000000000007,1.008914
1,-1,0.35,2.4870941840919194,0.4,1.008544
1,-1,0.35,2.4870941840919194,0.6,1.0069417
1,-1,0.35,2.4870941840919194,0.7999999999999999,1.0016133
1,-1,0.35,2.4870941840919194,1.0,0.9881275
1,-1,0.35,2.7488935718910685,-1.0,1.0096984
1,-1,0.35,2.7488935718910685,-0.8,1.0097476
1,-1,0.35,2.7488935718910685,-0.6000000000000001,1.0097672
1,-1,0.35,2.7488935718910685,-0.4,1.009736
1,-1,0.35,2.7488935718910685,-0.20000000000000007,1.0096343
1,-1,0.35,2.7488935718910685,0.0,1.0094374
1,-1,0.35,2.7488935718910685,0.20000000000000007,1.0090815
1,-1,0.35,2.7488935718910685,0.4,1.0083293
1,-1,0.35,2.7488935718910685,0.6,1.0063344
1,-1,0.35,2.7488935718910685,0.7999999999999999,1.000614
1,-1,0.35,2.7488935718910685,1.0,0.9869624
1,-1,0.35,3.010692959690218,-1.0,1.010994
1,-1,0.35,3.010692959690218,-0.8,1.0108942
1,-1,0.35,3.010692959690218,-0.6000000000000001,1.010729
1,-1,0.35,3.010692959690218,-0.4,1.0104856
1,-1,0.35,3.010692959690218,-0.20000000000000007,1.0101522
1,-1,0.35,3.010692959690218,0.0,1.0097069
1,-1,0.35,3.010692959690218,0.20000000000000007,1.0090796
1,-1,0.35,3.010692959690218,0.4,1.0080152
1,-1,0.35,3.010692959690218,0.6,1.0056325
1,-1,0.35,3.010692959690218,0.7999999999999999,0.99944633
1,-1,0.35,3.010692959690218,1.0,0.9857064
1,-1,0.47500000000000003,-3.0106929596902186,-1.0,1.0197803
1,-1,0.47500000000000003,-3.0106929596902186,-0.8,1.0195359
1,-1,0.47500000000000003,-3.0106929596902186,-0.6000000000000001,1.0191118
1,-1,0.47500000000000003,-3.0106929596902186,-0.4,1.0185095
1,-1,0.47500000000000003,-3.0106929596902186,-0.20000000000000007,1.0177143
1,-1,0.47500000000000003,-3.0106929596902186,0.0,1.0166631
1,-1,0.47500000000000003,-3.0106929596902186,0.20000000000000007,1.0151529
1,-1,0.47500000000000003,-3.0106929596902186,0.4,1.0125984
1,-1,0.47500000000000003,-3.0106929596902186,0.6,1.0074531
1,-1,0.47500000000000003,-3.0106929596902186,0.7999999999999999,0.9962685
1,-1,0.47500000000000003,-3.0106929596902186,1.0,0.97624177
1,-1,0.47500000000000003,-2.748893571891069,-1.0,1.0193623
1,-1,0.47500000000000003,-2.748893571891069,-0.8,1.019008
1,-1,0.47500000000000003,-2.748893571891069,-0.6000000000000001,1.0184883
1,-1,0.47500000000000003,-2.748893571891069,-0.4,1.0177898
1,-1,0.47500000000000003,-2.748893571891069,-0.20000000000000007,1.0168787
1,-1,0.47500000000000003,-2.748893571891069,0.0,1.015673
1,-1,0.47500000000000003,-2.748893571891069,0.20000000000000007,1.0139552
1,-1,0.47500000000000003,-2.748893571891069,0.4,1.0111395
1,-1,0.47500000000000003,-2.748893571891069,0.6,1.0057226
1,-1,0.47500000000000003,-2.748893571891069,0.7999999999999999,0.99454355
1,-1,0.47500000000000003,-2.748893571891069,1.0,0.97568065
1,-1,0.47500000000000003,-2.4870941840919194,-1.0,1.0183442
1,-1,0.47500000000000003,-2.4870941840919194,-0.8,1.0179832
1,-1,0.47500000000000003,-2.4870941840919194,-0.6000000000000001,1.0174624
1,-1,0.47500000000000003,-2.4870941840919194,-0.4,1.0167581
1,-1,0.47500000000000003,-2.4870941840919194,-0.20000000000000007,1.0158225
1,-1,0.47500000000000003,-2.4870941840919194,0.0,1.0145563
1,-1,0.47500000000000003,-2.4870941840919194,0.20000000000000007,1.0127286
1,-1,0.47500000000000003,-2.4870941840919194,0.4,1.0097538
1,-1,0.47500000000000003,-2.4870941840919194,0.6,1.0041708
1,-1,0.47500000000000003,-2.4870941840919194,0.7999999999999999,0.9931
1,-1,0.47500000000000003,-2.4870941840919194,1.0,0.9753923
1,-1,0.47500000000000003,-2.2252947962927703,-1.0,1.0179535
1,-1,0.47500000000000003,-2.2252947962927703,-0.8,1.0176119
1,-1,0.47500000000000003,-2.2252947962927703,-0.6000000000000001,1.0171031
1,-1,0.47500000000000003,-2.2252947962927703,-0.4,1.016399
1,-1,0.47500000000000003,-2.2252947962927703,-0.20000000000000007,1.0154431
1,-1,0.47500000000000003,-2.2252947962927703,0.0,1.014123
1,-1,0.47500000000000003,-2.2252947962927703,0.20000000000000007,1.0121924
1,-1,0.47500000000000003,-2.2252947962927703,0.4,1.0090551
1,-1,0.47500000000000003,-2.2252947962927703,0.6,1.0032715
1,-1,0.47500000000000003,-2.2252947962927703,0.7999999999999999,0.99217635
1,-1,0.47500000000000003,-2.2252947962927703,1.0,0.9751959
1,-1,0.47500000000000003,-1.963495408493621,-1.0,1.0187579
1,-1,0.47500000000000003,-1.963495408493621,-0.8,1.0184573
1,-1,0.47500000000000003,-1.963495408493621,-0.6000000000000001,1.0179653
1,-1,0.47500000000000003,-1.963495408493621,-0.4,1.0172428
1,-1,0.47500000000000003,-1.963495408493621,-0.20000000000000007,1.0162188
1,-1,0.47500000000000003,-1.963495408493621,0.0,1.0147643
1,-1,0.47500000000000003,-1.963495408493621,0.20000000000000007,1.0126158
1,-1,0.47500000000000003,-1.963495408493621,0.4,1.009172
1,-1,0.47500000000000003,-1.963495408493621,0.6,1.0030324
1,-1,0.47500000000000003,-1.963495408493621,0.7999999999999999,0.99170285
1,-1,0.47500000000000003,-1.963495408493621,1.0,0.9749181
1,-1,0.47500000000000003,-1.7016960206944713,-1.0,1.0206574
1,-1,0.47500000000000003,-1.7016960206944713,-0.8,1.0204787
1,-1,0.47500000000000003,-1.7016960206944713,-0.6000000000000001,1.020066
1,-1,0.47500000000000003,-1.7016960206944713,-0.4,1.0193568
1,-1,0.47500000000000003,-1.7016960206944713,-0.20000000000000007,1.0182525
1,-1,0.47500000000000003,-1.7016960206944713,0.0,1.0165935
1,-1,0.47500000000000003,-1.7016960206944713,0.20000000000000007,1.0140893
1,-1,0.47500000000000003,-1.7016960206944713,0.4,1.0101391
1,-1,0.47500000000000003,-1.7016960206944713,0.6,1.0034302
1,-1,0.47500000000000003,-1.7016960206944713,0.7999999999999999,0.9916741
1,-1,0.47500000000000003,-1.7016960206944713,1.0,0.9746733
1,-1,0.47500000000000003,-1.439896632895322,-1.0,1.0233446
1,-1,0.47500000000000003,-1.439896632895322,-0.8,1.0234019
1,-1,0.47500000000000003,-1.439896632895322,-0.6000000000000001,1.0231756
1,-1,0.47500000000000003,-1.439896632895322,-0.4,1.0225812
1,-1,0.47500000000000003,-1.439896632895322,-0.20000000000000007,1.0214896
1,-1,0.47500000000000003,-1.439896632895322,0.0,1.0196966
1,-1,0.47500000000000003,-1.439896632895322,0.20000000000000007,1.0168513
1,-1,0.47500000000000003,-1.439896632895322,0.4,1.0123048
1,-1,0.47500000000000003,-1.439896632895322,0.6,1.0048164
1,-1,0.47500000000000003,-1.439896632895322,0.7999999999999999,0.9923968
1,-1,0.47500000000000003,-1.439896632895322,1.0,0.97490263
1,-1,0.47500000000000003,-1.1780972450961724,-1.0,1.0261049
1,-1,0.47500000000000003,-1.1780972450961724,-0.8,1.0264299
1,-1,0.47500000000000003,-1.1780972450961724,-0.6000000000000001,1.0264258
1,-1,0.47500000000000003,-1.1780972450961724,-0.4,1.0260191
1,-1,0.47500000000000003,-1.1780972450961724,-0.20000000000000007,1.0250897
1,-1,0.47500000000000003,-1.1780972450961724,0.0,1.0234214
1,-1,0.47500000000000003,-1.1780972450961724,0.20000000000000007,1.0205951
1,-1,0.47500000000000003,-1.1780972450961724,0.4,1.0158063
1,-1,0.47500000000000003,-1.1780972450961724,0.6,1.0076587
1,-1,0.47500000000000003,-1.1780972450961724,0.7999999999999999,0.994333
1,-1,0.47500000000000003,-1.1780972450961724,1.0,0.97602326
1,-1,0.47500000000000003,-0.9162978572970231,-1.0,1.0276283
1,-1,0.47500000000000003,-0.9162978572970231,-0.8,1.0281552
1,-1,0.47500000000000003,-0.9162978572970231,-0.6000000000000001,1.0283074
1,-1,0.47500000000000003,-0.9162978572970231,-0.4,1.0280584
1,-1,0.47500000000000003,-0.9162978572970231,-0.20000000000000007,1.0273459
1,-1,0.47500000000000003,-0.9162978572970231,0.0,1.0260102
1,-1,0.47500000000000003,-0.9162978572970231,0.20000000000000007,1.0236527
1,-1,0.47500000000000003,-0.9162978572970231,0.4,1.0193652
1,-1,0.47500000000000003,-0.9162978572970231,0.6,1.0113757
1,-1,0.47500000000000003,-0.9162978572970231,0.7999999999999999,0.99739504
1,-1,0.47500000000000003,-0.9162978572970231,1.0,0.97792
1,-1,0.47500000000000003,-0.6544984694978737,-1.0,1.0268368
1,-1,0.47500000000000003,-0.6544984694978737,-0.8,1.0276119
1,-1,0.47500000000000003,-0.6544984694978737,-0.6000000000000001,1.0279555
1,-1,0.47500000000000003,-0.6544984694978737,-0.4,1.027883
1,-1,0.47500000000000003,-0.6544984694978737,-0.20000000000000007,1.0273916
1,-1,0.47500000000000003,-0.6544984694978737,0.0,1.0263938
1,-1,0.47500000000000003,-0.6544984694978737,0.20000000000000007,1.0245758
1,-1,0.47500000000000003,-0.6544984694978737,0.4,1.0210844
1,-1,0.47500000000000003,-0.6544984694978737,0.6,1.0139698
1,-1,0.47500000000000003,-0.6544984694978737,0.7999999999999999,1.000163
1,-1,0.47500000000000003,-0.6544984694978737,1.0,0.9797036
1,-1,0.47500000000000003,-0.39269908169872436,-1.0,1.0234642
1,-1,0.47500000000000003,-0.39269908169872436,-0.8,1.02467
1,-1,0.47500000000000003,-0.39269908169872436,-0.6000000000000001,1.0254215
1,-1,0.47500000000000003,-0.39269908169872436,-0.4,1.0257074
1,-1,0.47500000000000003,-0.39269908169872436,-0.20000000000000007,1.0255358
1,-1,0.47500000000000003,-0.39269908169872436,0.0,1.0248564
1,-1,0.47500000000000003,-0.39269908169872436,0.20000000000000007,1.0234137
1,-1,0.47500000000000003,-0.39269908169872436,0.4,1.0204264
1,-1,0.47500000000000003,-0.39269908169872436,0.6,1.0139655
1,-1,0.47500000000000003,-0.39269908169872436,0.7999999999999999,1.0006541
1,-1,0.47500000000000003,-0.39269908169872436,1.0,0.98005825
1,-1,0.47500000000000003,-0.1308996938995748,-1.0,1.0182732
1,-1,0.47500000000000003,-0.1308996938995748,-0.8,1.0197166
1,-1,0.47500000000000003,-0.1308996938995748,-0.6000000000000001,1.0209022
1,-1,0.47500000000000003,-0.1308996938995748,-0.4,1.0216907
1,-1,0.47500000000000003,-0.1308996938995748,-0.20000000000000007,1.0219879
1,-1,0.47500000000000003,-0.1308996938995748,0.0,1.0216823
1,-1,0.47500000000000003,-0.1308996938995748,0.20000000000000007,1.0204896
1,-1,0.47500000000000003,-0.1308996938995748,0.4,1.0176301
1,-1,0.47500000000000003,-0.1308996938995748,0.6,1.0112487
1,-1,0.47500000000000003,-0.1308996938995748,0.7999999999999999,0.9982588
1,-1,0.47500000000000003,-0.1308996938995748,1.0,0.9785196
1,-1,0.47500000000000003,0.13089969389957457,-1.0,1.0135353
1,-1,0.47500000000000003,0.13089969389957457,-0.8,1.0145899
1,-1,0.47500000000000003,0.13089969389957457,-0.6000000000000001,1.015659
1,-1,0.47500000000000003,0.13089969389957457,-0.4,1.0165788
1,-1,0.47500000000000003,0.13089969389957457,-0.20000000000000007,1.0171543
1,-1,0.47500000000000003,0.13089969389957457,0.0,1.017142
1,-1,0.47500000000000003,0.13089969389957457,0.20000000000000007,1.0161427
1,-1,0.47500000000000003,0.13089969389957457,0.4,1.0133337
1,-1,0.47500000000000003,0.13089969389957457,0.6,1.0070192
1,-1,0.47500000000000003,0.13089969389957457,0.7999999999999999,0.9946353
1,-1,0.47500000000000003,0.13089969389957457,1.0,0.976229
1,-1,0.47500000000000003,0.3926990816987239,-1.0,1.010662
1,-1,0.47500000000000003,0.3926990816987239,-0.8,1.0112202
1,-1,0.47500000000000003,0.3926990816987239,-0.6000000000000001,1.0118651
1,-1,0.47500000000000003,0.3926990816987239,-0.4,1.0125085
1,-1,0.47500000000000003,0.3926990816987239,-0.20000000000000007,1.01299
1,-1,0.47500000000000003,0.3926990816987239,0.0,1.0130486
1,-1,0.47500000000000003,0.3926990816987239,0.20000000000000007,1.012246
1,-1,0.47500000000000003,0.3926990816987239,0.4,1.0097638
1,-1,0.47500000000000003,0.3926990816987239,0.6,1.004003
1,-1,0.47500000000000003,0.3926990816987239,0.7999999999999999,0.9924261
1,-1,0.47500000000000003,0.3926990816987239,1.0,0.9746254
1,-1,0.47500000000000003,0.6544984694978733,-1.0,1.0091815
1,-1,0.47500000000000003,0.6544984694978733,-0.8,1.0095186
1,-1,0.47500000000000003,0.6544984694978733,-0.6000000000000001,1.0099384
1,-1,0.47500000000000003,0.6544984694978733,-0.4,1.0104051
1,-1,0.47500000000000003,0.6544984694978733,-0.20000000000000007,1.0108234
1,-1,0.47500000000000003,0.6544984694978733,0.0,1.0109929
1,-1,0.47500000000000003,0.6544984694978733,0.20000000000000007,1.0105201
1,-1,0.47500000000000003,0.6544984694978733,0.4,1.0086051
1,-1,0.47500000000000003,0.6544984694978733,0.6,1.0035774
1,-1,0.47500000000000003,0.6544984694978733,0.7999999999999999,0.99248594
1,-1,0.47500000000000003,0.6544984694978733,1.0,0.9742207
1,-1,0.47500000000000003,0.9162978572970226,-1.0,1.0081083
1,-1,0.47500000000000003,0.9162978572970226,-0.8,1.0084375
1,-1,0.47500000000000003,0.9162978572970226,-0.6000000000000001,1.0088528
1,-1,0.47500000000000003,0.9162978572970226,-0.4,1.0093452
1,-1,0.47500000000000003,0.9162978572970226,-0.20000000000000007,1.0098614
1,-1,0.47500000000000003,0.9162978572970226,0.0,1.0102544
1,-1,0.47500000000000003,0.9162978572970226,0.20000000000000007,1.0101806
1,-1,0.47500000000000003,0.9162978572970226,0.4,1.0088583
1,-1,0.47500000000000003,0.9162978572970226,0.6,1.0045334
1,-1,0.47500000000000003,0.9162978572970226,0.7999999999999999,0.9938314
1,-1,0.47500000000000003,0.9162978572970226,1.0,0.9747975
1,-1,0.47500000000000003,1.178097245096172,-1.0,1.0069133
1,-1,0.47500000000000003,1.178097245096172,-0.8,1.0073009
1,-1,0.47500000000000003,1.178097245096172,-0.6000000000000001,1.0077895
1,-1,0.47500000000000003,1.178097245096172,-0.4,1.0083832
1,-1,0.47500000000000003,1.178097245096172,-0.20000000000000007,1.0090518
1,-1,0.47500000000000003,1.178097245096172,0.0,1.0096825
1,-1,0.47500000000000003,1.178097245096172,0.20000000000000007,1.0099729
1,-1,0.47500000000000003,1.178097245096172,0.4,1.0091759
1,-1,0.47500000000000003,1.178097245096172,0.6,1.005518
1,-1,0.47500000000000003,1.178097245096172,0.7999999999999999,0.9953559
1,-1,0.47500000000000003,1.178097245096172,1.0,0.9758615
1,-1,0.47500000000000003,1.4398966328953215,-1.0,1.0056429
1,-1,0.47500000000000003,1.4398966328953215,-0.8,1.0060896
1,-1,0.47500000000000003,1.4398966328953215,-0.6000000000000001,1.0066538
1,-1,0.47500000000000003,1.4398966328953215,-0.4,1.007346
1,-1,0.47500000000000003,1.4398966328953215,-0.20000000000000007,1.0081488
1,-1,0.47500000000000003,1.4398966328953215,0.0,1.0089719
1,-1,0.47500000000000003,1.4398966328953215,0.20000000000000007,1.0095482
1,-1,0.47500000000000003,1.4398966328953215,0.4,1.0091779
1,-1,0.47500000000000003,1.4398966328953215,0.6,1.0061182
1,-1,0.47500000000000003,1.4398966328953215,0.7999999999999999,0.996578
1,-1,0.47500000000000003,1.4398966328953215,1.0,0.97695184
1,-1,0.47500000000000003,1.7016960206944711,-1.0,1.0047423
1,-1,0.47500000000000003,1.7016960206944711,-0.8,1.0052322
1,-1,0.47500000000000003,1.7016960206944711,-0.6000000000000001,1.0058497
1,-1,0.47500000000000003,1.7016960206944711,-0.4,1.0066062
1,-1,0.47500000000000003,1.7016960206944711,-0.20000000000000007,1.0074878
1,-1,0.47500000000000003,1.7016960206944711,0.0,1.0084163
1,-1,0.47500000000000003,1.7016960206944711,0.20000000000000007,1.0091554
1,-1,0.47500000000000003,1.7016960206944711,0.4,1.0090619
1,-1,0.47500000000000003,1.7016960206944711,0.6,1.0064515
1,-1,0.47500000000000003,1.7016960206944711,0.7999999999999999,0.9974489
1,-1,0.47500000000000003,1.7016960206944711,1.0,0.9778068
1,-1,0.47500000000000003,1.9634954084936203,-1.0,1.0049415
1,-1,0.47500000000000003,1.9634954084936203,-0.8,1.0054512
1,-1,0.47500000000000003,1.9634954084936203,-0.6000000000000001,1.0060833
1,-1,0.47500000000000003,1.9634954084936203,-0.4,1.0068398
1,-1,0.47500000000000003,1.9634954084936203,-0.20000000000000007,1.007696
1,-1,0.47500000000000003,1.9634954084936203,0.0,1.0085737
1,-1,0.47500000000000003,1.9634954084936203,0.20000000000000007,1.0092636
1,-1,0.47500000000000003,1.9634954084936203,0.4,1.0091897
1,-1,0.47500000000000003,1.9634954084936203,0.6,1.006753
1,-1,0.47500000000000003,1.9634954084936203,0.7999999999999999,0.9980409
1,-1,0.47500000000000003,1.9634954084936203,1.0,0.9783354
1,-1,0.47500000000000003,2.22529479629277,-1.0,1.0069553
1,-1,0.47500000000000003,2.22529479629277,-0.8,1.0074658
1,-1,0.47500000000000003,2.22529479629277,-0.6000000000000001,1.0080676
1,-1,0.47500000000000003,2.22529479629277,-0.4,1.0087318
1,-1,0.47500000000000003,2.22529479629277,-0.20000000000000007,1.0094055
1,-1,0.47500000000000003,2.22529479629277,0.0,1.010002
1,-1,0.47500000000000003,2.22529479629277,0.20000000000000007,1.0103401
1,-1,0.47500000000000003,2.22529479629277,0.4,1.0099164
1,-1,0.47500000000000003,2.22529479629277,0.6,1.0072359
1,-1,0.47500000000000003,2.22529479629277,0.7999999999999999,0.9984142
1,-1,0.47500000000000003,2.22529479629277,1.0,0.97851366
1,-1,0.47500000000000003,2.4870941840919194,-1.0,1.0107399
1,-1,0.47500000000000003,2.4870941840919194,-0.8,1.0112435
1,-1,0.47500000000000003,2.4870941840919194,-0.6000000000000001,1.0117475
1,-1,0.47500000000000003,2.4870941840919194,-0.4,1.0121902
1,-1,0.47500000000000003,2.4870941840919194,-0.20000000000000007,1.0125084
1,-1,0.47500000000000003,2.4870941840919194,0.0,1.0126257
1,-1,0.47500000000000003,2.4870941840919194,0.20000000000000007,1.012382
1,-1,0.47500000000000003,2.4870941840919194,0.4,1.0113086
1,-1,0.47500000000000003,2.4870941840919194,0.6,1.007978
1,-1,0.47500000000000003,2.4870941840919194,0.7999999999999999,0.99859095
1,-1,0.47500000000000003,2.4870941840919194,1.0,0.9783277
1,-1,0.47500000000000003,2.7488935718910685,-1.0,1.0151606
1,-1,0.47500000000000003,2.7488935718910685,-0.8,1.0155231
1,-1,0.47500000000000003,2.7488935718910685,-0.6000000000000001,1.0157529
1,-1,0.47500000000000003,2.7488935718910685,-0.4,1.0158144
1,-1,0.47500000000000003,2.7488935718910685,-0.20000000000000007,1.0156802
1,-1,0.47500000000000003,2.7488935718910685,0.0,1.0152951
1,-1,0.47500000000000003,2.7488935718910685,0.20000000000000007,1.0144911
1,-1,0.47500000000000003,2.7488935718910685,0.4,1.0127616
1,-1,0.47500000000000003,2.7488935718910685,0.6,1.0086526
1,-1,0.47500000000000003,2.7488935718910685,0.7999999999999999,0.99845195
1,-1,0.47500000000000003,2.7488935718910685,1.0,0.9777964
1,-1,0.47500000000000003,3.010692959690218,-1.0,1.0184995
1,-1,0.47500000000000003,3.010692959690218,-0.8,1.0185332
1,-1,0.47500000000000003,3.010692959690218,-0.6000000000000001,1.0183786
1,-1,0.47500000000000003,3.010692959690218,-0.4,1.0180372
1,-1,0.47500000000000003,3.010692959690218,-0.20000000000000007,1.017502
1,-1,0.47500000000000003,3.010692959690218,0.0,1.0167221
1,-1,0.47500000000000003,3.010692959690218,0.20000000000000007,1.0155102
1,-1,0.47500000000000003,3.010692959690218,0.4,1.0133058
1,-1,0.47500000000000003,3.010692959690218,0.6,1.0085815
1,-1,0.47500000000000003,3.010692959690218,0.7999999999999999,0.9977079
1,-1,0.47500000000000003,3.010692959690218,1.0,0.97702664
1,-1,0.625,-3.0106929596902186,-1.0,1.0267466
1,-1,0.625,-3.0106929596902186,-0.8,1.0257945
1,-1,0.625,-3.0106929596902186,-0.6000000000000001,1.0247474
1,-1,0.625,-3.0106929596902186,-0.4,1.0236913
1,-1,0.625,-3.0106929596902186,-0.20000000000000007,1.0227096
1,-1,0.625,-3.0106929596902186,0.0,1.0218282
1,-1,0.625,-3.0106929596902186,0.20000000000000007,1.0208488
1,-1,0.625,-3.0106929596902186,0.4,1.0188518
1,-1,0.625,-3.0106929596902186,0.6,1.0128264
1,-1,0.625,-3.0106929596902186,0.7999999999999999,0.99566644
1,-1,0.625,-3.0106929596902186,1.0,0.96821386
1,-1,0.625,-2.748893571891069,-1.0,1.0264887
1,-1,0.625,-2.748893571891069,-0.8,1.0255294
1,-1,0.625,-2.748893571891069,-0.6000000000000001,1.0244625
1,-1,0.625,-2.748893571891069,-0.4,1.0233445
1,-1,0.625,-2.748893571891069,-0.20000000000000007,1.022227
1,-1,0.625,-2.748893571891069,0.0,1.0210935
1,-1,0.625,-2.748893571891069,0.20000000000000007,1.0196836
1,-1,0.625,-2.748893571891069,0.4,1.0170138
1,-1,0.625,-2.748893571891069,0.6,1.0101938
1,-1,0.625,-2.748893571891069,0.7999999999999999,0.99321985
1,-1,0.625,-2.748893571891069,1.0,0.96769303
1,-1,0.625,-2.4870941840919194,-1.0,1.0258952
1,-1,0.625,-2.4870941840919194,-0.8,1.0251399
1,-1,0.625,-2.4870941840919194,-0.6000000000000001,1.0242304
1,-1,0.625,-2.4870941840919194,-0.4,1.0231804
1,-1,0.625,-2.4870941840919194,-0.20000000000000007,1.0219922
1,-1,0.625,-2.4870941840919194,0.0,1.0205892
1,-1,0.625,-2.4870941840919194,0.20000000000000007,1.0186338
1,-1,0.625,-2.4870941840919194,0.4,1.0150856
1,-1,0.625,-2.4870941840919194,0.6,1.0072865
1,-1,0.625,-2.4870941840919194,0.7999999999999999,0.99063474
1,-1,0.625,-2.4870941840919194,1.0,0.9674556
1,-1,0.625,-2.2252947962927703,-1.0,1.025262
1,-1,0.625,-2.2252947962927703,-0.8,1.0247439
1,-1,0.625,-2.2252947962927703,-0.6000000000000001,1.0240331
1,-1,0.625,-2.2252947962927703,-0.4,1.0230967
1,-1,0.625,-2.2252947962927703,-0.20000000000000007,1.0218804
1,-1,0.625,-2.2252947962927703,0.0,1.0202435
1,-1,0.625,-2.2252947962927703,0.20000000000000007,1.0177907
1,-1,0.625,-2.2252947962927703,0.4,1.0134897
1,-1,0.625,-2.2252947962927703,0.6,1.0049978
1,-1,0.625,-2.2252947962927703,0.7999999999999999,0.9888225
1,-1,0.625,-2.2252947962927703,1.0,0.9675086
1,-1,0.625,-1.963495408493621,-1.0,1.0253191
1,-1,0.625,-1.963495408493621,-0.8,1.0249561
1,-1,0.625,-1.963495408493621,-0.6000000000000001,1.0243754
1,-1,0.625,-1.963495408493621,-0.4,1.0235157
1,-1,0.625,-1.963495408493621,-0.20000000000000007,1.0222818
1,-1,0.625,-1.963495408493621,0.0,1.020485
1,-1,0.625,-1.963495408493621,0.20000000000000007,1.0176908
1,-1,0.625,-1.963495408493621,0.4,1.0128862
1,-1,0.625,-1.963495408493621,0.6,1.0039514
1,-1,0.625,-1.963495408493621,0.7999999999999999,0.9880255
1,-1,0.625,-1.963495408493621,1.0,0.9677286
1,-1,0.625,-1.7016960206944713,-1.0,1.0264587
1,-1,0.625,-1.7016960206944713,-0.8,1.026205
1,-1,0.625,-1.7016960206944713,-0.6000000000000001,1.0257102
1,-1,0.625,-1.7016960206944713,-0.4,1.0249048
1,-1,0.625,-1.7016960206944713,-0.20000000000000007,1.0236777
1,-1,0.625,-1.7016960206944713,0.0,1.0218122
1,-1,0.625,-1.7016960206944713,0.20000000000000007,1.018834
1,-1,0.625,-1.7016960206944713,0.4,1.0136954
1,-1,0.625,-1.7016960206944713,0.6,1.0043372
1,-1,0.625,-1.7016960206944713,0.7999999999999999,0.9882314
1,-1,0.625,-1.7016960206944713,1.0,0.96816164
1,-1,0.625,-1.439896632895322,-1.0,1.0282402
1,-1,0.625,-1.439896632895322,-0.8,1.0280627
1,-1,0.625,-1.439896632895322,-0.6000000000000001,1.0276264
1,-1,0.625,-1.439896632895322,-0.4,1.0268778
1,-1,0.625,-1.439896632895322,-0.20000000000000007,1.0257212
1,-1,0.625,-1.439896632895322,0.0,1.0239463
1,-1,0.625,-1.439896632895322,0.20000000000000007,1.0210544
1,-1,0.625,-1.439896632895322,0.4,1.0159068
1,-1,0.625,-1.439896632895322,0.6,1.0062743
1,-1,0.625,-1.439896632895322,0.7999999999999999,0.98963314
1,-1,0.625,-1.439896632895322,1.0,0.96910423
1,-1,0.625,-1.1780972450961724,-1.0,1.0295738
1,-1,0.625,-1.1780972450961724,-0.8,1.0294008
1,-1,0.625,-1.1780972450961724,-0.6000000000000001,1.0289664
1,-1,0.625,-1.1780972450961724,-0.4,1.0282573
1,-1,0.625,-1.1780972450961724,-0.20000000000000007,1.0272232
1,-1,0.625,-1.1780972450961724,0.0,1.0257057
1,-1,0.625,-1.1780972450961724,0.20000000000000007,1.0232536
1,-1,0.625,-1.1780972450961724,0.4,1.0187067
1,-1,0.625,-1.1780972450961724,0.6,1.0095088
1,-1,0.625,-1.1780972450961724,0.7999999999999999,0.9924119
1,-1,0.625,-1.1780972450961724,1.0,0.9707689
1,-1,0.625,-0.9162978572970231,-1.0,1.0294018
1,-1,0.625,-0.9162978572970231,-0.8,1.0292258
1,-1,0.625,-0.9162978572970231,-0.6000000000000001,1.0287887
1,-1,0.625,-0.9162978572970231,-0.4,1.0281218
1,-1,0.625,-0.9162978572970231,-0.20000000000000007,1.027224
1,-1,0.625,-0.9162978572970231,0.0,1.0260025
1,-1,0.625,-0.9162978572970231,0.20000000000000007,1.0241102
1,-1,0.625,-0.9162978572970231,0.4,1.0205222
1,-1,0.625,-0.9162978572970231,0.6,1.0125914
1,-1,0.625,-0.9162978572970231,0.7999999999999999,0.9958561
1,-1,0.625,-0.9162978572970231,1.0,0.97283095
1,-1,0.625,-0.6544984694978737,-1.0,1.0274183
1,-1,0.625,-0.6544984694978737,-0.8,1.0274229
1,-1,0.625,-0.6544984694978737,-0.6000000000000001,1.0271164
1,-1,0.625,-0.6544984694978737,-0.4,1.0265746
1,-1,0.625,-0.6544984694978737,-0.20000000000000007,1.0258375
1,-1,0.625,-0.6544984694978737,0.0,1.0248622
1,-1,0.625,-0.6544984694978737,0.20000000000000007,1.023383
1,-1,0.625,-0.6544984694978737,0.4,1.0205234
1,-1,0.625,-0.6544984694978737,0.6,1.0137683
1,-1,0.625,-0.6544984694978737,0.7999999999999999,0.9979474
1,-1,0.625,-0.6544984694978737,1.0,0.97420883
1,-1,0.625,-0.39269908169872436,-1.0,1.0234861
1,-1,0.625,-0.39269908169872436,-0.8,1.0240922
1,-1,0.625,-0.39269908169872436,-0.6000000000000001,1.02424
1,-1,0.625,-0.39269908169872436,-0.4,1.024035
1,-1,0.625,-0.39269908169872436,-0.20000000000000007,1.0235564
1,-1,0.625,-0.39269908169872436,0.0,1.0227942
1,-1,0.625,-0.39269908169872436,0.20000000000000007,1.0215114
1,-1,0.625,-0.39269908169872436,0.4,1.0188533
1,-1,0.625,-0.39269908169872436,0.6,1.0123086
1,-1,0.625,-0.39269908169872436,0.7999999999999999,0.9967162
1,-1,0.625,-0.39269908169872436,1.0,0.973612
1,-1,0.625,-0.1308996938995748,-1.0,1.0172491
1,-1,0.625,-0.1308996938995748,-0.8,1.0186576
1,-1,0.625,-0.1308996938995748,-0.6000000000000001,1.0196353
1,-1,0.625,-0.1308996938995748,-0.4,1.0201291
1,-1,0.625,-0.1308996938995748,-0.20000000000000007,1.0201509
1,-1,0.625,-0.1308996938995748,0.0,1.0196644
1,-1,0.625,-0.1308996938995748,0.20000000000000007,1.0183849
1,-1,0.625,-0.1308996938995748,0.4,1.0153304
1,-1,0.625,-0.1308996938995748,0.6,1.0078629
1,-1,0.625,-0.1308996938995748,0.7999999999999999,0.9918403
1,-1,0.625,-0.1308996938995748,1.0,0.9710651
1,-1,0.625,0.13089969389957457,-1.0,1.0109569
1,-1,0.625,0.13089969389957457,-0.8,1.0121814
1,-1,0.625,0.13089969389957457,-0.6000000000000001,1.013378
1,-1,0.625,0.13089969389957457,-0.4,1.0143439
1,-1,0.625,0.13089969389957457,-0.20000000000000007,1.0148629
1,-1,0.625,0.13089969389957457,0.0,1.0146766
1,-1,0.625,0.13089969389957457,0.20000000000000007,1.0132997
1,-1,0.625,0.13089969389957457,0.4,1.009585
1,-1,0.625,0.13089969389957457,0.6,1.0011419
1,-1,0.625,0.13089969389957457,0.7999999999999999,0.9857399
1,-1,0.625,0.13089969389957457,1.0,0.9681161
1,-1,0.625,0.3926990816987239,-1.0,1.007296
1,-1,0.625,0.3926990816987239,-0.8,1.0078889
1,-1,0.625,0.3926990816987239,-0.6000000000000001,1.0085667
1,-1,0.625,0.3926990816987239,-0.4,1.0092119
1,-1,0.625,0.3926990816987239,-0.20000000000000007,1.0096108
1,-1,0.625,0.3926990816987239,0.0,1.0094066
1,-1,0.625,0.3926990816987239,0.20000000000000007,1.0079775
1,-1,0.625,0.3926990816987239,0.4,1.0041517
1,-1,0.625,0.3926990816987239,0.6,0.99591345
1,-1,0.625,0.3926990816987239,0.7999999999999999,0.98179007
1,-1,0.625,0.3926990816987239,1.0,0.96592474
1,-1,0.625,0.6544984694978733,-1.0,1.0057584
1,-1,0.625,0.6544984694978733,-0.8,1.0060501
1,-1,0.625,0.6544984694978733,-0.6000000000000001,1.00642
1,-1,0.625,0.6544984694978733,-0.4,1.0068063
1,-1,0.625,0.6544984694978733,-0.20000000000000007,1.0070605
1,-1,0.625,0.6544984694978733,0.0,1.0068825
1,-1,0.625,0.6544984694978733,0.20000000000000007,1.0056834
1,-1,0.625,0.6544984694978733,0.4,1.0022975
1,-1,0.625,0.6544984694978733,0.6,0.99460864
1,-1,0.625,0.6544984694978733,0.7999999999999999,0.98070675
1,-1,0.625,0.6544984694978733,1.0,0.964663
1,-1,0.625,0.9162978572970226,-1.0,1.0050021
1,-1,0.625,0.9162978572970226,-0.8,1.0052814
1,-1,0.625,0.9162978572970226,-0.6000000000000001,1.0056514
1,-1,0.625,0.9162978572970226,-0.4,1.0060829
1,-1,0.625,0.9162978572970226,-0.20000000000000007,1.0064764
1,-1,0.625,0.9162978572970226,0.0,1.0065856
1,-1,0.625,0.9162978572970226,0.20000000000000007,1.0058597
1,-1,0.625,0.9162978572970226,0.4,1.0030985
1,-1,0.625,0.9162978572970226,0.6,0.9958995
1,-1,0.625,0.9162978572970226,0.7999999999999999,0.9815236
1,-1,0.625,0.9162978572970226,1.0,0.96421534
1,-1,0.625,1.178097245096172,-1.0,1.0042028
1,-1,0.625,1.178097245096172,-0.8,1.0045756
1,-1,0.625,1.178097245096172,-0.6000000000000001,1.0050682
1,-1,0.625,1.178097245096172,-0.4,1.0056729
1,-1,0.625,1.178097245096172,-0.20000000000000007,1.0063212
1,-1,0.625,1.178097245096172,0.0,1.0068065
1,-1,0.625,1.178097245096172,0.20000000000000007,1.0066139
1,-1,0.625,1.178097245096172,0.4,1.0045352
1,-1,0.625,1.178097245096172,0.6,0.99795777
1,-1,0.625,1.178097245096172,0.7999999999999999,0.9832704
1,-1,0.625,1.178097245096172,1.0,0.9644266
1,-1,0.625,1.4398966328953215,-1.0,1.0033572
1,-1,0.625,1.4398966328953215,-0.8,1.0038351
1,-1,0.625,1.4398966328953215,-0.6000000000000001,1.004466
1,-1,0.625,1.4398966328953215,-0.4,1.0052546
1,-1,0.625,1.4398966328953215,-0.20000000000000007,1.0061516
1,-1,0.625,1.4398966328953215,0.0,1.0069786
1,-1,0.625,1.4398966328953215,0.20000000000000007,1.0072592
1,-1,0.625,1.4398966328953215,0.4,1.0058167
1,-1,0.625,1.4398966328953215,0.6,0.99994415
1,-1,0.625,1.4398966328953215,0.7999999999999999,0.9853179
1,-1,0.625,1.4398966328953215,1.0,0.9651008
1,-1,0.625,1.7016960206944711,-1.0,1.0031306
1,-1,0.625,1.7016960206944711,-0.8,1.0037063
1,-1,0.625,1.7016960206944711,-0.6000000000000001,1.0044605
1,-1,0.625,1.7016960206944711,-0.4,1.0053979
1,-1,0.625,1.7016960206944711,-0.20000000000000007,1.0064715
1,-1,0.625,1.7016960206944711,0.0,1.0075157
1,-1,0.625,1.7016960206944711,0.20000000000000007,1.0080904
1,-1,0.625,1.7016960206944711,0.4,1.0070812
1,-1,0.625,1.7016960206944711,0.6,1.001781
1,-1,0.625,1.7016960206944711,0.7999999999999999,0.98737216
1,-1,0.625,1.7016960206944711,1.0,0.9660659
1,-1,0.625,1.9634954084936203,-1.0,1.0047363
1,-1,0.625,1.9634954084936203,-0.8,1.0054183
1,-1,0.625,1.9634954084936203,-0.6000000000000001,1.0062815
1,-1,0.625,1.9634954084936203,-0.4,1.007305
1,-1,0.625,1.9634954084936203,-0.20000000000000007,1.0084096
1,-1,0.625,1.9634954084936203,0.0,1.0094177
1,-1,0.625,1.9634954084936203,0.20000000000000007,1.0099286
1,-1,0.625,1.9634954084936203,0.4,1.0089252
1,-1,0.625,1.9634954084936203,0.6,1.003776
1,-1,0.625,1.9634954084936203,0.7999999999999999,0.98938125
1,-1,0.625,1.9634954084936203,1.0,0.9671784
1,-1,0.625,2.22529479629277,-1.0,1.0092236
1,-1,0.625,2.22529479629277,-0.8,1.0100808
1,-1,0.625,2.22529479629277,-0.6000000000000001,1.0110584
1,-1,0.625,2.22529479629277,-0.4,1.0120612
1,-1,0.625,2.22529479629277,-0.20000000000000007,1.0129613
1,-1,0.625,2.22529479629277,0.0,1.0135875
1,-1,0.625,2.22529479629277,0.20000000000000007,1.0136013
1,-1,0.625,2.22529479629277,0.4,1.0120798
1,-1,0.625,2.22529479629277,0.6,1.0064524
1,-1,0.625,2.22529479629277,0.7999999999999999,0.991453
1,-1,0.625,2.22529479629277,1.0,0.96823007
1,-1,0.625,2.4870941840919194,-1.0,1.0161681
1,-1,0.625,2.4870941840919194,-0.8,1.0170819
1,-1,0.625,2.4870941840919194,-0.6000000000000001,1.0178653
1,-1,0.625,2.4870941840919194,-0.4,1.0184473
1,-1,0.625,2.4870941840919194,-0.20000000000000007,1.0188017
1,-1,0.625,2.4870941840919194,0.0,1.0188698
1,-1,0.625,2.4870941840919194,0.20000000000000007,1.0183703
1,-1,0.625,2.4870941840919194,0.4,1.0163405
1,-1,0.625,2.4870941840919194,0.6,1.0100161
1,-1,0.625,2.4870941840919194,0.7999999999999999,0.9937193
1,-1,0.625,2.4870941840919194,1.0,0.96893644
1,-1,0.625,2.7488935718910685,-1.0,1.022824
1,-1,0.625,2.7488935718910685,-0.8,1.0230452
1,-1,0.625,2.7488935718910685,-0.6000000000000001,1.0230014
1,-1,0.625,2.7488935718910685,-0.4,1.0227813
1,-1,0.625,2.7488935718910685,-0.20000000000000007,1.0224775
1,-1,0.625,2.7488935718910685,0.0,1.0221158
1,-1,0.625,2.7488935718910685,0.20000000000000007,1.0214704
1,-1,0.625,2.7488935718910685,0.4,1.0195451
1,-1,0.625,2.7488935718910685,0.6,1.0132388
1,-1,0.625,2.7488935718910685,0.7999999999999999,0.9958494
1,-1,0.625,2.7488935718910685,1.0,0.9691045
1,-1,0.625,3.010692959690218,-1.0,1.0260915
1,-1,0.625,3.010692959690218,-0.8,1.0254966
1,-1,0.625,3.010692959690218,-0.6000000000000001,1.024746
1,-1,0.625,3.010692959690218,-0.4,1.0239477
1,-1,0.625,3.010692959690218,-0.20000000000000007,1.0232047
1,-1,0.625,3.010692959690218,0.0,1.0225614
1,-1,0.625,3.010692959690218,0.20000000000000007,1.0218333
1,-1,0.625,3.010692959690218,0.4,1.0200901
1,-1,0.625,3.010692959690218,0.6,1.0142063
1,-1,0.625,3.010692959690218,0.7999999999999999,0.99674445
1,-1,0.625,3.010692959690218,1.0,0.9687845
1,-1,0.8,-3.0106929596902186,-1.0,1.0262169
1,-1,0.8,-3.0106929596902186,-0.8,1.0247822
1,-1,0.8,-3.0106929596902186,-0.6000000000000001,1.0234253
1,-1,0.8,-3.0106929596902186,-0.4,1.0222453
1,-1,0.8,-3.0106929596902186,-0.20000000000000007,1.0213469
1,-1,0.8,-3.0106929596902186,0.0,1.0208067
1,-1,0.8,-3.0106929596902186,0.20000000000000007,1.0205473
1,-1,0.8,-3.0106929596902186,0.4,1.0199023
1,-1,0.8,-3.0106929596902186,0.6,1.0159292
1,-1,0.8,-3.0106929596902186,0.7999999999999999,0.99666315
1,-1,0.8,-3.0106929596902186,1.0,0.96312994
1,-1,0.8,-2.748893571891069,-1.0,1.0257453
1,-1,0.8,-2.748893571891069,-0.8,1.0242709
1,-1,0.8,-2.748893571891069,-0.6000000000000001,1.0228504
1,-1,0.8,-2.748893571891069,-0.4,1.0215687
1,-1,0.8,-2.748893571891069,-0.20000000000000007,1.0205108
1,-1,0.8,-2.748893571891069,0.0,1.019722
1,-1,0.8,-2.748893571891069,0.20000000000000007,1.0190755
1,-1,0.8,-2.748893571891069,0.4,1.0178351
1,-1,0.8,-2.748893571891069,0.6,1.0130416
1,-1,0.8,-2.748893571891069,0.7999999999999999,0.9938776
1,-1,0.8,-2.748893571891069,1.0,0.9624438
1,-1,0.8,-2.4870941840919194,-1.0,1.0259913
1,-1,0.8,-2.4870941840919194,-0.8,1.0246223
1,-1,0.8,-2.4870941840919194,-0.6000000000000001,1.0232486
1,-1,0.8,-2.4870941840919194,-0.4,1.0219413
1,-1,0.8,-2.4870941840919194,-0.20000000000000007,1.0207661
1,-1,0.8,-2.4870941840919194,0.0,1.0197302
1,-1,0.8,-2.4870941840919194,0.20000000000000007,1.0186273
1,-1,0.8,-2.4870941840919194,0.4,1.0165489
1,-1,0.8,-2.4870941840919194,0.6,1.0102186
1,-1,0.8,-2.4870941840919194,0.7999999999999999,0.9900976
1,-1,0.8,-2.4870941840919194,1.0,0.9619158
1,-1,0.8,-2.2252947962927703,-1.0,1.0267336
1,-1,0.8,-2.2252947962927703,-0.8,1.0256151
1,-1,0.8,-2.2252947962927703,-0.6000000000000001,1.0244037
1,-1,0.8,-2.2252947962927703,-0.4,1.0231513
1,-1,0.8,-2.2252947962927703,-0.20000000000000007,1.021897
1,-1,0.8,-2.2252947962927703,0.0,1.0205997
1,-1,0.8,-2.2252947962927703,0.20000000000000007,1.0189477
1,-1,0.8,-2.2252947962927703,0.4,1.0158063
1,-1,0.8,-2.2252947962927703,0.6,1.0076168
1,-1,0.8,-2.2252947962927703,0.7999999999999999,0.98685837
1,-1,0.8,-2.2252947962927703,1.0,0.9617762
1,-1,0.8,-1.963495408493621,-1.0,1.0275578
1,-1,0.8,-1.963495408493621,-0.8,1.0267162
1,-1,0.8,-1.963495408493621,-0.6000000000000001,1.0257114
1,-1,0.8,-1.963495408493621,-0.4,1.0245637
1,-1,0.8,-1.963495408493621,-0.20000000000000007,1.0232763
1,-1,0.8,-1.963495408493621,0.0,1.0217549
1,-1,0.8,-1.963495408493621,0.20000000000000007,1.0195919
1,-1,0.8,-1.963495408493621,0.4,1.0154893
1,-1,0.8,-1.963495408493621,0.6,1.0058874
1,-1,0.8,-1.963495408493621,0.7999999999999999,0.9851473
1,-1,0.8,-1.963495408493621,1.0,0.96206945
1,-1,0.8,-1.7016960206944713,-1.0,1.0284742
1,-1,0.8,-1.7016960206944713,-0.8,1.0277848
1,-1,0.8,-1.7016960206944713,-0.6000000000000001,1.026907
1,-1,0.8,-1.7016960206944713,-0.4,1.0258402
1,-1,0.8,-1.7016960206944713,-0.20000000000000007,1.0245622
1,-1,0.8,-1.7016960206944713,0.0,1.0229455
1,-1,0.8,-1.7016960206944713,0.20000000000000007,1.020535
1,-1,0.8,-1.7016960206944713,0.4,1.0159754
1,-1,0.8,-1.7016960206944713,0.6,1.0057808
1,-1,0.8,-1.7016960206944713,0.7999999999999999,0.9851759
1,-1,0.8,-1.7016960206944713,1.0,0.9628167
1,-1,0.8,-1.439896632895322,-1.0,1.029276
1,-1,0.8,-1.439896632895322,-0.8,1.0286142
1,-1,0.8,-1.439896632895322,-0.6000000000000001,1.0277704
1,-1,0.8,-1.439896632895322,-0.4,1.0267482
1,-1,0.8,-1.439896632895322,-0.20000000000000007,1.0255271
1,-1,0.8,-1.439896632895322,0.0,1.0239846
1,-1,0.8,-1.439896632895322,0.20000000000000007,1.021685
1,-1,0.8,-1.439896632895322,0.4,1.017315
1,-1,0.8,-1.439896632895322,0.6,1.007394
1,-1,0.8,-1.439896632895322,0.7999999999999999,0.9869004
1,-1,0.8,-1.439896632895322,1.0,0.9641259
1,-1,0.8,-1.1780972450961724,-1.0,1.0292608
1,-1,0.8,-1.1780972450961724,-0.8,1.0285705
1,-1,0.8,-1.1780972450961724,-0.6000000000000001,1.0277258
1,-1,0.8,-1.1780972450961724,-0.4,1.0267466
1,-1,0.8,-1.1780972450961724,-0.20000000000000007,1.0256308
1,-1,0.8,-1.1780972450961724,0.0,1.0242887
1,-1,0.8,-1.1780972450961724,0.20000000000000007,1.022361
1,-1,0.8,-1.1780972450961724,0.4,1.0186951
1,-1,0.8,-1.1780972450961724,0.6,1.0099288
1,-1,0.8,-1.1780972450961724,0.7999999999999999,0.99000543
1,-1,0.8,-1.1780972450961724,1.0,0.9659968
1,-1,0.8,-0.9162978572970231,-1.0,1.0279611
1,-1,0.8,-0.9162978572970231,-0.8,1.0272878
1,-1,0.8,-0.9162978572970231,-0.6000000000000001,1.0264837
1,-1,0.8,-0.9162978572970231,-0.4,1.0255858
1,-1,0.8,-0.9162978572970231,-0.20000000000000007,1.0246106
1,-1,0.8,-0.9162978572970231,0.0,1.0235028
1,-1,0.8,-0.9162978572970231,0.20000000000000007,1.0219867
1,-1,0.8,-0.9162978572970231,0.4,1.01911
1,-1,0.8,-0.9162978572970231,0.6,1.0118226
1,-1,0.8,-0.9162978572970231,0.7999999999999999,0.9931915
1,-1,0.8,-0.9162978572970231,1.0,0.9679637
1,-1,0.8,-0.6544984694978737,-1.0,1.0255265
1,-1,0.8,-0.6544984694978737,-0.8,1.0250248
1,-1,0.8,-0.6544984694978737,-0.6000000000000001,1.0243678
1,-1,0.8,-0.6544984694978737,-0.4,1.0236179
1,-1,0.8,-0.6544984694978737,-0.20000000000000007,1.0228087
1,-1,0.8,-0.6544984694978737,0.0,1.0219055
1,-1,0.8,-0.6544984694978737,0.20000000000000007,1.0206776
1,-1,0.8,-0.6544984694978737,0.4,1.0182778
1,-1,0.8,-0.6544984694978737,0.6,1.0118421
1,-1,0.8,-0.6544984694978737,0.7999999999999999,0.9942026
1,-1,0.8,-0.6544984694978737,1.0,0.96892136
1,-1,0.8,-0.39269908169872436,-1.0,1.0219121
1,-1,0.8,-0.39269908169872436,-0.8,1.021952
1,-1,0.8,-0.39269908169872436,-0.6000000000000001,1.0216826
1,-1,0.8,-0.39269908169872436,-0.4,1.0212171
1,-1,0.8,-0.39269908169872436,-0.20000000000000007,1.0206225
1,-1,0.8,-0.39269908169872436,0.0,1.0198762
1,-1,0.8,-0.39269908169872436,0.20000000000000007,1.0187298
1,-1,0.8,-0.39269908169872436,0.4,1.0162476
1,-1,0.8,-0.39269908169872436,0.6,1.0093138
1,-1,0.8,-0.39269908169872436,0.7999999999999999,0.9911862
1,-1,0.8,-0.39269908169872436,1.0,0.96786666
1,-1,0.8,-0.1308996938995748,-1.0,1.0159336
1,-1,0.8,-0.1308996938995748,-0.8,1.0170356
1,-1,0.8,-0.1308996938995748,-0.6000000000000001,1.0176574
1,-1,0.8,-0.1308996938995748,-0.4,1.0178401
1,-1,0.8,-0.1308996938995748,-0.20000000000000007,1.0176466
1,-1,0.8,-0.1308996938995748,0.0,1.0170403
1,-1,0.8,-0.1308996938995748,0.20000000000000007,1.0156635
1,-1,0.8,-0.1308996938995748,0.4,1.0122355
1,-1,0.8,-0.1308996938995748,0.6,1.0031496
1,-1,0.8,-0.1308996938995748,0.7999999999999999,0.98424774
1,-1,0.8,-0.1308996938995748,1.0,0.9653353
1,-1,0.8,0.13089969389957457,-1.0,1.0087438
1,-1,0.8,0.13089969389957457,-0.8,1.0100251
1,-1,0.8,0.13089969389957457,-0.6000000000000001,1.0112019
1,-1,0.8,0.13089969389957457,-0.4,1.0120584
1,-1,0.8,0.13089969389957457,-0.20000000000000007,1.0123849
1,-1,0.8,0.13089969389957457,0.0,1.0119005
1,-1,0.8,0.13089969389957457,0.20000000000000007,1.0099629
1,-1,0.8,0.13089969389957457,0.4,1.0049402
1,-1,0.8,0.13089969389957457,0.6,0.9938702
1,-1,0.8,0.13089969389957457,0.7999999999999999,0.9769843
1,-1,0.8,0.13089969389957457,1.0,0.96284395
1,-1,0.8,0.3926990816987239,-1.0,1.0043918
1,-1,0.8,0.3926990816987239,-0.8,1.0049688
1,-1,0.8,0.3926990816987239,-0.6000000000000001,1.0056006
1,-1,0.8,0.3926990816987239,-0.4,1.0061339
1,-1,0.8,0.3926990816987239,-0.20000000000000007,1.0062904
1,-1,0.8,0.3926990816987239,0.0,1.0055919
1,-1,0.8,0.3926990816987239,0.20000000000000007,1.0031773
1,-1,0.8,0.3926990816987239,0.4,0.99750566
1,-1,0.8,0.3926990816987239,0.6,0.98682594
1,-1,0.8,0.3926990816987239,0.7999999999999999,0.9727439
1,-1,0.8,0.3926990816987239,1.0,0.9610161
1,-1,0.8,0.6544984694978733,-1.0,1.0028089
1,-1,0.8,0.6544984694978733,-0.8,1.0030223
1,-1,0.8,0.6544984694978733,-0.6000000000000001,1.0032715
1,-1,0.8,0.6544984694978733,-0.4,1.0034559
1,-1,0.8,0.6544984694978733,-0.20000000000000007,1.003357
1,-1,0.8,0.6544984694978733,0.0,1.0025421
1,-1,0.8,0.6544984694978733,0.20000000000000007,1.0001822
1,-1,0.8,0.6544984694978733,0.4,0.9947974
1,-1,0.8,0.6544984694978733,0.6,0.98468703
1,-1,0.8,0.6544984694978733,0.7999999999999999,0.9711733
1,-1,0.8,0.6544984694978733,1.0,0.95978355
1,-1,0.8,0.9162978572970226,-1.0,1.0023769
1,-1,0.8,0.9162978572970226,-0.8,1.0025892
1,-1,0.8,0.9162978572970226,-0.6000000000000001,1.0028577
1,-1,0.8,0.9162978572970226,-0.4,1.0031146
1,-1,0.8,0.9162978572970226,-0.20000000000000007,1.0031862
1,-1,0.8,0.9162978572970226,0.0,1.0026852
1,-1,0.8,0.9162978572970226,0.20000000000000007,1.0007907
1,-1,0.8,0.9162978572970226,0.4,0.99588054
1,-1,0.8,0.9162978572970226,0.6,0.9857159
1,-1,0.8,0.9162978572970226,0.7999999999999999,0.97118014
1,-1,0.8,0.9162978572970226,1.0,0.9590945
1,-1,0.8,1.178097245096172,-1.0,1.0020142
1,-1,0.8,1.178097245096172,-0.8,1.0023686
1,-1,0.8,1.178097245096172,-0.6000000000000001,1.002827
1,-1,0.8,1.178097245096172,-0.4,1.0033473
1,-1,0.8,1.178097245096172,-0.20000000000000007,1.0037895
1,-1,0.8,1.178097245096172,0.0,1.0037993
1,-1,0.8,1.178097245096172,0.20000000000000007,1.0025584
1,-1,0.8,1.178097245096172,0.4,0.99830514
1,-1,0.8,1.178097245096172,0.6,0.9881677
1,-1,0.8,1.178097245096172,0.7999999999999999,0.9722436
1,-1,0.8,1.178097245096172,1.0,0.95895195
1,-1,0.8,1.4398966328953215,-1.0,1.001696
1,-1,0.8,1.4398966328953215,-0.8,1.0022131
1,-1,0.8,1.4398966328953215,-0.6000000000000001,1.0028877
1,-1,0.8,1.4398966328953215,-0.4,1.003696
1,-1,0.8,1.4398966328953215,-0.20000000000000007,1.0045217
1,-1,0.8,1.4398966328953215,0.0,1.0050393
1,-1,0.8,1.4398966328953215,0.20000000000000007,1.0044545
1,-1,0.8,1.4398966328953215,0.4,1.000947
1,-1,0.8,1.4398966328953215,0.6,0.9911523
1,-1,0.8,1.4398966328953215,0.7999999999999999,0.9741135
1,-1,0.8,1.4398966328953215,1.0,0.9593485
1,-1,0.8,1.7016960206944711,-1.0,1.0024065
1,-1,0.8,1.7016960206944711,-0.8,1.0030847
1,-1,0.8,1.7016960206944711,-0.6000000000000001,1.0039634
1,-1,0.8,1.7016960206944711,-0.4,1.0050193
1,-1,0.8,1.7016960206944711,-0.20000000000000007,1.0061365
1,-1,0.8,1.7016960206944711,0.0,1.0070008
1,-1,0.8,1.7016960206944711,0.20000000000000007,1.006854
1,-1,0.8,1.7016960206944711,0.4,1.0038975
1,-1,0.8,1.7016960206944711,0.6,0.9944722
1,-1,0.8,1.7016960206944711,0.7999999999999999,0.97663146
1,-1,0.8,1.7016960206944711,1.0,0.9602608
1,-1,0.8,1.9634954084936203,-1.0,1.0058751
1,-1,0.8,1.9634954084936203,-0.8,1.0067754
1,-1,0.8,1.9634954084936203,-0.6000000000000001,1.007893
1,-1,0.8,1.9634954084936203,-0.4,1.0091555
1,-1,0.8,1.9634954084936203,-0.20000000000000007,1.0103903
1,-1,0.8,1.9634954084936203,0.0,1.0112662
1,-1,0.8,1.9634954084936203,0.20000000000000007,1.0110885
1,-1,0.8,1.9634954084936203,0.4,1.0081483
1,-1,0.8,1.9634954084936203,0.6,0.99859434
1,-1,0.8,1.9634954084936203,0.7999999999999999,0.97971255
1,-1,0.8,1.9634954084936203,1.0,0.9615817
1,-1,0.8,2.22529479629277,-1.0,1.0130388
1,-1,0.8,2.22529479629277,-0.8,1.014289
1,-1,0.8,2.22529479629277,-0.6000000000000001,1.0156096
1,-1,0.8,2.22529479629277,-0.4,1.0168346
1,-1,0.8,2.22529479629277,-0.20000000000000007,1.017811
1,-1,0.8,2.22529479629277,0.0,1.0183419
1,-1,0.8,2.22529479629277,0.20000000000000007,1.0178884
1,-1,0.8,2.22529479629277,0.4,1.0147678
1,-1,0.8,2.22529479629277,0.6,1.00458
1,-1,0.8,2.22529479629277,0.7999999999999999,0.98341316
1,-1,0.8,2.22529479629277,1.0,0.96298116
1,-1,0.8,2.4870941840919194,-1.0,1.0219417
1,-1,0.8,2.4870941840919194,-0.8,1.0226983
1,-1,0.8,2.4870941840919194,-0.6000000000000001,1.0231434
1,-1,0.8,2.4870941840919194,-0.4,1.0233821
1,-1,0.8,2.4870941840919194,-0.20000000000000007,1.0235591
1,-1,0.8,2.4870941840919194,0.0,1.023728
1,-1,0.8,2.4870941840919194,0.20000000000000007,1.023571
1,-1,0.8,2.4870941840919194,0.4,1.0215427
1,-1,0.8,2.4870941840919194,0.6,1.012361
1,-1,0.8,2.4870941840919194,0.7999999999999999,0.98803216
1,-1,0.8,2.4870941840919194,1.0,0.9639332
1,-1,0.8,2.7488935718910685,-1.0,1.0267209
1,-1,0.8,2.7488935718910685,-0.8,1.0260929
1,-1,0.8,2.7488935718910685,-0.6000000000000001,1.0253779
1,-1,0.8,2.7488935718910685,-0.4,1.024748
1,-1,0.8,2.7488935718910685,-0.20000000000000007,1.0243607
1,-1,0.8,2.7488935718910685,0.0,1.0243154
1,-1,0.8,2.7488935718910685,0.20000000000000007,1.0244778
1,-1,0.8,2.7488935718910685,0.4,1.0238215
1,-1,0.8,2.7488935718910685,0.6,1.0178055
1,-1,0.8,2.7488935718910685,0.7999999999999999,0.993323
1,-1,0.8,2.7488935718910685,1.0,0.9641107
1,-1,0.8,3.010692959690218,-1.0,1.0269953
1,-1,0.8,3.010692959690218,-0.8,1.0257659
1,-1,0.8,3.010692959690218,-0.6000000000000001,1.0245963
1,-1,0.8,3.010692959690218,-0.4,1.0236067
1,-1,0.8,3.010692959690218,-0.20000000000000007,1.022923
1,-1,0.8,3.010692959690218,0.0,1.0226432
1,-1,0.8,3.010692959690218,0.20000000000000007,1.0227009
1,-1,0.8,3.010692959690218,0.4,1.0223674
1,-1,0.8,3.010692959690218,0.6,1.0182253
1,-1,0.8,3.010692959690218,0.7999999999999999,0.9968181
1,-1,0.8,3.010692959690218,1.0,0.9637317
1,-1,2.95,-3.0106929596902186,-1.0,1.0098504
1,-1,2.95,-3.0106929596902186,-0.8,1.0091698
1,-1,2.95,-3.0106929596902186,-0.6000000000000001,1.0085784
1,-1,2.95,-3.0106929596902186,-0.4,1.008062
1,-1,2.95,-3.0106929596902186,-0.20000000000000007,1.007579
1,-1,2.95,-3.0106929596902186,0.0,1.0070438
1,-1,2.95,-3.0106929596902186,0.20000000000000007,1.0063124
1,-1,2.95,-3.0106929596902186,0.4,1.005207
1,-1,2.95,-3.0106929596902186,0.6,1.0035353
1,-1,2.95,-3.0106929596902186,0.7999999999999999,0.99287987
1,-1,2.95,-3.0106929596902186,1.0,0.9572806
1,-1,2.95,-2.748893571891069,-1.0,1.0079733
1,-1,2.95,-2.748893571891069,-0.8,1.0072907
1,-1,2.95,-2.748893571891069,-0.6000000000000001,1.0066795
1,-1,2.95,-2.748893571891069,-0.4,1.0061296
1,-1,2.95,-2.748893571891069,-0.20000000000000007,1.0056137
1,-1,2.95,-2.748893571891069,0.0,1.0050755
1,-1,2.95,-2.748893571891069,0.20000000000000007,1.0044218
1,-1,2.95,-2.748893571891069,0.4,1.0035428
1,-1,2.95,-2.748893571891069,0.6,1.0023323
1,-1,2.95,-2.748893571891069,0.7999999999999999,0.9947782
1,-1,2.95,-2.748893571891069,1.0,0.95768523
1,-1,2.95,-2.4870941840919194,-1.0,1.006822
1,-1,2.95,-2.4870941840919194,-0.8,1.006153
1,-1,2.95,-2.4870941840919194,-0.6000000000000001,1.0055456
1,-1,2.95,-2.4870941840919194,-0.4,1.0049932
1,-1,2.95,-2.4870941840919194,-0.20000000000000007,1.0044774
1,-1,2.95,-2.4870941840919194,0.0,1.0039585
1,-1,2.95,-2.4870941840919194,0.20000000000000007,1.0033711
1,-1,2.95,-2.4870941840919194,0.4,1.0026405
1,-1,2.95,-2.4870941840919194,0.6,1.0016446
1,-1,2.95,-2.4870941840919194,0.7999999999999999,0.9935023
1,-1,2.95,-2.4870941840919194,1.0,0.95684004
1,-1,2.95,-2.2252947962927703,-1.0,1.0063868
1,-1,2.95,-2.2252947962927703,-0.8,1.0057098
1,-1,2.95,-2.2252947962927703,-0.6000000000000001,1.0050888
1,-1,2.95,-2.2252947962927703,-0.4,1.0045207
1,-1,2.95,-2.2252947962927703,-0.20000000000000007,1.0039922
1,-1,2.95,-2.2252947962927703,0.0,1.0034736
1,-1,2.95,-2.2252947962927703,0.20000000000000007,1.002914
1,-1,2.95,-2.2252947962927703,0.4,1.0022503
1,-1,2.95,-2.2252947962927703,0.6,1.0012244
1,-1,2.95,-2.2252947962927703,0.7999999999999999,0.9892316
1,-1,2.95,-2.2252947962927703,1.0,0.95599747
1,-1,2.95,-1.963495408493621,-1.0,1.0065998
1,-1,2.95,-1.963495408493621,-0.8,1.0058843
1,-1,2.95,-1.963495408493621,-0.6000000000000001,1.00522
1,-1,2.95,-1.963495408493621,-0.4,1.0046072
1,-1,2.95,-1.963495408493621,-0.20000000000000007,1.0040371
1,-1,2.95,-1.963495408493621,0.0,1.0034857
1,-1,2.95,-1.963495408493621,0.20000000000000007,1.0029078
1,-1,2.95,-1.963495408493621,0.4,1.0022265
1,-1,2.95,-1.963495408493621,0.6,1.0007486
1,-1,2.95,-1.963495408493621,0.7999999999999999,0.98177785
1,-1,2.95,-1.963495408493621,1.0,0.95599747
1,-1,2.95,-1.7016960206944713,-1.0,1.0073328
1,-1,2.95,-1.7016960206944713,-0.8,1.0065678
1,-1,2.95,-1.7016960206944713,-0.6000000000000001,1.0058452
1,-1,2.95,-1.7016960206944713,-0.4,1.0051695
1,-1,2.95,-1.7016960206944713,-0.20000000000000007,1.0045365
1,-1,2.95,-1.7016960206944713,0.0,1.0039252
1,-1,2.95,-1.7016960206944713,0.20000000000000007,1.0032874
1,-1,2.95,-1.7016960206944713,0.4,1.0024815
1,-1,2.95,-1.7016960206944713,0.6,0.9996821
1,-1,2.95,-1.7016960206944713,0.7999999999999999,0.97376007
1,-1,2.95,-1.7016960206944713,1.0,0.95599747
1,-1,2.95,-1.439896632895322,-1.0,1.0082852
1,-1,2.95,-1.439896632895322,-0.8,1.0075005
1,-1,2.95,-1.439896632895322,-0.6000000000000001,1.006745
1,-1,2.95,-1.439896632895322,-0.4,1.0060271
1,-1,2.95,-1.439896632895322,-0.20000000000000007,1.0053452
1,-1,2.95,-1.439896632895322,0.0,1.004679
1,-1,2.95,-1.439896632895322,0.20000000000000007,1.003962
1,-1,2.95,-1.439896632895322,0.4,1.0028814
1,-1,2.95,-1.439896632895322,0.6,0.99749154
1,-1,2.95,-1.439896632895322,0.7999999999999999,0.9682059
1,-1,2.95,-1.439896632895322,1.0,0.95599747
1,-1,2.95,-1.1780972450961724,-1.0,1.0089453
1,-1,2.95,-1.1780972450961724,-0.8,1.0082165
1,-1,2.95,-1.1780972450961724,-0.6000000000000001,1.0075029
1,-1,2.95,-1.1780972450961724,-0.4,1.0068146
1,-1,2.95,-1.1780972450961724,-0.20000000000000007,1.0061512
1,-1,2.95,-1.1780972450961724,0.0,1.0054857
1,-1,2.95,-1.1780972450961724,0.20000000000000007,1.0047075
1,-1,2.95,-1.1780972450961724,0.4,1.0031534
1,-1,2.95,-1.1780972450961724,0.6,0.9940887
1,-1,2.95,-1.1780972450961724,0.7999999999999999,0.964643
1,-1,2.95,-1.1780972450961724,1.0,0.95599747
1,-1,2.95,-0.9162978572970231,-1.0,1.0089322
1,-1,2.95,-0.9162978572970231,-0.8,1.0083398
1,-1,2.95,-0.9162978572970231,-0.6000000000000001,1.0077553
1,-1,2.95,-0.9162978572970231,-0.4,1.0071868
1,-1,2.95,-0.9162978572970231,-0.20000000000000007,1.0066298
1,-1,2.95,-0.9162978572970231,0.0,1.0060393
1,-1,2.95,-0.9162978572970231,0.20000000000000007,1.0052041
1,-1,2.95,-0.9162978572970231,0.4,1.0027558
1,-1,2.95,-0.9162978572970231,0.6,0.98880273
1,-1,2.95,-0.9162978572970231,0.7999999999999999,0.96143776
1,-1,2.95,-0.9162978572970231,1.0,0.95599747
1,-1,2.95,-0.6544984694978737,-1.0,1.0083326
1,-1,2.95,-0.6544984694978737,-0.8,1.0079108
1,-1,2.95,-0.6544984694978737,-0.6000000000000001,1.0074954
1,-1,2.95,-0.6544984694978737,-0.4,1.0070897
1,-1,2.95,-0.6544984694978737,-0.20000000000000007,1.0066749
1,-1,2.95,-0.6544984694978737,0.0,1.0061473
1,-1,2.95,-0.6544984694978737,0.20000000000000007,1.0049969
1,-1,2.95,-0.6544984694978737,0.4,1.000069
1,-1,2.95,-0.6544984694978737,0.6,0.97933203
1,-1,2.95,-0.6544984694978737,0.7999999999999999,0.9583454
1,-1,2.95,-0.6544984694978737,1.0,0.95599747
1,-1,2.95,-0.39269908169872436,-1.0,1.0071064
1,-1,2.95,-0.39269908169872436,-0.8,1.0069392
1,-1,2.95,-0.39269908169872436,-0.6000000000000001,1.0067191
1,-1,2.95,-0.39269908169872436,-0.4,1.006445
1,-1,2.95,-0.39269908169872436,-0.20000000000000007,1.0060369
1,-1,2.95,-0.39269908169872436,0.0,1.005128
1,-1,2.95,-0.39269908169872436,0.20000000000000007,1.0020207
1,-1,2.95,-0.39269908169872436,0.4,0.9896112
1,-1,2.95,-0.39269908169872436,0.6,0.96629745
1,-1,2.95,-0.39269908169872436,0.7999999999999999,0.95663136
1,-1,2.95,-0.39269908169872436,1.0,0.95599747
1,-1,2.95,-0.1308996938995748,-1.0,1.0026267
1,-1,2.95,-0.1308996938995748,-0.8,1.0029973
1,-1,2.95,-0.1308996938995748,-0.6000000000000001,1.0030906
1,-1,2.95,-0.1308996938995748,-0.4,1.002756
1,-1,2.95,-0.1308996938995748,-0.20000000000000007,1.0015607
1,-1,2.95,-0.1308996938995748,0.0,0.9981014
1,-1,2.95,-0.1308996938995748,0.20000000000000007,0.9883525
1,-1,2.95,-0.1308996938995748,0.4,0.9705667
1,-1,2.95,-0.1308996938995748,0.6,0.95919484
1,-1,2.95,-0.1308996938995748,0.7999999999999999,0.9565484
1,-1,2.95,-0.1308996938995748,1.0,0.95599747
1,-1,2.95,0.13089969389957457,-1.0,0.99591047
1,-1,2.95,0.13089969389957457,-0.8,0.9957091
1,-1,2.95,0.13089969389957457,-0.6000000000000001,0.9950917
1,-1,2.95,0.13089969389957457,-0.4,0.99355966
1,-1,2.95,0.13089969389957457,-0.20000000000000007,0.9900052
1,-1,2.95,0.13089969389957457,0.0,0.9823711
1,-1,2.95,0.13089969389957457,0.20000000000000007,0.9706049
1,-1,2.95,0.13089969389957457,0.4,0.961586
1,-1,2.95,0.13089969389957457,0.6,0.95763546
1,-1,2.95,0.13089969389957457,0.7999999999999999,0.9564481
1,-1,2.95,0.13089969389957457,1.0,0.95599747
1,-1,2.95,0.3926990816987239,-1.0,0.99100095
1,-1,2.95,0.3926990816987239,-0.8,0.9899056
1,-1,2.95,0.3926990816987239,-0.6000000000000001,0.9879699
1,-1,2.95,0.3926990816987239,-0.4,0.9844988
1,-1,2.95,0.3926990816987239,-0.20000000000000007,0.97861737
1,-1,2.95,0.3926990816987239,0.0,0.9707137
1,-1,2.95,0.3926990816987239,0.20000000000000007,0.963867
1,-1,2.95,0.3926990816987239,0.4,0.9599057
1,-1,2.95,0.3926990816987239,0.6,0.9574922
1,-1,2.95,0.3926990816987239,0.7999999999999999,0.95626134
1,-1,2.95,0.3926990816987239,1.0,0.95599747
1,-1,2.95,0.6544984694978733,-1.0,0.98778945
1,-1,2.95,0.6544984694978733,-0.8,0.986028
1,-1,2.95,0.6544984694978733,-0.6000000000000001,0.98321944
1,-1,2.95,0.6544984694978733,-0.4,0.97890615
1,-1,2.95,0.6544984694978733,-0.20000000000000007,0.9731407
1,-1,2.95,0.6544984694978733,0.0,0.96729356
1,-1,2.95,0.6544984694978733,0.20000000000000007,0.96297663
1,-1,2.95,0.6544984694978733,0.4,0.95996696
1,-1,2.95,0.6544984694978733,0.6,0.9574031
1,-1,2.95,0.6544984694978733,0.7999999999999999,0.95603895
1,-1,2.95,0.6544984694978733,1.0,0.95599747
1,-1,2.95,0.9162978572970226,-1.0,0.98834485
1,-1,2.95,0.9162978572970226,-0.8,0.9863572
1,-1,2.95,0.9162978572970226,-0.6000000000000001,0.98329204
1,-1,2.95,0.9162978572970226,-0.4,0.9788062
1,-1,2.95,0.9162978572970226,-0.20000000000000007,0.9732197
1,-1,2.95,0.9162978572970226,0.0,0.9679223
1,-1,2.95,0.9162978572970226,0.20000000000000007,0.9639268
1,-1,2.95,0.9162978572970226,0.4,0.96064425
1,-1,2.95,0.9162978572970226,0.6,0.95740336
1,-1,2.95,0.9162978572970226,0.7999999999999999,0.95599747
1,-1,2.95,0.9162978572970226,1.0,0.95599747
1,-1,2.95,1.178097245096172,-1.0,0.992311
1,-1,2.95,1.178097245096172,-0.8,0.9905382
1,-1,2.95,1.178097245096172,-0.6000000000000001,0.98760873
1,-1,2.95,1.178097245096172,-0.4,0.98297596
1,-1,2.95,1.178097245096172,-0.20000000000000007,0.9767739
1,-1,2.95,1.178097245096172,0.0,0.97066784
1,-1,2.95,1.178097245096172,0.20000000000000007,0.9660039
1,-1,2.95,1.178097245096172,0.4,0.9620228
1,-1,2.95,1.178097245096172,0.6,0.95782137
1,-1,2.95,1.178097245096172,0.7999999999999999,0.95599747
1,-1,2.95,1.178097245096172,1.0,0.95599747
1,-1,2.95,1.4398966328953215,-1.0,0.9994502
1,-1,2.95,1.4398966328953215,-0.8,0.9983999
1,-1,2.95,1.4398966328953215,-0.6000000000000001,0.99635
1,-1,2.95,1.4398966328953215,-0.4,0.99228615
1,-1,2.95,1.4398966328953215,-0.20000000000000007,0.9851535
1,-1,2.95,1.4398966328953215,0.0,0.9764473
1,-1,2.95,1.4398966328953215,0.20000000000000007,0.9696343
1,-1,2.95,1.4398966328953215,0.4,0.96447927
1,-1,2.95,1.4398966328953215,0.6,0.95921373
1,-1,2.95,1.4398966328953215,0.7999999999999999,0.9560819
1,-1,2.95,1.4398966328953215,1.0,0.95599747
1,-1,2.95,1.7016960206944711,-1.0,1.0070099
1,-1,2.95,1.7016960206944711,-0.8,1.0071086
1,-1,2.95,1.7016960206944711,-0.6000000000000001,1.0069737
1,-1,2.95,1.7016960206944711,-0.4,1.0058155
1,-1,2.95,1.7016960206944711,-0.20000000000000007,1.001486
1,-1,2.95,1.7016960206944711,0.0,0.9907591
1,-1,2.95,1.7016960206944711,0.20000000000000007,0.97721744
1,-1,2.95,1.7016960206944711,0.4,0.9683531
1,-1,2.95,1.7016960206944711,0.6,0.9616646
1,-1,2.95,1.7016960206944711,0.7999999999999999,0.95664006
1,-1,2.95,1.7016960206944711,1.0,0.95599747
1,-1,2.95,1.9634954084936203,-1.0,1.0133309
1,-1,2.95,1.9634954084936203,-0.8,1.0145545
1,-1,2.95,1.9634954084936203,-0.6000000000000001,1.0157436
1,-1,2.95,1.9634954084936203,-0.4,1.0166627
1,-1,2.95,1.9634954084936203,-0.20000000000000007,1.0166177
1,-1,2.95,1.9634954084936203,0.0,1.0129108
1,-1,2.95,1.9634954084936203,0.20000000000000007,0.9978711
1,-1,2.95,1.9634954084936203,0.4,0.9764312
1,-1,2.95,1.9634954084936203,0.6,0.96474916
1,-1,2.95,1.9634954084936203,0.7999999999999999,0.9581983
1,-1,2.95,1.9634954084936203,1.0,0.95599747
1,-1,2.95,2.22529479629277,-1.0,1.0181991
1,-1,2.95,2.22529479629277,-0.8,1.0184666
1,-1,2.95,2.22529479629277,-0.6000000000000001,1.0189223
1,-1,2.95,2.22529479629277,-0.4,1.0196172
1,-1,2.95,2.22529479629277,-0.20000000000000007,1.0204116
1,-1,2.95,2.22529479629277,0.0,1.0207393
1,-1,2.95,2.22529479629277,0.20000000000000007,1.0182875
1,-1,2.95,2.22529479629277,0.4,1.0003383
1,-1,2.95,2.22529479629277,0.6,0.9705808
1,-1,2.95,2.22529479629277,0.7999999999999999,0.959595
1,-1,2.95,2.22529479629277,1.0,0.95599747
1,-1,2.95,2.4870941840919194,-1.0,1.0172578
1,-1,2.95,2.4870941840919194,-0.8,1.0170523
1,-1,2.95,2.4870941840919194,-0.6000000000000001,1.017103
1,-1,2.95,2.4870941840919194,-0.4,1.017396
1,-1,2.95,2.4870941840919194,-0.20000000000000007,1.0178218
1,-1,2.95,2.4870941840919194,0.0,1.018085
1,-1,2.95,2.4870941840919194,0.20000000000000007,1.0175718
1,-1,2.95,2.4870941840919194,0.4,1.0143275
1,-1,2.95,2.4870941840919194,0.6,0.9914691
1,-1,2.95,2.4870941840919194,0.7999999999999999,0.9612505
1,-1,2.95,2.4870941840919194,1.0,0.95599747
1,-1,2.95,2.7488935718910685,-1.0,1.0149454
1,-1,2.95,2.7488935718910685,-0.8,1.0145059
1,-1,2.95,2.7488935718910685,-0.6000000000000001,1.0142459
1,-1,2.95,2.7488935718910685,-0.4,1.0141461
1,-1,2.95,2.7488935718910685,-0.20000000000000007,1.0141213
1,-1,2.95,2.7488935718910685,0.0,1.0139667
1,-1,2.95,2.7488935718910685,0.20000000000000007,1.0133079
1,-1,2.95,2.7488935718910685,0.4,1.0115935
1,-1,2.95,2.7488935718910685,0.6,1.0054727
1,-1,2.95,2.7488935718910685,0.7999999999999999,0.97108406
1,-1,2.95,2.7488935718910685,1.0,0.95599747
1,-1,2.95,3.010692959690218,-1.0,1.012303
1,-1,2.95,3.010692959690218,-0.8,1.0116941
1,-1,2.95,3.010692959690218,-0.6000000000000001,1.0112071
1,-1,2.95,3.010692959690218,-0.4,1.0108243
1,-1,2.95,3.010692959690218,-0.20000000000000007,1.0104839
1,-1,2.95,3.010692959690218,0.0,1.0100507
1,-1,2.95,3.010692959690218,0.20000000000000007,1.0092921
1,-1,2.95,3.010692959690218,0.4,1.0079074
1,-1,2.95,3.010692959690218,0.6,1.0053065
1,-1,2.95,3.010692959690218,0.7999999999999999,0.9850464
1,-1,2.95,3.010692959690218,1.0,0.9561443
1,1,0.25,-3.0106929596902186,-1.0,1.004001
1,1,0.25,-3.0106929596902186,-0.8,1.0039654
1,1,0.25,-3.0106929596902186,-0.6000000000000001,1.0038937
1,1,0.25,-3.0106929596902186,-0.4,1.003775
1,1,0.25,-3.0106929596902186,-0.20000000000000007,1.0035871
1,1,0.25,-3.0106929596902186,0.0,1.0032754
1,1,0.25,-3.0106929596902186,0.20000000000000007,1.0026919
1,1,0.25,-3.0106929596902186,0.4,1.0014685
1,1,0.25,-3.0106929596902186,0.6,0.99880093
1,1,0.25,-3.0106929596902186,0.7999999999999999,0.99331754
1,1,0.25,-3.0106929596902186,1.0,0.9849302
1,1,0.25,-2.748893571891069,-1.0,1.0073074
1,1,0.25,-2.748893571891069,-0.8,1.0072485
1,1,0.25,-2.748893571891069,-0.6000000000000001,1.0071349
1,1,0.25,-2.748893571891069,-0.4,1.006942
1,1,0.25,-2.748893571891069,-0.20000000000000007,1.00663
1,1,0.25,-2.748893571891069,0.0,1.0061167
1,1,0.25,-2.748893571891069,0.20000000000000007,1.0052128
1,1,0.25,-2.748893571891069,0.4,1.0034889
1,1,0.25,-2.748893571891069,0.6,1.0000591
1,1,0.25,-2.748893571891069,0.7999999999999999,0.99354166
1,1,0.25,-2.748893571891069,1.0,0.9844472
1,1,0.25,-2.4870941840919194,-1.0,1.0108883
1,1,0.25,-2.4870941840919194,-0.8,1.0108044
1,1,0.25,-2.4870941840919194,-0.6000000000000001,1.0106437
1,1,0.25,-2.4870941840919194,-0.4,1.0103744
1,1,0.25,-2.4870941840919194,-0.20000000000000007,1.0099431
1,1,0.25,-2.4870941840919194,0.0,1.0092453
1,1,0.25,-2.4870941840919194,0.20000000000000007,1.0080543
1,1,0.25,-2.4870941840919194,0.4,1.0058846
1,1,0.25,-2.4870941840919194,0.6,1.0017753
1,1,0.25,-2.4870941840919194,0.7999999999999999,0.9943469
1,1,0.25,-2.4870941840919194,1.0,0.98465395
1,1,0.25,-2.2252947962927703,-1.0,1.0142411
1,1,0.25,-2.2252947962927703,-0.8,1.0141231
1,1,0.25,-2.2252947962927703,-0.6000000000000001,1.0139192
1,1,0.25,-2.2252947962927703,-0.4,1.0135959
1,1,0.25,-2.2252947962927703,-0.20000000000000007,1.0130941
1,1,0.25,-2.2252947962927703,0.0,1.0122963
1,1,0.25,-2.2252947962927703,0.20000000000000007,1.0109535
1,1,0.25,-2.2252947962927703,0.4,1.0085423
1,1,0.25,-2.2252947962927703,0.6,1.0040426
1,1,0.25,-2.2252947962927703,0.7999999999999999,0.9960478
1,1,0.25,-2.2252947962927703,1.0,0.98587686
1,1,0.25,-1.963495408493621,-1.0,1.0168804
1,1,0.25,-1.963495408493621,-0.8,1.0167462
1,1,0.25,-1.963495408493621,-0.6000000000000001,1.0165347
1,1,0.25,-1.963495408493621,-0.4,1.0162152
1,1,0.25,-1.963495408493621,-0.20000000000000007,1.0157318
1,1,0.25,-1.963495408493621,0.0,1.0149688
1,1,0.25,-1.963495408493621,0.20000000000000007,1.0136751
1,1,0.25,-1.963495408493621,0.4,1.0113205
1,1,0.25,-1.963495408493621,0.6,1.0068585
1,1,0.25,-1.963495408493621,0.7999999999999999,0.9988012
1,1,0.25,-1.963495408493621,1.0,0.9883022
1,1,0.25,-1.7016960206944713,-1.0,1.0185026
1,1,0.25,-1.7016960206944713,-0.8,1.0183727
1,1,0.25,-1.7016960206944713,-0.6000000000000001,1.0181891
1,1,0.25,-1.7016960206944713,-0.4,1.0179302
1,1,0.25,-1.7016960206944713,-0.20000000000000007,1.0175532
1,1,0.25,-1.7016960206944713,0.0,1.0169603
1,1,0.25,-1.7016960206944713,0.20000000000000007,1.015924
1,1,0.25,-1.7016960206944713,0.4,1.0139419
1,1,0.25,-1.7016960206944713,0.6,1.0099865
1,1,0.25,-1.7016960206944713,0.7999999999999999,1.0024652
1,1,0.25,-1.7016960206944713,1.0,0.9919243
1,1,0.25,-1.439896632895322,-1.0,1.0188601
1,1,0.25,-1.439896632895322,-0.8,1.0187039
1,1,0.25,-1.439896632895322,-0.6000000000000001,1.0185319
1,1,0.25,-1.439896632895322,-0.4,1.0183406
1,1,0.25,-1.439896632895322,-0.20000000000000007,1.0181125
1,1,0.25,-1.439896632895322,0.0,1.0177851
1,1,0.25,-1.439896632895322,0.20000000000000007,1.0171767
1,1,0.25,-1.439896632895322,0.4,1.015844
1,1,0.25,-1.439896632895322,0.6,1.0128249
1,1,0.25,-1.439896632895322,0.7999999999999999,1.0064594
1,1,0.25,-1.439896632895322,1.0,0.9964064
1,1,0.25,-1.1780972450961724,-1.0,1.017752
1,1,0.25,-1.1780972450961724,-0.8,1.0174569
1,1,0.25,-1.1780972450961724,-0.6000000000000001,1.0171902
1,1,0.25,-1.1780972450961724,-0.4,1.0169805
1,1,0.25,-1.1780972450961724,-0.20000000000000007,1.0168523
1,1,0.25,-1.1780972450961724,0.0,1.0167966
1,1,0.25,-1.1780972450961724,0.20000000000000007,1.0167016
1,1,0.25,-1.1780972450961724,0.4,1.0162066
1,1,0.25,-1.1780972450961724,0.6,1.0144471
1,1,0.25,-1.1780972450961724,0.7999999999999999,1.0097661
1,1,0.25,-1.1780972450961724,1.0,1.0009388
1,1,0.25,-0.9162978572970231,-1.0,1.0153843
1,1,0.25,-0.9162978572970231,-0.8,1.0148168
1,1,0.25,-0.9162978572970231,-0.6000000000000001,1.0142999
1,1,0.25,-0.9162978572970231,-0.4,1.0139036
1,1,0.25,-0.9162978572970231,-0.20000000000000007,1.0137075
1,1,0.25,-0.9162978572970231,0.0,1.0137771
1,1,0.25,-0.9162978572970231,0.20000000000000007,1.0140971
1,1,0.25,-0.9162978572970231,0.4,1.0144283
1,1,0.25,-0.9162978572970231,0.6,1.0140367
1,1,0.25,-0.9162978572970231,0.7999999999999999,1.0113275
1,1,0.25,-0.9162978572970231,1.0,1.0044094
1,1,0.25,-0.6544984694978737,-1.0,1.0125697
1,1,0.25,-0.6544984694978737,-0.8,1.0117359
1,1,0.25,-0.6544984694978737,-0.6000000000000001,1.0109266
1,1,0.25,-0.6544984694978737,-0.4,1.0102456
1,1,0.25,-0.6544984694978737,-0.20000000000000007,1.0098174
1,1,0.25,-0.6544984694978737,0.0,1.0097741
1,1,0.25,-0.6544984694978737,0.20000000000000007,1.0102051
1,1,0.25,-0.6544984694978737,0.4,1.0110272
1,1,0.25,-0.6544984694978737,0.6,1.0117059
1,1,0.25,-0.6544984694978737,0.7999999999999999,1.0107999
1,1,0.25,-0.6544984694978737,1.0,1.0060359
1,1,0.25,-0.39269908169872436,-1.0,1.0100908
1,1,0.25,-0.39269908169872436,-0.8,1.0092117
1,1,0.25,-0.39269908169872436,-0.6000000000000001,1.0082836
1,1,0.25,-0.39269908169872436,-0.4,1.0074277
1,1,0.25,-0.39269908169872436,-0.20000000000000007,1.0067911
1,1,0.25,-0.39269908169872436,0.0,1.0065403
1,1,0.25,-0.39269908169872436,0.20000000000000007,1.0068274
1,1,0.25,-0.39269908169872436,0.4,1.0076882
1,1,0.25,-0.39269908169872436,0.6,1.0087935
1,1,0.25,-0.39269908169872436,0.7999999999999999,1.0089564
1,1,0.25,-0.39269908169872436,1.0,1.0058619
1,1,0.25,-0.1308996938995748,-1.0,1.0079106
1,1,0.25,-0.1308996938995748,-0.8,1.0073162
1,1,0.25,-0.1308996938995748,-0.6000000000000001,1.0065811
1,1,0.25,-0.1308996938995748,-0.4,1.005819
1,1,0.25,-0.1308996938995748,-0.20000000000000007,1.005179
1,1,0.25,-0.1308996938995748,0.0,1.0048355
1,1,0.25,-0.1308996938995748,0.20000000000000007,1.0049553
1,1,0.25,-0.1308996938995748,0.4,1.005612
1,1,0.25,-0.1308996938995748,0.6,1.006574
1,1,0.25,-0.1308996938995748,0.7999999999999999,1.006864
1,1,0.25,-0.1308996938995748,1.0,1.0043985
1,1,0.25,0.13089969389957457,-1.0,1.0053848
1,1,0.25,0.13089969389957457,-0.8,1.0052942
1,1,0.25,0.13089969389957457,-0.6000000000000001,1.0050173
1,1,0.25,0.13089969389957457,-0.4,1.0046252
1,1,0.25,0.13089969389957457,-0.20000000000000007,1.0042341
1,1,0.25,0.13089969389957457,0.0,1.0039936
1,1,0.25,0.13089969389957457,0.20000000000000007,1.0040464
1,1,0.25,0.13089969389957457,0.4,1.0044408
1,1,0.25,0.13089969389957457,0.6,1.0049378
1,1,0.25,0.13089969389957457,0.7999999999999999,1.0046563
1,1,0.25,0.13089969389957457,1.0,1.0018381
1,1,0.25,0.3926990816987239,-1.0,1.0022708
1,1,0.25,0.3926990816987239,-0.8,1.0026118
1,1,0.25,0.3926990816987239,-0.6000000000000001,1.0028042
1,1,0.25,0.3926990816987239,-0.4,1.0028647
1,1,0.25,0.3926990816987239,-0.20000000000000007,1.002848
1,1,0.25,0.3926990816987239,0.0,1.0028396
1,1,0.25,0.3926990816987239,0.20000000000000007,1.0029192
1,1,0.25,0.3926990816987239,0.4,1.0030714
1,1,0.25,0.3926990816987239,0.6,1.0030098
1,1,0.25,0.3926990816987239,0.7999999999999999,1.0018791
1,1,0.25,0.3926990816987239,1.0,0.99821687
1,1,0.25,0.6544984694978733,-1.0,0.99911284
1,1,0.25,0.6544984694978733,-0.8,0.9996507
1,1,0.25,0.6544984694978733,-0.6000000000000001,1.0001081
1,1,0.25,0.6544984694978733,-0.4,1.0004725
1,1,0.25,0.6544984694978733,-0.20000000000000007,1.0007497
1,1,0.25,0.6544984694978733,0.0,1.0009595
1,1,0.25,0.6544984694978733,0.20000000000000007,1.0011072
1,1,0.25,0.6544984694978733,0.4,1.0011028
1,1,0.25,0.6544984694978733,0.6,1.000597
1,1,0.25,0.6544984694978733,0.7999999999999999,0.9987132
1,1,0.25,0.6544984694978733,1.0,0.9941807
1,1,0.25,0.9162978572970226,-1.0,0.9965268
1,1,0.25,0.9162978572970226,-0.8,0.997098
1,1,0.25,0.9162978572970226,-0.6000000000000001,0.99763805
1,1,0.25,0.9162978572970226,-0.4,0.9981281
1,1,0.25,0.9162978572970226,-0.20000000000000007,0.9985523
1,1,0.25,0.9162978572970226,0.0,0.9988921
1,1,0.25,0.9162978572970226,0.20000000000000007,0.9991
1,1,0.25,0.9162978572970226,0.4,0.9990255
1,1,0.25,0.9162978572970226,0.6,0.9982572
1,1,0.25,0.9162978572970226,0.7999999999999999,0.9958687
1,1,0.25,0.9162978572970226,1.0,0.99068576
1,1,0.25,1.178097245096172,-1.0,0.99471563
1,1,0.25,1.178097245096172,-0.8,0.9952652
1,1,0.25,1.178097245096172,-0.6000000000000001,0.9958094
1,1,0.25,1.178097245096172,-0.4,0.996331
1,1,0.25,1.178097245096172,-0.20000000000000007,0.99680805
1,1,0.25,1.178097245096172,0.0,0.9972064
1,1,0.25,1.178097245096172,0.20000000000000007,0.9974515
1,1,0.25,1.178097245096172,0.4,0.99735564
1,1,0.25,1.178097245096172,0.6,0.9964631
1,1,0.25,1.178097245096172,0.7999999999999999,0.9938018
1,1,0.25,1.178097245096172,1.0,0.9882452
1,1,0.25,1.4398966328953215,-1.0,0.9936654
1,1,0.25,1.4398966328953215,-0.8,0.9941879
1,1,0.25,1.4398966328953215,-0.6000000000000001,0.99471635
1,1,0.25,1.4398966328953215,-0.4,0.99523544
1,1,0.25,1.4398966328953215,-0.20000000000000007,0.995723
1,1,0.25,1.4398966328953215,0.0,0.99614096
1,1,0.25,1.4398966328953215,0.20000000000000007,0.9964051
1,1,0.25,1.4398966328953215,0.4,0.99631125
1,1,0.25,1.4398966328953215,0.6,0.99537754
1,1,0.25,1.4398966328953215,0.7999999999999999,0.99259955
1,1,0.25,1.4398966328953215,1.0,0.986872
1,1,0.25,1.7016960206944711,-1.0,0.99337405
1,1,0.25,1.7016960206944711,-0.8,0.99387294
1,1,0.25,1.7016960206944711,-0.6000000000000001,0.9943792
1,1,0.25,1.7016960206944711,-0.4,0.9948785
1,1,0.25,1.7016960206944711,-0.20000000000000007,0.995351
1,1,0.25,1.7016960206944711,0.0,0.9957611
1,1,0.25,1.7016960206944711,0.20000000000000007,0.9960251
1,1,0.25,1.7016960206944711,0.4,0.9959331
1,1,0.25,1.7016960206944711,0.6,0.9949871
1,1,0.25,1.7016960206944711,0.7999999999999999,0.9921553
1,1,0.25,1.7016960206944711,1.0,0.98633814
1,1,0.25,1.9634954084936203,-1.0,0.99385816
1,1,0.25,1.9634954084936203,-0.8,0.9943259
1,1,0.25,1.9634954084936203,-0.6000000000000001,0.994792
1,1,0.25,1.9634954084936203,-0.4,0.99524444
1,1,0.25,1.9634954084936203,-0.20000000000000007,0.99566835
1,1,0.25,1.9634954084936203,0.0,0.9960353
1,1,0.25,1.9634954084936203,0.20000000000000007,0.9962669
1,1,0.25,1.9634954084936203,0.4,0.99615043
1,1,0.25,1.9634954084936203,0.6,0.99516994
1,1,0.25,1.9634954084936203,0.7999999999999999,0.99226063
1,1,0.25,1.9634954084936203,1.0,0.98633033
1,1,0.25,2.22529479629277,-1.0,0.9950586
1,1,0.25,2.22529479629277,-0.8,0.9954632
1,1,0.25,2.22529479629277,-0.6000000000000001,0.99584943
1,1,0.25,2.22529479629277,-0.4,0.99621075
1,1,0.25,2.22529479629277,-0.20000000000000007,0.99654126
1,1,0.25,2.22529479629277,0.0,0.99682206
1,1,0.25,2.22529479629277,0.20000000000000007,0.99697995
1,1,0.25,2.22529479629277,0.4,0.9967945
1,1,0.25,2.22529479629277,0.6,0.99572116
1,1,0.25,2.22529479629277,0.7999999999999999,0.9926482
1,1,0.25,2.22529479629277,1.0,0.9865129
1,1,0.25,2.4870941840919194,-1.0,0.99679154
1,1,0.25,2.4870941840919194,-0.8,0.9970818
1,1,0.25,2.4870941840919194,-0.6000000000000001,0.99733925
1,1,0.25,2.4870941840919194,-0.4,0.9975662
1,1,0.25,2.4870941840919194,-0.20000000000000007,0.99776596
1,1,0.25,2.4870941840919194,0.0,0.997926
1,1,0.25,2.4870941840919194,0.20000000000000007,0.997972
1,1,0.25,2.4870941840919194,0.4,0.99766564
1,1,0.25,2.4870941840919194,0.6,0.9964173
1,1,0.25,2.4870941840919194,0.7999999999999999,0.993051
1,1,0.25,2.4870941840919194,1.0,0.98657495
1,1,0.25,2.7488935718910685,-1.0,0.998852
1,1,0.25,2.7488935718910685,-0.8,0.9989968
1,1,0.25,2.7488935718910685,-0.6000000000000001,0.9991069
1,1,0.25,2.7488935718910685,-0.4,0.9991894
1,1,0.25,2.7488935718910685,-0.20000000000000007,0.999249
1,1,0.25,2.7488935718910685,0.0,0.99927
1,1,0.25,2.7488935718910685,0.20000000000000007,0.9991661
1,1,0.25,2.7488935718910685,0.4,0.9986682
1,1,0.25,2.7488935718910685,0.6,0.9971256
1,1,0.25,2.7488935718910685,0.7999999999999999,0.99328583
1,1,0.25,2.7488935718910685,1.0,0.98630434
1,1,0.25,3.010692959690218,-1.0,1.0012063
1,1,0.25,3.010692959690218,-0.8,1.0012313
1,1,0.25,3.010692959690218,-0.6000000000000001,1.0012258
1,1,0.25,3.010692959690218,-0.4,1.0011914
1,1,0.25,3.010692959690218,-0.20000000000000007,1.0011231
1,1,0.25,3.010692959690218,0.0,1.00099
1,1,0.25,3.010692959690218,0.20000000000000007,1.0006814
1,1,0.25,3.010692959690218,0.4,0.99988383
1,1,0.25,3.010692959690218,0.6,0.99787396
1,1,0.25,3.010692959690218,0.7999999999999999,0.993326
1,1,0.25,3.010692959690218,1.0,0.98568183
1,1,0.35,-3.0106929596902186,-1.0,1.0017067
1,1,0.35,-3.0106929596902186,-0.8,1.001056
1,1,0.35,-3.0106929596902186,-0.6000000000000001,1.0004133
1,1,0.35,-3.0106929596902186,-0.4,0.99982136
1,1,0.35,-3.0106929596902186,-0.20000000000000007,0.9993434
1,1,0.35,-3.0106929596902186,0.0,0.99904174
1,1,0.35,-3.0106929596902186,0.20000000000000007,0.99889255
1,1,0.35,-3.0106929596902186,0.4,0.9985942
1,1,0.35,-3.0106929596902186,0.6,0.9972732
1,1,0.35,-3.0106929596902186,0.7999999999999999,0.9934327
1,1,0.35,-3.0106929596902186,1.0,0.9876594
1,1,0.35,-2.748893571891069,-1.0,1.0046966
1,1,0.35,-2.748893571891069,-0.8,1.0041362
1,1,0.35,-2.748893571891069,-0.6000000000000001,1.0035626
1,1,0.35,-2.748893571891069,-0.4,1.0029937
1,1,0.35,-2.748893571891069,-0.20000000000000007,1.002462
1,1,0.35,-2.748893571891069,0.0,1.0019892
1,1,0.35,-2.748893571891069,0.20000000000000007,1.0014957
1,1,0.35,-2.748893571891069,0.4,1.0006089
1,1,0.35,-2.748893571891069,0.6,0.9983849
1,1,0.35,-2.748893571891069,0.7999999999999999,0.9933689
1,1,0.35,-2.748893571891069,1.0,0.9867762
1,1,0.35,-2.4870941840919194,-1.0,1.0084558
1,1,0.35,-2.4870941840919194,-0.8,1.007999
1,1,0.35,-2.4870941840919194,-0.6000000000000001,1.0074941
1,1,0.35,-2.4870941840919194,-0.4,1.0069383
1,1,0.35,-2.4870941840919194,-0.20000000000000007,1.0063357
1,1,0.35,-2.4870941840919194,0.0,1.0056664
1,1,0.35,-2.4870941840919194,0.20000000000000007,1.0047957
1,1,0.35,-2.4870941840919194,0.4,1.0032868
1,1,0.35,-2.4870941840919194,0.6,1.0001444
1,1,0.35,-2.4870941840919194,0.7999999999999999,0.993989
1,1,0.35,-2.4870941840919194,1.0,0.98659116
1,1,0.35,-2.2252947962927703,-1.0,1.0120417
1,1,0.35,-2.2252947962927703,-0.8,1.0116388
1,1,0.35,-2.2252947962927703,-0.6000000000000001,1.0111679
1,1,0.35,-2.2252947962927703,-0.4,1.0106153
1,1,0.35,-2.2252947962927703,-0.20000000000000007,1.0099678
1,1,0.35,-2.2252947962927703,0.0,1.0091783
1,1,0.35,-2.2252947962927703,0.20000000000000007,1.0080742
1,1,0.35,-2.2252947962927703,0.4,1.0061765
1,1,0.35,-2.2252947962927703,0.6,1.002452
1,1,0.35,-2.2252947962927703,0.7999999999999999,0.9955463
1,1,0.35,-2.2252947962927703,1.0,0.987473
1,1,0.35,-1.963495408493621,-1.0,1.0145358
1,1,0.35,-1.963495408493621,-0.8,1.0141352
1,1,0.35,-1.963495408493621,-0.6000000000000001,1.0136791
1,1,0.35,-1.963495408493621,-0.4,1.0131544
1,1,0.35,-1.963495408493621,-0.20000000000000007,1.0125455
1,1,0.35,-1.963495408493621,0.0,1.0117995
1,1,0.35,-1.963495408493621,0.20000000000000007,1.0107348
1,1,0.35,-1.963495408493621,0.4,1.0088625
1,1,0.35,-1.963495408493621,0.6,1.0051323
1,1,0.35,-1.963495408493621,0.7999999999999999,0.9981241
1,1,0.35,-1.963495408493621,1.0,0.989626
1,1,0.35,-1.7016960206944713,-1.0,1.0153522
1,1,0.35,-1.7016960206944713,-0.8,1.0148934
1,1,0.35,-1.7016960206944713,-0.6000000000000001,1.0144247
1,1,0.35,-1.7016960206944713,-0.4,1.0139478
1,1,0.35,-1.7016960206944713,-0.20000000000000007,1.0134639
1,1,0.35,-1.7016960206944713,0.0,1.0129386
1,1,0.35,-1.7016960206944713,0.20000000000000007,1.0122143
1,1,0.35,-1.7016960206944713,0.4,1.0108322
1,1,0.35,-1.7016960206944713,0.6,1.0077622
1,1,0.35,-1.7016960206944713,0.7999999999999999,1.0014619
1,1,0.35,-1.7016960206944713,1.0,0.99299043
1,1,0.35,-1.439896632895322,-1.0,1.0142108
1,1,0.35,-1.439896632895322,-0.8,1.0135617
1,1,0.35,-1.439896632895322,-0.6000000000000001,1.0129722
1,1,0.35,-1.439896632895322,-0.4,1.012477
1,1,0.35,-1.439896632895322,-0.20000000000000007,1.0121182
1,1,0.35,-1.439896632895322,0.0,1.0119109
1,1,0.35,-1.439896632895322,0.20000000000000007,1.0117575
1,1,0.35,-1.439896632895322,0.4,1.0112718
1,1,0.35,-1.439896632895322,0.6,1.0094922
1,1,0.35,-1.439896632895322,0.7999999999999999,1.0047622
1,1,0.35,-1.439896632895322,1.0,0.9970584
1,1,0.35,-1.1780972450961724,-1.0,1.0112652
1,1,0.35,-1.1780972450961724,-0.8,1.0102407
1,1,0.35,-1.1780972450961724,-0.6000000000000001,1.0093397
1,1,0.35,-1.1780972450961724,-0.4,1.0086417
1,1,0.35,-1.1780972450961724,-0.20000000000000007,1.0082484
1,1,0.35,-1.1780972450961724,0.0,1.0082551
1,1,0.35,-1.1780972450961724,0.20000000000000007,1.0086744
1,1,0.35,-1.1780972450961724,0.4,1.0092632
1,1,0.35,-1.1780972450961724,0.6,1.0092014
1,1,0.35,-1.1780972450961724,0.7999999999999999,1.0067805
1,1,0.35,-1.1780972450961724,1.0,1.0008202
1,1,0.35,-0.9162978572970231,-1.0,1.0074643
1,1,0.35,-0.9162978572970231,-0.8,1.005981
1,1,0.35,-0.9162978572970231,-0.6000000000000001,1.0046593
1,1,0.35,-0.9162978572970231,-0.4,1.0036074
1,1,0.35,-0.9162978572970231,-0.20000000000000007,1.0029632
1,1,0.35,-0.9162978572970231,0.0,1.0028862
1,1,0.35,-0.9162978572970231,0.20000000000000007,1.0035181
1,1,0.35,-0.9162978572970231,0.4,1.0048503
1,1,0.35,-0.9162978572970231,0.6,1.0063821
1,1,0.35,-0.9162978572970231,0.7999999999999999,1.006551
1,1,0.35,-0.9162978572970231,1.0,1.003205
1,1,0.35,-0.6544984694978737,-1.0,1.0043286
1,1,0.35,-0.6544984694978737,-0.8,1.00248
1,1,0.35,-0.6544984694978737,-0.6000000000000001,1.0008012
1,1,0.35,-0.6544984694978737,-0.4,0.9994133
1,1,0.35,-0.6544984694978737,-0.20000000000000007,0.99845743
1,1,0.35,-0.6544984694978737,0.0,0.9981031
1,1,0.35,-0.6544984694978737,0.20000000000000007,0.9985501
1,1,0.35,-0.6544984694978737,0.4,0.999978
1,1,0.35,-0.6544984694978737,0.6,1.0023009
1,1,0.35,-0.6544984694978737,0.7999999999999999,1.004459
1,1,0.35,-0.6544984694978737,1.0,1.0038719
1,1,0.35,-0.39269908169872436,-1.0,1.0028777
1,1,0.35,-0.39269908169872436,-0.8,1.0008961
1,1,0.35,-0.39269908169872436,-0.6000000000000001,0.9990136
1,1,0.35,-0.39269908169872436,-0.4,0.99738425
1,1,0.35,-0.39269908169872436,-0.20000000000000007,0.99616784
1,1,0.35,-0.39269908169872436,0.0,0.99554163
1,1,0.35,-0.39269908169872436,0.20000000000000007,0.9957147
1,1,0.35,-0.39269908169872436,0.4,0.99692345
1,1,0.35,-0.39269908169872436,0.6,0.9993014
1,1,0.35,-0.39269908169872436,0.7999999999999999,1.0022823
1,1,0.35,-0.39269908169872436,1.0,1.0035013
1,1,0.35,-0.1308996938995748,-1.0,1.0027233
1,1,0.35,-0.1308996938995748,-0.8,1.0010511
1,1,0.35,-0.1308996938995748,-0.6000000000000001,0.9992997
1,1,0.35,-0.1308996938995748,-0.4,0.99765927
1,1,0.35,-0.1308996938995748,-0.20000000000000007,0.99633455
1,1,0.35,-0.1308996938995748,0.0,0.9955425
1,1,0.35,-0.1308996938995748,0.20000000000000007,0.9955153
1,1,0.35,-0.1308996938995748,0.4,0.996486
1,1,0.35,-0.1308996938995748,0.6,0.9985822
1,1,0.35,-0.1308996938995748,0.7999999999999999,1.0013679
1,1,0.35,-0.1308996938995748,1.0,1.0028782
1,1,0.35,0.13089969389957457,-1.0,1.0023249
1,1,0.35,0.13089969389957457,-0.8,1.0014211
1,1,0.35,0.13089969389957457,-0.6000000000000001,1.0002834
1,1,0.35,0.13089969389957457,-0.4,0.999064
1,1,0.35,0.13089969389957457,-0.20000000000000007,0.99797153
1,1,0.35,0.13089969389957457,0.0,0.9972474
1,1,0.35,0.13089969389957457,0.20000000000000007,0.99713564
1,1,0.35,0.13089969389957457,0.4,0.99782777
1,1,0.35,0.13089969389957457,0.6,0.9993265
1,1,0.35,0.13089969389957457,0.7999999999999999,1.0011193
1,1,0.35,0.13089969389957457,1.0,1.0017328
1,1,0.35,0.3926990816987239,-1.0,1.000683
1,1,0.35,0.3926990816987239,-0.8,1.0005573
1,1,0.35,0.3926990816987239,-0.6000000000000001,1.0002006
1,1,0.35,0.3926990816987239,-0.4,0.9996729
1,1,0.35,0.3926990816987239,-0.20000000000000007,0.9991016
1,1,0.35,0.3926990816987239,0.0,0.9986687
1,1,0.35,0.3926990816987239,0.20000000000000007,0.99856347
1,1,0.35,0.3926990816987239,0.4,0.9988907
1,1,0.35,0.3926990816987239,0.6,0.99952596
1,1,0.35,0.3926990816987239,0.7999999999999999,0.9999297
1,1,0.35,0.3926990816987239,1.0,0.99930793
1,1,0.35,0.6544984694978733,-1.0,0.99829787
1,1,0.35,0.6544984694978733,-0.8,0.99860126
1,1,0.35,0.6544984694978733,-0.6000000000000001,0.9987572
1,1,0.35,0.6544984694978733,-0.4,0.9987654
1,1,0.35,0.6544984694978733,-0.20000000000000007,0.9986668
1,1,0.35,0.6544984694978733,0.0,0.99854296
1,1,0.35,0.6544984694978733,0.20000000000000007,0.99847966
1,1,0.35,0.6544984694978733,0.4,0.99847907
1,1,0.35,0.6544984694978733,0.6,0.9983198
1,1,0.35,0.6544984694978733,0.7999999999999999,0.99746305
1,1,0.35,0.6544984694978733,1.0,0.99578494
1,1,0.35,0.9162978572970226,-1.0,0.9961559
1,1,0.35,0.9162978572970226,-0.8,0.99660087
1,1,0.35,0.9162978572970226,-0.6000000000000001,0.9969662
1,1,0.35,0.9162978572970226,-0.4,0.9972313
1,1,0.35,0.9162978572970226,-0.20000000000000007,0.9973929
1,1,0.35,0.9162978572970226,0.0,0.9974642
1,1,0.35,0.9162978572970226,0.20000000000000007,0.997447
1,1,0.35,0.9162978572970226,0.4,0.997253
1,1,0.35,0.9162978572970226,0.6,0.9965671
1,1,0.35,0.9162978572970226,0.7999999999999999,0.9947915
1,1,0.35,0.9162978572970226,1.0,0.992245
1,1,0.35,1.178097245096172,-1.0,0.9947121
1,1,0.35,1.178097245096172,-0.8,0.9951847
1,1,0.35,1.178097245096172,-0.6000000000000001,0.9956129
1,1,0.35,1.178097245096172,-0.4,0.99597293
1,1,0.35,1.178097245096172,-0.20000000000000007,0.9962457
1,1,0.35,1.178097245096172,0.0,0.9964139
1,1,0.35,1.178097245096172,0.20000000000000007,0.9964335
1,1,0.35,1.178097245096172,0.4,0.9961563
1,1,0.35,1.178097245096172,0.6,0.99518996
1,1,0.35,1.178097245096172,0.7999999999999999,0.9928468
1,1,0.35,1.178097245096172,1.0,0.98961705
1,1,0.35,1.4398966328953215,-1.0,0.994024
1,1,0.35,1.4398966328953215,-0.8,0.99449444
1,1,0.35,1.4398966328953215,-0.6000000000000001,0.9949336
1,1,0.35,1.4398966328953215,-0.4,0.9953181
1,1,0.35,1.4398966328953215,-0.20000000000000007,0.9956266
1,1,0.35,1.4398966328953215,0.0,0.99583405
1,1,0.35,1.4398966328953215,0.20000000000000007,0.9958814
1,1,0.35,1.4398966328953215,0.4,0.9955923
1,1,0.35,1.4398966328953215,0.6,0.9945256
1,1,0.35,1.4398966328953215,0.7999999999999999,0.99190897
1,1,0.35,1.4398966328953215,1.0,0.98820806
1,1,0.35,1.7016960206944711,-1.0,0.99410367
1,1,0.35,1.7016960206944711,-0.8,0.9945552
1,1,0.35,1.7016960206944711,-0.6000000000000001,0.9949712
1,1,0.35,1.7016960206944711,-0.4,0.995331
1,1,0.35,1.7016960206944711,-0.20000000000000007,0.9956193
1,1,0.35,1.7016960206944711,0.0,0.9958205
1,1,0.35,1.7016960206944711,0.20000000000000007,0.99588186
1,1,0.35,1.7016960206944711,0.4,0.9956216
1,1,0.35,1.7016960206944711,0.6,0.9945696
1,1,0.35,1.7016960206944711,0.7999999999999999,0.9918792
1,1,0.35,1.7016960206944711,1.0,0.98789054
1,1,0.35,1.9634954084936203,-1.0,0.99493074
1,1,0.35,1.9634954084936203,-0.8,0.99531895
1,1,0.35,1.9634954084936203,-0.6000000000000001,0.99565
1,1,0.35,1.9634954084936203,-0.4,0.9959124
1,1,0.35,1.9634954084936203,-0.20000000000000007,0.99611044
1,1,0.35,1.9634954084936203,0.0,0.99625355
1,1,0.35,1.9634954084936203,0.20000000000000007,0.99631023
1,1,0.35,1.9634954084936203,0.4,0.99610263
1,1,0.35,1.9634954084936203,0.6,0.99513346
1,1,0.35,1.9634954084936203,0.7999999999999999,0.992481
1,1,0.35,1.9634954084936203,1.0,0.9883313
1,1,0.35,2.22529479629277,-1.0,0.99627614
1,1,0.35,2.22529479629277,-0.8,0.99649984
1,1,0.35,2.22529479629277,-0.6000000000000001,0.99663687
1,1,0.35,2.22529479629277,-0.4,0.9967017
1,1,0.35,2.22529479629277,-0.20000000000000007,0.9967337
1,1,0.35,2.22529479629277,0.0,0.9967788
1,1,0.35,2.22529479629277,0.20000000000000007,0.99683166
1,1,0.35,2.22529479629277,0.4,0.9967141
1,1,0.35,2.22529479629277,0.6,0.9958845
1,1,0.35,2.22529479629277,0.7999999999999999,0.99332434
1,1,0.35,2.22529479629277,1.0,0.9890754
1,1,0.35,2.4870941840919194,-1.0,0.9976742
1,1,0.35,2.4870941840919194,-0.8,0.99759954
1,1,0.35,2.4870941840919194,-0.6000000000000001,0.9974347
1,1,0.35,2.4870941840919194,-0.4,0.9972305
1,1,0.35,2.4870941840919194,-0.20000000000000007,0.99706286
1,1,0.35,2.4870941840919194,0.0,0.99701
1,1,0.35,2.4870941840919194,0.20000000000000007,0.9970867
1,1,0.35,2.4870941840919194,0.4,0.9971041
1,1,0.35,2.4870941840919194,0.6,0.9964513
1,1,0.35,2.4870941840919194,0.7999999999999999,0.9939738
1,1,0.35,2.4870941840919194,1.0,0.9896049
1,1,0.35,2.7488935718910685,-1.0,0.9987853
1,1,0.35,2.7488935718910685,-0.8,0.998372
1,1,0.35,2.7488935718910685,-0.6000000000000001,0.99790853
1,1,0.35,2.7488935718910685,-0.4,0.99746513
1,1,0.35,2.7488935718910685,-0.20000000000000007,0.9971333
1,1,0.35,2.7488935718910685,0.0,0.99700624
1,1,0.35,2.7488935718910685,0.20000000000000007,0.997108
1,1,0.35,2.7488935718910685,0.4,0.9972298
1,1,0.35,2.7488935718910685,0.6,0.99667495
1,1,0.35,2.7488935718910685,0.7999999999999999,0.9941282
1,1,0.35,2.7488935718910685,1.0,0.9895132
1,1,0.35,3.010692959690218,-1.0,0.99987954
1,1,0.35,3.010692959690218,-0.8,0.9992549
1,1,0.35,3.010692959690218,-0.6000000000000001,0.99862546
1,1,0.35,3.010692959690218,-0.4,0.9980547
1,1,0.35,3.010692959690218,-0.20000000000000007,0.99762726
1,1,0.35,3.010692959690218,0.0,0.99743176
1,1,0.35,3.010692959690218,0.20000000000000007,0.99748135
1,1,0.35,3.010692959690218,0.4,0.9975322
1,1,0.35,3.010692959690218,0.6,0.99679726
1,1,0.35,3.010692959690218,0.7999999999999999,0.99382883
1,1,0.35,3.010692959690218,1.0,0.9887487
1,1,0.47500000000000003,-3.0106929596902186,-1.0,0.99207383
1,1,0.47500000000000003,-3.0106929596902186,-0.8,0.9905333
1,1,0.47500000000000003,-3.0106929596902186,-0.6000000000000001,0.9891288
1,1,0.47500000000000003,-3.0106929596902186,-0.4,0.9879783
1,1,0.47500000000000003,-3.0106929596902186,-0.20000000000000007,0.9872567
1,1,0.47500000000000003,-3.0106929596902186,0.0,0.9871822
1,1,0.47500000000000003,-3.0106929596902186,0.20000000000000007,0.9879503
1,1,0.47500000000000003,-3.0106929596902186,0.4,0.9895528
1,1,0.47500000000000003,-3.0106929596902186,0.6,0.9914367
1,1,0.47500000000000003,-3.0106929596902186,0.7999999999999999,0.9924354
1,1,0.47500000000000003,-3.0106929596902186,1.0,0.9932663
1,1,0.47500000000000003,-2.748893571891069,-1.0,0.9940135
1,1,0.47500000000000003,-2.748893571891069,-0.8,0.99265146
1,1,0.47500000000000003,-2.748893571891069,-0.6000000000000001,0.99139327
1,1,0.47500000000000003,-2.748893571891069,-0.4,0.99034804
1,1,0.47500000000000003,-2.748893571891069,-0.20000000000000007,0.98967546
1,1,0.47500000000000003,-2.748893571891069,0.0,0.98956066
1,1,0.47500000000000003,-2.748893571891069,0.20000000000000007,0.99013084
1,1,0.47500000000000003,-2.748893571891069,0.4,0.9912563
1,1,0.47500000000000003,-2.748893571891069,0.6,0.9922216
1,1,0.47500000000000003,-2.748893571891069,0.7999999999999999,0.9918358
1,1,0.47500000000000003,-2.748893571891069,1.0,0.9916281
1,1,0.47500000000000003,-2.4870941840919194,-1.0,0.997984
1,1,0.47500000000000003,-2.4870941840919194,-0.8,0.9968431
1,1,0.47500000000000003,-2.4870941840919194,-0.6000000000000001,0.99576324
1,1,0.47500000000000003,-2.4870941840919194,-0.4,0.994833
1,1,0.47500000000000003,-2.4870941840919194,-0.20000000000000007,0.9941817
1,1,0.47500000000000003,-2.4870941840919194,0.0,0.99394494
1,1,0.47500000000000003,-2.4870941840919194,0.20000000000000007,0.9941661
1,1,0.47500000000000003,-2.4870941840919194,0.4,0.9945877
1,1,0.47500000000000003,-2.4870941840919194,0.6,0.99436015
1,1,0.47500000000000003,-2.4870941840919194,0.7999999999999999,0.9923447
1,1,0.47500000000000003,-2.4870941840919194,1.0,0.9907796
1,1,0.47500000000000003,-2.2252947962927703,-1.0,1.002421
1,1,0.47500000000000003,-2.2252947962927703,-0.8,1.0014571
1,1,0.47500000000000003,-2.2252947962927703,-0.6000000000000001,1.0005227
1,1,0.47500000000000003,-2.2252947962927703,-0.4,0.99968415
1,1,0.47500000000000003,-2.2252947962927703,-0.20000000000000007,0.99903727
1,1,0.47500000000000003,-2.2252947962927703,0.0,0.99867004
1,1,0.47500000000000003,-2.2252947962927703,0.20000000000000007,0.9985593
1,1,0.47500000000000003,-2.2252947962927703,0.4,0.9983652
1,1,0.47500000000000003,-2.2252947962927703,0.6,0.9971678
1,1,0.47500000000000003,-2.2252947962927703,0.7999999999999999,0.99386716
1,1,0.47500000000000003,-2.2252947962927703,1.0,0.9910061
1,1,0.47500000000000003,-1.963495408493621,-1.0,1.005516
1,1,0.47500000000000003,-1.963495408493621,-0.8,1.0046049
1,1,0.47500000000000003,-1.963495408493621,-0.6000000000000001,1.0037276
1,1,0.47500000000000003,-1.963495408493621,-0.4,1.0029432
1,1,0.47500000000000003,-1.963495408493621,-0.20000000000000007,1.0023342
1,1,0.47500000000000003,-1.963495408493621,0.0,1.0019683
1,1,0.47500000000000003,-1.963495408493621,0.20000000000000007,1.0017959
1,1,0.47500000000000003,-1.963495408493621,0.4,1.0014526
1,1,0.47500000000000003,-1.963495408493621,0.6,0.99999714
1,1,0.47500000000000003,-1.963495408493621,0.7999999999999999,0.99625677
1,1,0.47500000000000003,-1.963495408493621,1.0,0.99248105
1,1,0.47500000000000003,-1.7016960206944713,-1.0,1.0061983
1,1,0.47500000000000003,-1.7016960206944713,-0.8,1.0051849
1,1,0.47500000000000003,-1.7016960206944713,-0.6000000000000001,1.0042459
1,1,0.47500000000000003,-1.7016960206944713,-0.4,1.003456
1,1,0.47500000000000003,-1.7016960206944713,-0.20000000000000007,1.002915
1,1,0.47500000000000003,-1.7016960206944713,0.0,1.0027109
1,1,0.47500000000000003,-1.7016960206944713,0.20000000000000007,1.0028243
1,1,0.47500000000000003,-1.7016960206944713,0.4,1.002936
1,1,0.47500000000000003,-1.7016960206944713,0.6,1.0021396
1,1,0.47500000000000003,-1.7016960206944713,0.7999999999999999,0.99908584
1,1,0.47500000000000003,-1.7016960206944713,1.0,0.9950729
1,1,0.47500000000000003,-1.439896632895322,-1.0,1.00431
1,1,0.47500000000000003,-1.439896632895322,-0.8,1.0030459
1,1,0.47500000000000003,-1.439896632895322,-0.6000000000000001,1.0019125
1,1,0.47500000000000003,-1.439896632895322,-0.4,1.0010077
1,1,0.47500000000000003,-1.439896632895322,-0.20000000000000007,1.0004642
1,1,0.47500000000000003,-1.439896632895322,0.0,1.0004252
1,1,0.47500000000000003,-1.439896632895322,0.20000000000000007,1.000971
1,1,0.47500000000000003,-1.439896632895322,0.4,1.0019389
1,1,0.47500000000000003,-1.439896632895322,0.6,1.0025839
1,1,0.47500000000000003,-1.439896632895322,0.7999999999999999,1.0013837
1,1,0.47500000000000003,-1.439896632895322,1.0,0.9981584
1,1,0.47500000000000003,-1.1780972450961724,-1.0,1.0005847
1,1,0.47500000000000003,-1.1780972450961724,-0.8,0.9990217
1,1,0.47500000000000003,-1.1780972450961724,-0.6000000000000001,0.99764687
1,1,0.47500000000000003,-1.1780972450961724,-0.4,0.9965543
1,1,0.47500000000000003,-1.1780972450961724,-0.20000000000000007,0.9958787
1,1,0.47500000000000003,-1.1780972450961724,0.0,0.9957984
1,1,0.47500000000000003,-1.1780972450961724,0.20000000000000007,0.9965153
1,1,0.47500000000000003,-1.1780972450961724,0.4,0.99815136
1,1,0.47500000000000003,-1.1780972450961724,0.6,1.0004058
1,1,0.47500000000000003,-1.1780972450961724,0.7999999999999999,1.0018835
1,1,0.47500000000000003,-1.1780972450961724,1.0,1.0007476
1,1,0.47500000000000003,-0.9162978572970231,-1.0,0.99657536
1,1,0.47500000000000003,-0.9162978572970231,-0.8,0.9947779
1,1,0.47500000000000003,-0.9162978572970231,-0.6000000000000001,0.99322957
1,1,0.47500000000000003,-0.9162978572970231,-0.4,0.99198914
1,1,0.47500000000000003,-0.9162978572970231,-0.20000000000000007,0.9911515
1,1,0.47500000000000003,-0.9162978572970231,0.0,0.99086714
1,1,0.47500000000000003,-0.9162978572970231,0.20000000000000007,0.99137115
1,1,0.47500000000000003,-0.9162978572970231,0.4,0.9930045
1,1,0.47500000000000003,-0.9162978572970231,0.6,0.9960919
1,1,0.47500000000000003,-0.9162978572970231,0.7999999999999999,1.0000769
1,1,0.47500000000000003,-0.9162978572970231,1.0,1.0020539
1,1,0.47500000000000003,-0.6544984694978737,-1.0,0.9938604
1,1,0.47500000000000003,-0.6544984694978737,-0.8,0.9918081
1,1,0.47500000000000003,-0.6544984694978737,-0.6000000000000001,0.990077
1,1,0.47500000000000003,-0.6544984694978737,-0.4,0.9886973
1,1,0.47500000000000003,-0.6544984694978737,-0.20000000000000007,0.9877228
1,1,0.47500000000000003,-0.6544984694978737,0.0,0.98725873
1,1,0.47500000000000003,-0.6544984694978737,0.20000000000000007,0.98750335
1,1,0.47500000000000003,-0.6544984694978737,0.4,0.98883295
1,1,0.47500000000000003,-0.6544984694978737,0.6,0.99192715
1,1,0.47500000000000003,-0.6544984694978737,0.7999999999999999,0.99729365
1,1,0.47500000000000003,-0.6544984694978737,1.0,1.0022165
1,1,0.47500000000000003,-0.39269908169872436,-1.0,0.99351484
1,1,0.47500000000000003,-0.39269908169872436,-0.8,0.9910844
1,1,0.47500000000000003,-0.39269908169872436,-0.6000000000000001,0.98900896
1,1,0.47500000000000003,-0.39269908169872436,-0.4,0.9873559
1,1,0.47500000000000003,-0.39269908169872436,-0.20000000000000007,0.9861805
1,1,0.47500000000000003,-0.39269908169872436,0.0,0.9855692
1,1,0.47500000000000003,-0.39269908169872436,0.20000000000000007,0.985693
1,1,0.47500000000000003,-0.39269908169872436,0.4,0.98691136
1,1,0.47500000000000003,-0.39269908169872436,0.6,0.9899861
1,1,0.47500000000000003,-0.39269908169872436,0.7999999999999999,0.99589396
1,1,0.47500000000000003,-0.39269908169872436,1.0,1.0023443
1,1,0.47500000000000003,-0.1308996938995748,-1.0,0.9955794
1,1,0.47500000000000003,-0.1308996938995748,-0.8,0.993077
1,1,0.47500000000000003,-0.1308996938995748,-0.6000000000000001,0.9907182
1,1,0.47500000000000003,-0.1308996938995748,-0.4,0.9887118
1,1,0.47500000000000003,-0.1308996938995748,-0.20000000000000007,0.98722595
1,1,0.47500000000000003,-0.1308996938995748,0.0,0.9864168
1,1,0.47500000000000003,-0.1308996938995748,0.20000000000000007,0.9864905
1,1,0.47500000000000003,-0.1308996938995748,0.4,0.9878149
1,1,0.47500000000000003,-0.1308996938995748,0.6,0.99109316
1,1,0.47500000000000003,-0.1308996938995748,0.7999999999999999,0.9970467
1,1,0.47500000000000003,-0.1308996938995748,1.0,1.0031191
1,1,0.47500000000000003,0.13089969389957457,-1.0,0.9978636
1,1,0.47500000000000003,0.13089969389957457,-0.8,0.99614245
1,1,0.47500000000000003,0.13089969389957457,-0.6000000000000001,0.99423975
1,1,0.47500000000000003,0.13089969389957457,-0.4,0.9923895
1,1,0.47500000000000003,0.13089969389957457,-0.20000000000000007,0.99086857
1,1,0.47500000000000003,0.13089969389957457,0.0,0.98996854
1,1,0.47500000000000003,0.13089969389957457,0.20000000000000007,0.99000067
1,1,0.47500000000000003,0.13089969389957457,0.4,0.9913397
1,1,0.47500000000000003,0.13089969389957457,0.6,0.99445254
1,1,0.47500000000000003,0.13089969389957457,0.7999999999999999,0.99943614
1,1,0.47500000000000003,0.13089969389957457,1.0,1.0036895
1,1,0.47500000000000003,0.3926990816987239,-1.0,0.9983018
1,1,0.47500000000000003,0.3926990816987239,-0.8,0.99762326
1,1,0.47500000000000003,0.3926990816987239,-0.6000000000000001,0.9966852
1,1,0.47500000000000003,0.3926990816987239,-0.4,0.99560815
1,1,0.47500000000000003,0.3926990816987239,-0.20000000000000007,0.9946032
1,1,0.47500000000000003,0.3926990816987239,0.0,0.99395317
1,1,0.47500000000000003,0.3926990816987239,0.20000000000000007,0.993972
1,1,0.47500000000000003,0.3926990816987239,0.4,0.99495703
1,1,0.47500000000000003,0.3926990816987239,0.6,0.99713254
1,1,0.47500000000000003,0.3926990816987239,0.7999999999999999,1.0003799
1,1,0.47500000000000003,0.3926990816987239,1.0,1.0029387
1,1,0.47500000000000003,0.6544984694978733,-1.0,0.99713117
1,1,0.47500000000000003,0.6544984694978733,-0.8,0.9971152
1,1,0.47500000000000003,0.6544984694978733,-0.6000000000000001,0.99690676
1,1,0.47500000000000003,0.6544984694978733,-0.4,0.99653727
1,1,0.47500000000000003,0.6544984694978733,-0.20000000000000007,0.9961054
1,1,0.47500000000000003,0.6544984694978733,0.0,0.99577737
1,1,0.47500000000000003,0.6544984694978733,0.20000000000000007,0.9957554
1,1,0.47500000000000003,0.6544984694978733,0.4,0.9962167
1,1,0.47500000000000003,0.6544984694978733,0.6,0.9972783
1,1,0.47500000000000003,0.6544984694978733,0.7999999999999999,0.9990072
1,1,0.47500000000000003,0.6544984694978733,1.0,1.000889
1,1,0.47500000000000003,0.9162978572970226,-1.0,0.99564767
1,1,0.47500000000000003,0.9162978572970226,-0.8,0.99590176
1,1,0.47500000000000003,0.9162978572970226,-0.6000000000000001,0.9960318
1,1,0.47500000000000003,0.9162978572970226,-0.4,0.99603015
1,1,0.47500000000000003,0.9162978572970226,-0.20000000000000007,0.9959255
1,1,0.47500000000000003,0.9162978572970226,0.0,0.9957898
1,1,0.47500000000000003,0.9162978572970226,0.20000000000000007,0.99571735
1,1,0.47500000000000003,0.9162978572970226,0.4,0.99577457
1,1,0.47500000000000003,0.9162978572970226,0.6,0.9959874
1,1,0.47500000000000003,0.9162978572970226,0.7999999999999999,0.9965876
1,1,0.47500000000000003,0.9162978572970226,1.0,0.998347
1,1,0.47500000000000003,1.178097245096172,-1.0,0.99465466
1,1,0.47500000000000003,1.178097245096172,-0.8,0.99499696
1,1,0.47500000000000003,1.178097245096172,-0.6000000000000001,0.99525255
1,1,0.47500000000000003,1.178097245096172,-0.4,0.99540025
1,1,0.47500000000000003,1.178097245096172,-0.20000000000000007,0.9954397
1,1,0.47500000000000003,1.178097245096172,0.0,0.995395
1,1,0.47500000000000003,1.178097245096172,0.20000000000000007,0.9952957
1,1,0.47500000000000003,1.178097245096172,0.4,0.99512464
1,1,0.47500000000000003,1.178097245096172,0.6,0.99480444
1,1,0.47500000000000003,1.178097245096172,0.7999999999999999,0.99457484
1,1,0.47500000000000003,1.178097245096172,1.0,0.9961829
1,1,0.47500000000000003,1.4398966328953215,-1.0,0.99435455
1,1,0.47500000000000003,1.4398966328953215,-0.8,0.9947205
1,1,0.47500000000000003,1.4398966328953215,-0.6000000000000001,0.9950103
1,1,0.47500000000000003,1.4398966328953215,-0.4,0.99520034
1,1,0.47500000000000003,1.4398966328953215,-0.20000000000000007,0.9952839
1,1,0.47500000000000003,1.4398966328953215,0.0,0.9952739
1,1,0.47500000000000003,1.4398966328953215,0.20000000000000007,0.995177
1,1,0.47500000000000003,1.4398966328953215,0.4,0.99493295
1,1,0.47500000000000003,1.4398966328953215,0.6,0.9943826
1,1,0.47500000000000003,1.4398966328953215,0.7999999999999999,0.9936661
1,1,0.47500000000000003,1.4398966328953215,1.0,0.994968
1,1,0.47500000000000003,1.7016960206944711,-1.0,0.9947748
1,1,0.47500000000000003,1.7016960206944711,-0.8,0.99511164
1,1,0.47500000000000003,1.7016960206944711,-0.6000000000000001,0.99535847
1,1,0.47500000000000003,1.7016960206944711,-0.4,0.9954979
1,1,0.47500000000000003,1.7016960206944711,-0.20000000000000007,0.99553823
1,1,0.47500000000000003,1.7016960206944711,0.0,0.99551266
1,1,0.47500000000000003,1.7016960206944711,0.20000000000000007,0.99544257
1,1,0.47500000000000003,1.7016960206944711,0.4,0.99526006
1,1,0.47500000000000003,1.7016960206944711,0.6,0.99475384
1,1,0.47500000000000003,1.7016960206944711,0.7999999999999999,0.99392223
1,1,0.47500000000000003,1.7016960206944711,1.0,0.9948712
1,1,0.47500000000000003,1.9634954084936203,-1.0,0.9957443
1,1,0.47500000000000003,1.9634954084936203,-0.8,0.99593467
1,1,0.47500000000000003,1.9634954084936203,-0.6000000000000001,0.99599695
1,1,0.47500000000000003,1.9634954084936203,-0.4,0.99594146
1,1,0.47500000000000003,1.9634954084936203,-0.20000000000000007,0.99582434
1,1,0.47500000000000003,1.9634954084936203,0.0,0.99573404
1,1,0.47500000000000003,1.9634954084936203,0.20000000000000007,0.9957351
1,1,0.47500000000000003,1.9634954084936203,0.4,0.995768
1,1,0.47500000000000003,1.9634954084936203,0.6,0.9955763
1,1,0.47500000000000003,1.9634954084936203,0.7999999999999999,0.9949934
1,1,0.47500000000000003,1.9634954084936203,1.0,0.99567443
1,1,0.47500000000000003,2.22529479629277,-1.0,0.99661356
1,1,0.47500000000000003,2.22529479629277,-0.8,0.9964121
1,1,0.47500000000000003,2.22529479629277,-0.6000000000000001,0.9960506
1,1,0.47500000000000003,2.22529479629277,-0.4,0.9956108
1,1,0.47500000000000003,2.22529479629277,-0.20000000000000007,0.99523157
1,1,0.47500000000000003,2.22529479629277,0.0,0.9950772
1,1,0.47500000000000003,2.22529479629277,0.20000000000000007,0.9952633
1,1,0.47500000000000003,2.22529479629277,0.4,0.99573594
1,1,0.47500000000000003,2.22529479629277,0.6,0.9961705
1,1,0.47500000000000003,2.22529479629277,0.7999999999999999,0.9961832
1,1,0.47500000000000003,2.22529479629277,1.0,0.99678856
1,1,0.47500000000000003,2.4870941840919194,-1.0,0.99637955
1,1,0.47500000000000003,2.4870941840919194,-0.8,0.9955139
1,1,0.47500000000000003,2.4870941840919194,-0.6000000000000001,0.99455386
1,1,0.47500000000000003,2.4870941840919194,-0.4,0.9936579
1,1,0.47500000000000003,2.4870941840919194,-0.20000000000000007,0.9930253
1,1,0.47500000000000003,2.4870941840919194,0.0,0.99287003
1,1,0.47500000000000003,2.4870941840919194,0.20000000000000007,0.99335504
1,1,0.47500000000000003,2.4870941840919194,0.4,0.9944493
1,1,0.47500000000000003,2.4870941840919194,0.6,0.9957529
1,1,0.47500000000000003,2.4870941840919194,0.7999999999999999,0.99660254
1,1,0.47500000000000003,2.4870941840919194,1.0,0.99738955
1,1,0.47500000000000003,2.7488935718910685,-1.0,0.9946132
1,1,0.47500000000000003,2.7488935718910685,-0.8,0.9931705
1,1,0.47500000000000003,2.7488935718910685,-0.6000000000000001,0.9917863
1,1,0.47500000000000003,2.7488935718910685,-0.4,0.9906178
1,1,0.47500000000000003,2.7488935718910685,-0.20000000000000007,0.98986
1,1,0.47500000000000003,2.7488935718910685,0.0,0.98974377
1,1,0.47500000000000003,2.7488935718910685,0.20000000000000007,0.99047947
1,1,0.47500000000000003,2.7488935718910685,0.4,0.9920917
1,1,0.47500000000000003,2.7488935718910685,0.6,0.9941495
1,1,0.47500000000000003,2.7488935718910685,0.7999999999999999,0.99572927
1,1,0.47500000000000003,2.7488935718910685,1.0,0.99685574
1,1,0.47500000000000003,3.010692959690218,-1.0,0.99256086
1,1,0.47500000000000003,3.010692959690218,-0.8,0.99094194
1,1,0.47500000000000003,3.010692959690218,-0.6000000000000001,0.9894617
1,1,0.47500000000000003,3.010692959690218,-0.4,0.98824763
1,1,0.47500000000000003,3.010692959690218,-0.20000000000000007,0.9874818
1,1,0.47500000000000003,3.010692959690218,0.0,0.98739713
1,1,0.47500000000000003,3.010692959690218,0.20000000000000007,0.9882198
1,1,0.47500000000000003,3.010692959690218,0.4,0.989999
1,1,0.47500000000000003,3.010692959690218,0.6,0.9922817
1,1,0.47500000000000003,3.010692959690218,0.7999999999999999,0.9939881
1,1,0.47500000000000003,3.010692959690218,1.0,0.9952514
1,1,0.625,-3.0106929596902186,-1.0,0.98147196
1,1,0.625,-3.0106929596902186,-0.8,0.97987777
1,1,0.625,-3.0106929596902186,-0.6000000000000001,0.9784393
1,1,0.625,-3.0106929596902186,-0.4,0.977248
1,1,0.625,-3.0106929596902186,-0.20000000000000007,0.97643954
1,1,0.625,-3.0106929596902186,0.0,0.9761959
1,1,0.625,-3.0106929596902186,0.20000000000000007,0.9767427
1,1,0.625,-3.0106929596902186,0.4,0.97836465
1,1,0.625,-3.0106929596902186,0.6,0.9817142
1,1,0.625,-3.0106929596902186,0.7999999999999999,0.98899126
1,1,0.625,-3.0106929596902186,1.0,0.9985911
1,1,0.625,-2.748893571891069,-1.0,0.9820042
1,1,0.625,-2.748893571891069,-0.8,0.9804268
1,1,0.625,-2.748893571891069,-0.6000000000000001,0.97898036
1,1,0.625,-2.748893571891069,-0.4,0.97776294
1,1,0.625,-2.748893571891069,-0.20000000000000007,0.9769104
1,1,0.625,-2.748893571891069,0.0,0.97660035
1,1,0.625,-2.748893571891069,0.20000000000000007,0.9770461
1,1,0.625,-2.748893571891069,0.4,0.9785021
1,1,0.625,-2.748893571891069,0.6,0.98148984
1,1,0.625,-2.748893571891069,0.7999999999999999,0.98770785
1,1,0.625,-2.748893571891069,1.0,0.9965226
1,1,0.625,-2.4870941840919194,-1.0,0.9846123
1,1,0.625,-2.4870941840919194,-0.8,0.98304087
1,1,0.625,-2.4870941840919194,-0.6000000000000001,0.981585
1,1,0.625,-2.4870941840919194,-0.4,0.980354
1,1,0.625,-2.4870941840919194,-0.20000000000000007,0.97949284
1,1,0.625,-2.4870941840919194,0.0,0.97918195
1,1,0.625,-2.4870941840919194,0.20000000000000007,0.97962683
1,1,0.625,-2.4870941840919194,0.4,0.98103356
1,1,0.625,-2.4870941840919194,0.6,0.98369503
1,1,0.625,-2.4870941840919194,0.7999999999999999,0.9885047
1,1,0.625,-2.4870941840919194,1.0,0.9954119
1,1,0.625,-2.2252947962927703,-1.0,0.98885685
1,1,0.625,-2.2252947962927703,-0.8,0.98732644
1,1,0.625,-2.2252947962927703,-0.6000000000000001,0.9858846
1,1,0.625,-2.2252947962927703,-0.4,0.9846527
1,1,0.625,-2.2252947962927703,-0.20000000000000007,0.9837881
1,1,0.625,-2.2252947962927703,0.0,0.98347634
1,1,0.625,-2.2252947962927703,0.20000000000000007,0.9839023
1,1,0.625,-2.2252947962927703,0.4,0.98518294
1,1,0.625,-2.2252947962927703,0.6,0.98731446
1,1,0.625,-2.2252947962927703,0.7999999999999999,0.99049586
1,1,0.625,-2.2252947962927703,1.0,0.99521905
1,1,0.625,-1.963495408493621,-1.0,0.99278945
1,1,0.625,-1.963495408493621,-0.8,0.99131495
1,1,0.625,-1.963495408493621,-0.6000000000000001,0.9899114
1,1,0.625,-1.963495408493621,-0.4,0.98870057
1,1,0.625,-1.963495408493621,-0.20000000000000007,0.98784286
1,1,0.625,-1.963495408493621,0.0,0.9875249
1,1,0.625,-1.963495408493621,0.20000000000000007,0.98792076
1,1,0.625,-1.963495408493621,0.4,0.989099
1,1,0.625,-1.963495408493621,0.6,0.9908838
1,1,0.625,-1.963495408493621,0.7999999999999999,0.99301785
1,1,0.625,-1.963495408493621,1.0,0.99596596
1,1,0.625,-1.7016960206944713,-1.0,0.9944442
1,1,0.625,-1.7016960206944713,-0.8,0.9929741
1,1,0.625,-1.7016960206944713,-0.6000000000000001,0.99158734
1,1,0.625,-1.7016960206944713,-0.4,0.9903968
1,1,0.625,-1.7016960206944713,-0.20000000000000007,0.9895572
1,1,0.625,-1.7016960206944713,0.0,0.9892586
1,1,0.625,-1.7016960206944713,0.20000000000000007,0.989705
1,1,0.625,-1.7016960206944713,0.4,0.9910371
1,1,0.625,-1.7016960206944713,0.6,0.9931467
1,1,0.625,-1.7016960206944713,0.7999999999999999,0.99547625
1,1,0.625,-1.7016960206944713,1.0,0.9975365
1,1,0.625,-1.439896632895322,-1.0,0.9933712
1,1,0.625,-1.439896632895322,-0.8,0.99187475
1,1,0.625,-1.439896632895322,-0.6000000000000001,0.9904902
1,1,0.625,-1.439896632895322,-0.4,0.98931044
1,1,0.625,-1.439896632895322,-0.20000000000000007,0.9884689
1,1,0.625,-1.439896632895322,0.0,0.98815054
1,1,0.625,-1.439896632895322,0.20000000000000007,0.98860717
1,1,0.625,-1.439896632895322,0.4,0.9901634
1,1,0.625,-1.439896632895322,0.6,0.99309665
1,1,0.625,-1.439896632895322,0.7999999999999999,0.9969209
1,1,0.625,-1.439896632895322,1.0,0.9994455
1,1,0.625,-1.1780972450961724,-1.0,0.99056005
1,1,0.625,-1.1780972450961724,-0.8,0.9890756
1,1,0.625,-1.1780972450961724,-0.6000000000000001,0.9877288
1,1,0.625,-1.1780972450961724,-0.4,0.9865791
1,1,0.625,-1.1780972450961724,-0.20000000000000007,0.98572206
1,1,0.625,-1.1780972450961724,0.0,0.9853086
1,1,0.625,-1.1780972450961724,0.20000000000000007,0.9855887
1,1,0.625,-1.1780972450961724,0.4,0.98702615
1,1,0.625,-1.1780972450961724,0.6,0.99047226
1,1,0.625,-1.1780972450961724,0.7999999999999999,0.99636084
1,1,0.625,-1.1780972450961724,1.0,1.0009595
1,1,0.625,-0.9162978572970231,-1.0,0.9874556
1,1,0.625,-0.9162978572970231,-0.8,0.98599005
1,1,0.625,-0.9162978572970231,-0.6000000000000001,0.9846926
1,1,0.625,-0.9162978572970231,-0.4,0.9835877
1,1,0.625,-0.9162978572970231,-0.20000000000000007,0.9827352
1,1,0.625,-0.9162978572970231,0.0,0.982244
1,1,0.625,-0.9162978572970231,0.20000000000000007,0.9823132
1,1,0.625,-0.9162978572970231,0.4,0.9833899
1,1,0.625,-0.9162978572970231,0.6,0.9866449
1,1,0.625,-0.9162978572970231,0.7999999999999999,0.9939541
1,1,0.625,-0.9162978572970231,1.0,1.001599
1,1,0.625,-0.6544984694978737,-1.0,0.98516417
1,1,0.625,-0.6544984694978737,-0.8,0.9835724
1,1,0.625,-0.6544984694978737,-0.6000000000000001,0.9822283
1,1,0.625,-0.6544984694978737,-0.4,0.98112077
1,1,0.625,-0.6544984694978737,-0.20000000000000007,0.98027897
1,1,0.625,-0.6544984694978737,0.0,0.9797811
1,1,0.625,-0.6544984694978737,0.20000000000000007,0.979788
1,1,0.625,-0.6544984694978737,0.4,0.9806965
1,1,0.625,-0.6544984694978737,0.6,0.983731
1,1,0.625,-0.6544984694978737,0.7999999999999999,0.9916783
1,1,0.625,-0.6544984694978737,1.0,1.0017939
1,1,0.625,-0.39269908169872436,-1.0,0.9849186
1,1,0.625,-0.39269908169872436,-0.8,0.98283005
1,1,0.625,-0.39269908169872436,-0.6000000000000001,0.98116046
1,1,0.625,-0.39269908169872436,-0.4,0.9798729
1,1,0.625,-0.39269908169872436,-0.20000000000000007,0.97896194
1,1,0.625,-0.39269908169872436,0.0,0.97848135
1,1,0.625,-0.39269908169872436,0.20000000000000007,0.978587
1,1,0.625,-0.39269908169872436,0.4,0.97970706
1,1,0.625,-0.39269908169872436,0.6,0.9831729
1,1,0.625,-0.39269908169872436,0.7999999999999999,0.99192363
1,1,0.625,-0.39269908169872436,1.0,1.0026864
1,1,0.625,-0.1308996938995748,-1.0,0.9881156
1,1,0.625,-0.1308996938995748,-0.8,0.98535985
1,1,0.625,-0.1308996938995748,-0.6000000000000001,0.98300976
1,1,0.625,-0.1308996938995748,-0.4,0.9811888
1,1,0.625,-0.1308996938995748,-0.20000000000000007,0.9799588
1,1,0.625,-0.1308996938995748,0.0,0.97939754
1,1,0.625,-0.1308996938995748,0.20000000000000007,0.97970486
1,1,0.625,-0.1308996938995748,0.4,0.9814332
1,1,0.625,-0.1308996938995748,0.6,0.986057
1,1,0.625,-0.1308996938995748,0.7999999999999999,0.99558884
1,1,0.625,-0.1308996938995748,1.0,1.0044509
1,1,0.625,0.13089969389957457,-1.0,0.9928348
1,1,0.625,0.13089969389957457,-0.8,0.99052745
1,1,0.625,0.13089969389957457,-0.6000000000000001,0.98817533
1,1,0.625,0.13089969389957457,-0.4,0.9860689
1,1,0.625,0.13089969389957457,-0.20000000000000007,0.98450845
1,1,0.625,0.13089969389957457,0.0,0.9837907
1,1,0.625,0.13089969389957457,0.20000000000000007,0.98428965
1,1,0.625,0.13089969389957457,0.4,0.98666716
1,1,0.625,0.13089969389957457,0.6,0.9920769
1,1,0.625,0.13089969389957457,0.7999999999999999,1.0005685
1,1,0.625,0.13089969389957457,1.0,1.0057641
1,1,0.625,0.3926990816987239,-1.0,0.9954631
1,1,0.625,0.3926990816987239,-0.8,0.9942999
1,1,0.625,0.3926990816987239,-0.6000000000000001,0.99291945
1,1,0.625,0.3926990816987239,-0.4,0.9915038
1,1,0.625,0.3926990816987239,-0.20000000000000007,0.99034125
1,1,0.625,0.3926990816987239,0.0,0.9898159
1,1,0.625,0.3926990816987239,0.20000000000000007,0.99040174
1,1,0.625,0.3926990816987239,0.4,0.9926939
1,1,0.625,0.3926990816987239,0.6,0.99730986
1,1,0.625,0.3926990816987239,0.7999999999999999,1.0033983
1,1,0.625,0.3926990816987239,1.0,1.005773
1,1,0.625,0.6544984694978733,-1.0,0.9957041
1,1,0.625,0.6544984694978733,-0.8,0.99536115
1,1,0.625,0.6544984694978733,-0.6000000000000001,0.9948302
1,1,0.625,0.6544984694978733,-0.4,0.9941929
1,1,0.625,0.6544984694978733,-0.20000000000000007,0.993622
1,1,0.625,0.6544984694978733,0.0,0.9933918
1,1,0.625,0.6544984694978733,0.20000000000000007,0.993872
1,1,0.625,0.6544984694978733,0.4,0.99552923
1,1,0.625,0.6544984694978733,0.6,0.9988789
1,1,0.625,0.6544984694978733,0.7999999999999999,1.0033857
1,1,0.625,0.6544984694978733,1.0,1.004855
1,1,0.625,0.9162978572970226,-1.0,0.9949947
1,1,0.625,0.9162978572970226,-0.8,0.99502784
1,1,0.625,0.9162978572970226,-0.6000000000000001,0.9949209
1,1,0.625,0.9162978572970226,-0.4,0.9946988
1,1,0.625,0.9162978572970226,-0.20000000000000007,0.99444884
1,1,0.625,0.9162978572970226,0.0,0.994338
1,1,0.625,0.9162978572970226,0.20000000000000007,0.9946211
1,1,0.625,0.9162978572970226,0.4,0.99567014
1,1,0.625,0.9162978572970226,0.6,0.99805593
1,1,0.625,0.9162978572970226,0.7999999999999999,1.001891
1,1,0.625,0.9162978572970226,1.0,1.0036937
1,1,0.625,1.178097245096172,-1.0,0.9944787
1,1,0.625,1.178097245096172,-0.8,0.99465257
1,1,0.625,1.178097245096172,-0.6000000000000001,0.99471265
1,1,0.625,1.178097245096172,-0.4,0.99465877
1,1,0.625,1.178097245096172,-0.20000000000000007,0.99453545
1,1,0.625,1.178097245096172,0.0,0.9944493
1,1,0.625,1.178097245096172,0.20000000000000007,0.99457836
1,1,0.625,1.178097245096172,0.4,0.9952102
1,1,0.625,1.178097245096172,0.6,0.99691176
1,1,0.625,1.178097245096172,0.7999999999999999,1.0003475
1,1,0.625,1.178097245096172,1.0,1.0028025
1,1,0.625,1.4398966328953215,-1.0,0.9945388
1,1,0.625,1.4398966328953215,-0.8,0.9947519
1,1,0.625,1.4398966328953215,-0.6000000000000001,0.9948535
1,1,0.625,1.4398966328953215,-0.4,0.99483687
1,1,0.625,1.4398966328953215,-0.20000000000000007,0.99473715
1,1,0.625,1.4398966328953215,0.0,0.99464554
1,1,0.625,1.4398966328953215,0.20000000000000007,0.9947114
1,1,0.625,1.4398966328953215,0.4,0.99516773
1,1,0.625,1.4398966328953215,0.6,0.996526
1,1,0.625,1.4398966328953215,0.7999999999999999,0.9996953
1,1,0.625,1.4398966328953215,1.0,1.0025221
1,1,0.625,1.7016960206944711,-1.0,0.99517363
1,1,0.625,1.7016960206944711,-0.8,0.9953229
1,1,0.625,1.7016960206944711,-0.6000000000000001,0.9953359
1,1,0.625,1.7016960206944711,-0.4,0.9952195
1,1,0.625,1.7016960206944711,-0.20000000000000007,0.9950369
1,1,0.625,1.7016960206944711,0.0,0.9949148
1,1,0.625,1.7016960206944711,0.20000000000000007,0.99502486
1,1,0.625,1.7016960206944711,0.4,0.9955855
1,1,0.625,1.7016960206944711,0.6,0.997045
1,1,0.625,1.7016960206944711,0.7999999999999999,1.0002508
1,1,0.625,1.7016960206944711,1.0,1.002996
1,1,0.625,1.9634954084936203,-1.0,0.99587363
1,1,0.625,1.9634954084936203,-0.8,0.99572325
1,1,0.625,1.9634954084936203,-0.6000000000000001,0.99538594
1,1,0.625,1.9634954084936203,-0.4,0.9949313
1,1,0.625,1.9634954084936203,-0.20000000000000007,0.9945144
1,1,0.625,1.9634954084936203,0.0,0.9943552
1,1,0.625,1.9634954084936203,0.20000000000000007,0.9946833
1,1,0.625,1.9634954084936203,0.4,0.99571496
1,1,0.625,1.9634954084936203,0.6,0.99782443
1,1,0.625,1.9634954084936203,0.7999999999999999,1.0016025
1,1,0.625,1.9634954084936203,1.0,1.0040638
1,1,0.625,2.22529479629277,-1.0,0.9953138
1,1,0.625,2.22529479629277,-0.8,0.99439126
1,1,0.625,2.22529479629277,-0.6000000000000001,0.9932952
1,1,0.625,2.22529479629277,-0.4,0.99223715
1,1,0.625,2.22529479629277,-0.20000000000000007,0.9915011
1,1,0.625,2.22529479629277,0.0,0.9913917
1,1,0.625,2.22529479629277,0.20000000000000007,0.99218065
1,1,0.625,2.22529479629277,0.4,0.99408716
1,1,0.625,2.22529479629277,0.6,0.99743176
1,1,0.625,2.22529479629277,0.7999999999999999,1.0025328
1,1,0.625,2.22529479629277,1.0,1.0051502
1,1,0.625,2.4870941840919194,-1.0,0.9918968
1,1,0.625,2.4870941840919194,-0.8,0.99000686
1,1,0.625,2.4870941840919194,-0.6000000000000001,0.9882271
1,1,0.625,2.4870941840919194,-0.4,0.98679894
1,1,0.625,2.4870941840919194,-0.20000000000000007,0.9859633
1,1,0.625,2.4870941840919194,0.0,0.9859831
1,1,0.625,2.4870941840919194,0.20000000000000007,0.987154
1,1,0.625,2.4870941840919194,0.4,0.98980397
1,1,0.625,2.4870941840919194,0.6,0.9944184
1,1,0.625,2.4870941840919194,0.7999999999999999,1.0014247
1,1,0.625,2.4870941840919194,1.0,1.0053606
1,1,0.625,2.7488935718910685,-1.0,0.9865549
1,1,0.625,2.7488935718910685,-0.8,0.984546
1,1,0.625,2.7488935718910685,-0.6000000000000001,0.98284316
1,1,0.625,2.7488935718910685,-0.4,0.9815491
1,1,0.625,2.7488935718910685,-0.20000000000000007,0.9808113
1,1,0.625,2.7488935718910685,0.0,0.9808426
1,1,0.625,2.7488935718910685,0.20000000000000007,0.98193264
1,1,0.625,2.7488935718910685,0.4,0.9844854
1,1,0.625,2.7488935718910685,0.6,0.98928195
1,1,0.625,2.7488935718910685,0.7999999999999999,0.9976325
1,1,0.625,2.7488935718910685,1.0,1.0040253
1,1,0.625,3.010692959690218,-1.0,0.9828439
1,1,0.625,3.010692959690218,-0.8,0.9811349
1,1,0.625,3.010692959690218,-0.6000000000000001,0.97965026
1,1,0.625,3.010692959690218,-0.4,0.9784722
1,1,0.625,3.010692959690218,-0.20000000000000007,0.9777358
1,1,0.625,3.010692959690218,0.0,0.9776351
1,1,0.625,3.010692959690218,0.20000000000000007,0.97842336
1,1,0.625,3.010692959690218,0.4,0.9804473
1,1,0.625,3.010692959690218,0.6,0.98448867
1,1,0.625,3.010692959690218,0.7999999999999999,0.9926836
1,1,0.625,3.010692959690218,1.0,1.0014005
1,1,0.8,-3.0106929596902186,-1.0,0.9766934
1,1,0.8,-3.0106929596902186,-0.8,0.9752319
1,1,0.8,-3.0106929596902186,-0.6000000000000001,0.9738906
1,1,0.8,-3.0106929596902186,-0.4,0.972759
1,1,0.8,-3.0106929596902186,-0.20000000000000007,0.97194624
1,1,0.8,-3.0106929596902186,0.0,0.97156477
1,1,0.8,-3.0106929596902186,0.20000000000000007,0.9716789
1,1,0.8,-3.0106929596902186,0.4,0.97222775
1,1,0.8,-3.0106929596902186,0.6,0.97361594
1,1,0.8,-3.0106929596902186,0.7999999999999999,0.98302
1,1,0.8,-3.0106929596902186,1.0,1.0008365
1,1,0.8,-2.748893571891069,-1.0,0.97634315
1,1,0.8,-2.748893571891069,-0.8,0.9748365
1,1,0.8,-2.748893571891069,-0.6000000000000001,0.9734304
1,1,0.8,-2.748893571891069,-0.4,0.97220516
1,1,0.8,-2.748893571891069,-0.20000000000000007,0.971256
1,1,0.8,-2.748893571891069,0.0,0.9706762
1,1,0.8,-2.748893571891069,0.20000000000000007,0.9705117
1,1,0.8,-2.748893571891069,0.4,0.9707213
1,1,0.8,-2.748893571891069,0.6,0.9718828
1,1,0.8,-2.748893571891069,0.7999999999999999,0.9810168
1,1,0.8,-2.748893571891069,1.0,0.9988246
1,1,0.8,-2.4870941840919194,-1.0,0.9772174
1,1,0.8,-2.4870941840919194,-0.8,0.9757039
1,1,0.8,-2.4870941840919194,-0.6000000000000001,0.97427416
1,1,0.8,-2.4870941840919194,-0.4,0.97299933
1,1,0.8,-2.4870941840919194,-0.20000000000000007,0.9719661
1,1,0.8,-2.4870941840919194,0.0,0.971262
1,1,0.8,-2.4870941840919194,0.20000000000000007,0.9709465
1,1,0.8,-2.4870941840919194,0.4,0.9710888
1,1,0.8,-2.4870941840919194,0.6,0.9726987
1,1,0.8,-2.4870941840919194,0.7999999999999999,0.9823616
1,1,0.8,-2.4870941840919194,1.0,0.9979677
1,1,0.8,-2.2252947962927703,-1.0,0.9796102
1,1,0.8,-2.2252947962927703,-0.8,0.97807485
1,1,0.8,-2.2252947962927703,-0.6000000000000001,0.9766167
1,1,0.8,-2.2252947962927703,-0.4,0.9753029
1,1,0.8,-2.2252947962927703,-0.20000000000000007,0.97421813
1,1,0.8,-2.2252947962927703,0.0,0.9734595
1,1,0.8,-2.2252947962927703,0.20000000000000007,0.9731328
1,1,0.8,-2.2252947962927703,0.4,0.973474
1,1,0.8,-2.2252947962927703,0.6,0.9758482
1,1,0.8,-2.2252947962927703,0.7999999999999999,0.9853959
1,1,0.8,-2.2252947962927703,1.0,0.9978695
1,1,0.8,-1.963495408493621,-1.0,0.9828597
1,1,0.8,-1.963495408493621,-0.8,0.9812959
1,1,0.8,-1.963495408493621,-0.6000000000000001,0.979804
1,1,0.8,-1.963495408493621,-0.4,0.97845525
1,1,0.8,-1.963495408493621,-0.20000000000000007,0.9773412
1,1,0.8,-1.963495408493621,0.0,0.9765765
1,1,0.8,-1.963495408493621,0.20000000000000007,0.97632164
1,1,0.8,-1.963495408493621,0.4,0.9769473
1,1,0.8,-1.963495408493621,0.6,0.97988373
1,1,0.8,-1.963495408493621,0.7999999999999999,0.9886244
1,1,0.8,-1.963495408493621,1.0,0.99832344
1,1,0.8,-1.7016960206944713,-1.0,0.9851261
1,1,0.8,-1.7016960206944713,-0.8,0.9835963
1,1,0.8,-1.7016960206944713,-0.6000000000000001,0.9821308
1,1,0.8,-1.7016960206944713,-0.4,0.98080105
1,1,0.8,-1.7016960206944713,-0.20000000000000007,0.9797004
1,1,0.8,-1.7016960206944713,0.0,0.978955
1,1,0.8,-1.7016960206944713,0.20000000000000007,0.9787609
1,1,0.8,-1.7016960206944713,0.4,0.9795746
1,1,0.8,-1.7016960206944713,0.6,0.98284817
1,1,0.8,-1.7016960206944713,0.7999999999999999,0.99117917
1,1,0.8,-1.7016960206944713,1.0,0.9992337
1,1,0.8,-1.439896632895322,-1.0,0.9852369
1,1,0.8,-1.439896632895322,-0.8,0.9838044
1,1,0.8,-1.439896632895322,-0.6000000000000001,0.98243505
1,1,0.8,-1.439896632895322,-0.4,0.981188
1,1,0.8,-1.439896632895322,-0.20000000000000007,0.9801453
1,1,0.8,-1.439896632895322,0.0,0.9794249
1,1,0.8,-1.439896632895322,0.20000000000000007,0.9792258
1,1,0.8,-1.439896632895322,0.4,0.9800466
1,1,0.8,-1.439896632895322,0.6,0.9834935
1,1,0.8,-1.439896632895322,0.7999999999999999,0.9923095
1,1,0.8,-1.439896632895322,1.0,1.0003471
1,1,0.8,-1.1780972450961724,-1.0,0.98359925
1,1,0.8,-1.1780972450961724,-0.8,0.9822933
1,1,0.8,-1.1780972450961724,-0.6000000000000001,0.9810522
1,1,0.8,-1.1780972450961724,-0.4,0.97991943
1,1,0.8,-1.1780972450961724,-0.20000000000000007,0.9789607
1,1,0.8,-1.1780972450961724,0.0,0.9782727
1,1,0.8,-1.1780972450961724,0.20000000000000007,0.9780231
1,1,0.8,-1.1780972450961724,0.4,0.9786706
1,1,0.8,-1.1780972450961724,0.6,0.98191375
1,1,0.8,-1.1780972450961724,0.7999999999999999,0.99149925
1,1,0.8,-1.1780972450961724,1.0,1.0012351
1,1,0.8,-0.9162978572970231,-1.0,0.9812358
1,1,0.8,-0.9162978572970231,-0.8,0.9800263
1,1,0.8,-0.9162978572970231,-0.6000000000000001,0.9788973
1,1,0.8,-0.9162978572970231,-0.4,0.9778776
1,1,0.8,-0.9162978572970231,-0.20000000000000007,0.9770195
1,1,0.8,-0.9162978572970231,0.0,0.97640103
1,1,0.8,-0.9162978572970231,0.20000000000000007,0.97615653
1,1,0.8,-0.9162978572970231,0.4,0.9766694
1,1,0.8,-0.9162978572970231,0.6,0.9795518
1,1,0.8,-0.9162978572970231,0.7999999999999999,0.9894888
1,1,0.8,-0.9162978572970231,1.0,1.0016664
1,1,0.8,-0.6544984694978737,-1.0,0.97907656
1,1,0.8,-0.6544984694978737,-0.8,0.9778495
1,1,0.8,-0.6544984694978737,-0.6000000000000001,0.97676396
1,1,0.8,-0.6544984694978737,-0.4,0.97582585
1,1,0.8,-0.6544984694978737,-0.20000000000000007,0.97507113
1,1,0.8,-0.6544984694978737,0.0,0.97456735
1,1,0.8,-0.6544984694978737,0.20000000000000007,0.9744424
1,1,0.8,-0.6544984694978737,0.4,0.97507304
1,1,0.8,-0.6544984694978737,0.6,0.9780722
1,1,0.8,-0.6544984694978737,0.7999999999999999,0.9884991
1,1,0.8,-0.6544984694978737,1.0,1.0021645
1,1,0.8,-0.39269908169872436,-1.0,0.9784332
1,1,0.8,-0.39269908169872436,-0.8,0.976836
1,1,0.8,-0.39269908169872436,-0.6000000000000001,0.9755659
1,1,0.8,-0.39269908169872436,-0.4,0.974576
1,1,0.8,-0.39269908169872436,-0.20000000000000007,0.9738676
1,1,0.8,-0.39269908169872436,0.0,0.9734984
1,1,0.8,-0.39269908169872436,0.20000000000000007,0.9736298
1,1,0.8,-0.39269908169872436,0.4,0.9747737
1,1,0.8,-0.39269908169872436,0.6,0.9788968
1,1,0.8,-0.39269908169872436,0.7999999999999999,0.99080545
1,1,0.8,-0.39269908169872436,1.0,1.0035793
1,1,0.8,-0.1308996938995748,-1.0,0.9815934
1,1,0.8,-0.1308996938995748,-0.8,0.97906727
1,1,0.8,-0.1308996938995748,-0.6000000000000001,0.9770663
1,1,0.8,-0.1308996938995748,-0.4,0.9756129
1,1,0.8,-0.1308996938995748,-0.20000000000000007,0.97470874
1,1,0.8,-0.1308996938995748,0.0,0.97442037
1,1,0.8,-0.1308996938995748,0.20000000000000007,0.9750076
1,1,0.8,-0.1308996938995748,0.4,0.9773107
1,1,0.8,-0.1308996938995748,0.6,0.9838018
1,1,0.8,-0.1308996938995748,0.7999999999999999,0.99685955
1,1,0.8,-0.1308996938995748,1.0,1.0054955
1,1,0.8,0.13089969389957457,-1.0,0.98792195
1,1,0.8,0.13089969389957457,-0.8,0.98534805
1,1,0.8,0.13089969389957457,-0.6000000000000001,0.9829065
1,1,0.8,0.13089969389957457,-0.4,0.98089474
1,1,0.8,0.13089969389957457,-0.20000000000000007,0.9795918
1,1,0.8,0.13089969389957457,0.0,0.97929716
1,1,0.8,0.13089969389957457,0.20000000000000007,0.98052007
1,1,0.8,0.13089969389957457,0.4,0.98438644
1,1,0.8,0.13089969389957457,0.6,0.9926815
1,1,0.8,0.13089969389957457,0.7999999999999999,1.0033092
1,1,0.8,0.13089969389957457,1.0,1.0065538
1,1,0.8,0.3926990816987239,-1.0,0.9925042
1,1,0.8,0.3926990816987239,-0.8,0.99101514
1,1,0.8,0.3926990816987239,-0.6000000000000001,0.9894111
1,1,0.8,0.3926990816987239,-0.4,0.9879307
1,1,0.8,0.3926990816987239,-0.20000000000000007,0.98693395
1,1,0.8,0.3926990816987239,0.0,0.9869156
1,1,0.8,0.3926990816987239,0.20000000000000007,0.98856276
1,1,0.8,0.3926990816987239,0.4,0.9928129
1,1,0.8,0.3926990816987239,0.6,1.0000663
1,1,0.8,0.3926990816987239,0.7999999999999999,1.0066515
1,1,0.8,0.3926990816987239,1.0,1.0064441
1,1,0.8,0.6544984694978733,-1.0,0.994134
1,1,0.8,0.6544984694978733,-0.8,0.9935281
1,1,0.8,0.6544984694978733,-0.6000000000000001,0.9927985
1,1,0.8,0.6544984694978733,-0.4,0.9920905
1,1,0.8,0.6544984694978733,-0.20000000000000007,0.99166775
1,1,0.8,0.6544984694978733,0.0,0.9919413
1,1,0.8,0.6544984694978733,0.20000000000000007,0.9935014
1,1,0.8,0.6544984694978733,0.4,0.9970925
1,1,0.8,0.6544984694978733,0.6,1.0028461
1,1,0.8,0.6544984694978733,0.7999999999999999,1.0073342
1,1,0.8,0.6544984694978733,1.0,1.005787
1,1,0.8,0.9162978572970226,-1.0,0.9942129
1,1,0.8,0.9162978572970226,-0.8,0.9940407
1,1,0.8,0.9162978572970226,-0.6000000000000001,0.99375844
1,1,0.8,0.9162978572970226,-0.4,0.993447
1,1,0.8,0.9162978572970226,-0.20000000000000007,0.9932824
1,1,0.8,0.9162978572970226,0.0,0.9935743
1,1,0.8,0.9162978572970226,0.20000000000000007,0.99481994
1,1,0.8,0.9162978572970226,0.4,0.9977558
1,1,0.8,0.9162978572970226,0.6,1.0028094
1,1,0.8,0.9162978572970226,0.7999999999999999,1.0069369
1,1,0.8,0.9162978572970226,1.0,1.0051618
1,1,0.8,1.178097245096172,-1.0,0.99414796
1,1,0.8,1.178097245096172,-0.8,0.9941438
1,1,0.8,1.178097245096172,-0.6000000000000001,0.99403363
1,1,0.8,1.178097245096172,-0.4,0.9938633
1,1,0.8,1.178097245096172,-0.20000000000000007,0.9937585
1,1,0.8,1.178097245096172,0.0,0.9939668
1,1,0.8,1.178097245096172,0.20000000000000007,0.9949231
1,1,0.8,1.178097245096172,0.4,0.9973696
1,1,0.8,1.178097245096172,0.6,1.0020833
1,1,0.8,1.178097245096172,0.7999999999999999,1.0065355
1,1,0.8,1.178097245096172,1.0,1.0048915
1,1,0.8,1.4398966328953215,-1.0,0.9944845
1,1,0.8,1.4398966328953215,-0.8,0.9945156
1,1,0.8,1.4398966328953215,-0.6000000000000001,0.9944301
1,1,0.8,1.4398966328953215,-0.4,0.9942648
1,1,0.8,1.4398966328953215,-0.20000000000000007,0.99413425
1,1,0.8,1.4398966328953215,0.0,0.9942705
1,1,0.8,1.4398966328953215,0.20000000000000007,0.99508256
1,1,0.8,1.4398966328953215,0.4,0.99729985
1,1,0.8,1.4398966328953215,0.6,1.0019091
1,1,0.8,1.4398966328953215,0.7999999999999999,1.006811
1,1,0.8,1.4398966328953215,1.0,1.0051425
1,1,0.8,1.7016960206944711,-1.0,0.99509543
1,1,0.8,1.7016960206944711,-0.8,0.994998
1,1,0.8,1.7016960206944711,-0.6000000000000001,0.9947519
1,1,0.8,1.7016960206944711,-0.4,0.9944196
1,1,0.8,1.7016960206944711,-0.20000000000000007,0.9941619
1,1,0.8,1.7016960206944711,0.0,0.9942607
1,1,0.8,1.7016960206944711,0.20000000000000007,0.99514985
1,1,0.8,1.7016960206944711,0.4,0.9975496
1,1,0.8,1.7016960206944711,0.6,1.0025169
1,1,0.8,1.7016960206944711,0.7999999999999999,1.0080196
1,1,0.8,1.7016960206944711,1.0,1.0059685
1,1,0.8,1.9634954084936203,-1.0,0.9949396
1,1,0.8,1.9634954084936203,-0.8,0.99431545
1,1,0.8,1.9634954084936203,-0.6000000000000001,0.99349934
1,1,0.8,1.9634954084936203,-0.4,0.99266547
1,1,0.8,1.9634954084936203,-0.20000000000000007,0.992115
1,1,0.8,1.9634954084936203,0.0,0.9922463
1,1,0.8,1.9634954084936203,0.20000000000000007,0.9935329
1,1,0.8,1.9634954084936203,0.4,0.9966702
1,1,0.8,1.9634954084936203,0.6,1.0027709
1,1,0.8,1.9634954084936203,0.7999999999999999,1.0096334
1,1,0.8,1.9634954084936203,1.0,1.0072255
1,1,0.8,2.22529479629277,-1.0,0.99199814
1,1,0.8,2.22529479629277,-0.8,0.9902294
1,1,0.8,2.22529479629277,-0.6000000000000001,0.9884413
1,1,0.8,2.22529479629277,-0.4,0.986986
1,1,0.8,2.22529479629277,-0.20000000000000007,0.9862303
1,1,0.8,2.22529479629277,0.0,0.98653156
1,1,0.8,2.22529479629277,0.20000000000000007,0.9883072
1,1,0.8,2.22529479629277,0.4,0.99229044
1,1,0.8,2.22529479629277,0.6,1.0000547
1,1,0.8,2.22529479629277,0.7999999999999999,1.0099674
1,1,0.8,2.22529479629277,1.0,1.0083939
1,1,0.8,2.4870941840919194,-1.0,0.9853587
1,1,0.8,2.4870941840919194,-0.8,0.9831407
1,1,0.8,2.4870941840919194,-0.6000000000000001,0.9813869
1,1,0.8,2.4870941840919194,-0.4,0.9802144
1,1,0.8,2.4870941840919194,-0.20000000000000007,0.9797377
1,1,0.8,2.4870941840919194,0.0,0.98012924
1,1,0.8,2.4870941840919194,0.20000000000000007,0.98167664
1,1,0.8,2.4870941840919194,0.4,0.9850505
1,1,0.8,2.4870941840919194,0.6,0.9926224
1,1,0.8,2.4870941840919194,0.7999999999999999,1.0065523
1,1,0.8,2.4870941840919194,1.0,1.0085673
1,1,0.8,2.7488935718910685,-1.0,0.9800475
1,1,0.8,2.7488935718910685,-0.8,0.9785223
1,1,0.8,2.7488935718910685,-0.6000000000000001,0.9772932
1,1,0.8,2.7488935718910685,-0.4,0.97641176
1,1,0.8,2.7488935718910685,-0.20000000000000007,0.9759877
1,1,0.8,2.7488935718910685,0.0,0.97617465
1,1,0.8,2.7488935718910685,0.20000000000000007,0.97714335
1,1,0.8,2.7488935718910685,0.4,0.97915524
1,1,0.8,2.7488935718910685,0.6,0.983886
1,1,0.8,2.7488935718910685,0.7999999999999999,0.99845475
1,1,0.8,2.7488935718910685,1.0,1.00699
1,1,0.8,3.010692959690218,-1.0,0.9778517
1,1,0.8,3.010692959690218,-0.8,0.9764635
1,1,0.8,3.010692959690218,-0.6000000000000001,0.9752305
1,1,0.8,3.010692959690218,-0.4,0.97424334
1,1,0.8,3.010692959690218,-0.20000000000000007,0.9736235
1,1,0.8,3.010692959690218,0.0,0.9735082
1,1,0.8,3.010692959690218,0.20000000000000007,0.97400194
1,1,0.8,3.010692959690218,0.4,0.97512215
1,1,0.8,3.010692959690218,0.6,0.9775793
1,1,0.8,3.010692959690218,0.7999999999999999,0.9891839
1,1,0.8,3.010692959690218,1.0,1.0039469
1,1,2.95,-3.0106929596902186,-1.0,0.9605994
1,1,2.95,-3.0106929596902186,-0.8,0.95995206
1,1,2.95,-3.0106929596902186,-0.6000000000000001,0.95938945
1,1,2.95,-3.0106929596902186,-0.4,0.9588983
1,1,2.95,-3.0106929596902186,-0.20000000000000007,0.9584389
1,1,2.95,-3.0106929596902186,0.0,0.95823056
1,1,2.95,-3.0106929596902186,0.20000000000000007,0.9578952
1,1,2.95,-3.0106929596902186,0.4,0.95720345
1,1,2.95,-3.0106929596902186,0.6,0.9561556
1,1,2.95,-3.0106929596902186,0.7999999999999999,0.96210504
1,1,2.95,-3.0106929596902186,1.0,0.9972891
1,1,2.95,-2.748893571891069,-1.0,0.95881397
1,1,2.95,-2.748893571891069,-0.8,0.95816463
1,1,2.95,-2.748893571891069,-0.6000000000000001,0.9576004
1,1,2.95,-2.748893571891069,-0.4,0.95730513
1,1,2.95,-2.748893571891069,-0.20000000000000007,0.9570554
1,1,2.95,-2.748893571891069,0.0,0.9567998
1,1,2.95,-2.748893571891069,0.20000000000000007,0.9564368
1,1,2.95,-2.748893571891069,0.4,0.95599747
1,1,2.95,-2.748893571891069,0.6,0.95599747
1,1,2.95,-2.748893571891069,0.7999999999999999,0.9590282
1,1,2.95,-2.748893571891069,1.0,0.99582475
1,1,2.95,-2.4870941840919194,-1.0,0.9577187
1,1,2.95,-2.4870941840919194,-0.8,0.95722246
1,1,2.95,-2.4870941840919194,-0.6000000000000001,0.9568489
1,1,2.95,-2.4870941840919194,-0.4,0.9565287
1,1,2.95,-2.4870941840919194,-0.20000000000000007,0.9563298
1,1,2.95,-2.4870941840919194,0.0,0.9561109
1,1,2.95,-2.4870941840919194,0.20000000000000007,0.95599747
1,1,2.95,-2.4870941840919194,0.4,0.95599747
1,1,2.95,-2.4870941840919194,0.6,0.95599747
1,1,2.95,-2.4870941840919194,0.7999999999999999,0.9593479
1,1,2.95,-2.4870941840919194,1.0,0.9964318
1,1,2.95,-2.2252947962927703,-1.0,0.95739144
1,1,2.95,-2.2252947962927703,-0.8,0.95697564
1,1,2.95,-2.2252947962927703,-0.6000000000000001,0.95669794
1,1,2.95,-2.2252947962927703,-0.4,0.9564376
1,1,2.95,-2.2252947962927703,-0.20000000000000007,0.9561865
1,1,2.95,-2.2252947962927703,0.0,0.95599747
1,1,2.95,-2.2252947962927703,0.20000000000000007,0.95599747
1,1,2.95,-2.2252947962927703,0.4,0.95599747
1,1,2.95,-2.2252947962927703,0.6,0.95599747
1,1,2.95,-2.2252947962927703,0.7999999999999999,0.9632297
1,1,2.95,-2.2252947962927703,1.0,0.9978489
1,1,2.95,-1.963495408493621,-1.0,0.9575801
1,1,2.95,-1.963495408493621,-0.8,0.95721835
1,1,2.95,-1.963495408493621,-0.6000000000000001,0.9568766
1,1,2.95,-1.963495408493621,-0.4,0.9565547
1,1,2.95,-1.963495408493621,-0.20000000000000007,0.95624685
1,1,2.95,-1.963495408493621,0.0,0.95599747
1,1,2.95,-1.963495408493621,0.20000000000000007,0.95599747
1,1,2.95,-1.963495408493621,0.4,0.95599747
1,1,2.95,-1.963495408493621,0.6,0.95599747
1,1,2.95,-1.963495408493621,0.7999999999999999,0.97062063
1,1,2.95,-1.963495408493621,1.0,0.9989109
1,1,2.95,-1.7016960206944713,-1.0,0.9582064
1,1,2.95,-1.7016960206944713,-0.8,0.9575991
1,1,2.95,-1.7016960206944713,-0.6000000000000001,0.95720726
1,1,2.95,-1.7016960206944713,-0.4,0.95683247
1,1,2.95,-1.7016960206944713,-0.20000000000000007,0.95647097
1,1,2.95,-1.7016960206944713,0.0,0.95611215
1,1,2.95,-1.7016960206944713,0.20000000000000007,0.95599747
1,1,2.95,-1.7016960206944713,0.4,0.95599747
1,1,2.95,-1.7016960206944713,0.6,0.9560995
1,1,2.95,-1.7016960206944713,0.7999999999999999,0.9790197
1,1,2.95,-1.7016960206944713,1.0,0.9995329
1,1,2.95,-1.439896632895322,-1.0,0.95911884
1,1,2.95,-1.439896632895322,-0.8,0.95837164
1,1,2.95,-1.439896632895322,-0.6000000000000001,0.95765305
1,1,2.95,-1.439896632895322,-0.4,0.9571886
1,1,2.95,-1.439896632895322,-0.20000000000000007,0.95679253
1,1,2.95,-1.439896632895322,0.0,0.9563965
1,1,2.95,-1.439896632895322,0.20000000000000007,0.95599747
1,1,2.95,-1.439896632895322,0.4,0.95600575
1,1,2.95,-1.439896632895322,0.6,0.95868015
1,1,2.95,-1.439896632895322,0.7999999999999999,0.9854167
1,1,2.95,-1.439896632895322,1.0,0.9999842
1,1,2.95,-1.1780972450961724,-1.0,0.95976394
1,1,2.95,-1.1780972450961724,-0.8,0.95906824
1,1,2.95,-1.1780972450961724,-0.6000000000000001,0.95838976
1,1,2.95,-1.1780972450961724,-0.4,0.95773935
1,1,2.95,-1.1780972450961724,-0.20000000000000007,0.9572486
1,1,2.95,-1.1780972450961724,0.0,0.9568594
1,1,2.95,-1.1780972450961724,0.20000000000000007,0.9564944
1,1,2.95,-1.1780972450961724,0.4,0.95654964
1,1,2.95,-1.1780972450961724,0.6,0.96292263
1,1,2.95,-1.1780972450961724,0.7999999999999999,0.9902034
1,1,2.95,-1.1780972450961724,1.0,1.0004691
1,1,2.95,-0.9162978572970231,-1.0,0.9597836
1,1,2.95,-0.9162978572970231,-0.8,0.9592158
1,1,2.95,-0.9162978572970231,-0.6000000000000001,0.9586618
1,1,2.95,-0.9162978572970231,-0.4,0.9581332
1,1,2.95,-0.9162978572970231,-0.20000000000000007,0.95764
1,1,2.95,-0.9162978572970231,0.0,0.9572292
1,1,2.95,-0.9162978572970231,0.20000000000000007,0.9570277
1,1,2.95,-0.9162978572970231,0.4,0.9579158
1,1,2.95,-0.9162978572970231,0.6,0.96967125
1,1,2.95,-0.9162978572970231,0.7999999999999999,0.99492884
1,1,2.95,-0.9162978572970231,1.0,1.0010625
1,1,2.95,-0.6544984694978737,-1.0,0.95934385
1,1,2.95,-0.6544984694978737,-0.8,0.9589188
1,1,2.95,-0.6544984694978737,-0.6000000000000001,0.95852375
1,1,2.95,-0.6544984694978737,-0.4,0.9581713
1,1,2.95,-0.6544984694978737,-0.20000000000000007,0.95788306
1,1,2.95,-0.6544984694978737,0.0,0.95772475
1,1,2.95,-0.6544984694978737,0.20000000000000007,0.95807475
1,1,2.95,-0.6544984694978737,0.4,0.9617477
1,1,2.95,-0.6544984694978737,0.6,0.9804852
1,1,2.95,-0.6544984694978737,0.7999999999999999,0.99966305
1,1,2.95,-0.6544984694978737,1.0,1.0016593
1,1,2.95,-0.39269908169872436,-1.0,0.9594206
1,1,2.95,-0.39269908169872436,-0.8,0.9589775
1,1,2.95,-0.39269908169872436,-0.6000000000000001,0.9586587
1,1,2.95,-0.39269908169872436,-0.4,0.9584802
1,1,2.95,-0.39269908169872436,-0.20000000000000007,0.9585206
1,1,2.95,-0.39269908169872436,0.0,0.9590898
1,1,2.95,-0.39269908169872436,0.20000000000000007,0.96168065
1,1,2.95,-0.39269908169872436,0.4,0.9729797
1,1,2.95,-0.39269908169872436,0.6,0.99485403
1,1,2.95,-0.39269908169872436,0.7999999999999999,1.0027033
1,1,2.95,-0.39269908169872436,1.0,1.0020387
1,1,2.95,-0.1308996938995748,-1.0,0.9634467
1,1,2.95,-0.1308996938995748,-0.8,0.9625797
1,1,2.95,-0.1308996938995748,-0.6000000000000001,0.96210575
1,1,2.95,-0.1308996938995748,-0.4,0.9621857
1,1,2.95,-0.1308996938995748,-0.20000000000000007,0.9632366
1,1,2.95,-0.1308996938995748,0.0,0.966564
1,1,2.95,-0.1308996938995748,0.20000000000000007,0.9759712
1,1,2.95,-0.1308996938995748,0.4,0.9931825
1,1,2.95,-0.1308996938995748,0.6,1.0031309
1,1,2.95,-0.1308996938995748,0.7999999999999999,1.0037724
1,1,2.95,-0.1308996938995748,1.0,1.0020841
1,1,2.95,0.13089969389957457,-1.0,0.97099686
1,1,2.95,0.13089969389957457,-0.8,0.9707034
1,1,2.95,0.13089969389957457,-0.6000000000000001,0.97098774
1,1,2.95,0.13089969389957457,-0.4,0.97235626
1,1,2.95,0.13089969389957457,-0.20000000000000007,0.975887
1,1,2.95,0.13089969389957457,0.0,0.9835558
1,1,2.95,0.13089969389957457,0.20000000000000007,0.99531716
1,1,2.95,0.13089969389957457,0.4,1.0036802
1,1,2.95,0.13089969389957457,0.6,1.005335
1,1,2.95,0.13089969389957457,0.7999999999999999,1.0038625
1,1,2.95,0.13089969389957457,1.0,1.0018629
1,1,2.95,0.3926990816987239,-1.0,0.97794276
1,1,2.95,0.3926990816987239,-0.8,0.97853535
1,1,2.95,0.3926990816987239,-0.6000000000000001,0.98016804
1,1,2.95,0.3926990816987239,-0.4,0.98354626
1,1,2.95,0.3926990816987239,-0.20000000000000007,0.98952943
1,1,2.95,0.3926990816987239,0.0,0.9976198
1,1,2.95,0.3926990816987239,0.20000000000000007,1.0042442
1,1,2.95,0.3926990816987239,0.4,1.0066451
1,1,2.95,0.3926990816987239,0.6,1.0058025
1,1,2.95,0.3926990816987239,0.7999999999999999,1.0035748
1,1,2.95,0.3926990816987239,1.0,1.0015349
1,1,2.95,0.6544984694978733,-1.0,0.9841166
1,1,2.95,0.6544984694978733,-0.8,0.9853808
1,1,2.95,0.6544984694978733,-0.6000000000000001,0.9879462
1,1,2.95,0.6544984694978733,-0.4,0.9922781
1,1,2.95,0.6544984694978733,-0.20000000000000007,0.99824303
1,1,2.95,0.6544984694978733,0.0,1.0041256
1,1,2.95,0.6544984694978733,0.20000000000000007,1.0075514
1,1,2.95,0.6544984694978733,0.4,1.0078368
1,1,2.95,0.6544984694978733,0.6,1.0058988
1,1,2.95,0.6544984694978733,0.7999999999999999,1.0032226
1,1,2.95,0.6544984694978733,1.0,1.001238
1,1,2.95,0.9162978572970226,-1.0,0.98697305
1,1,2.95,0.9162978572970226,-0.8,0.98854595
1,1,2.95,0.9162978572970226,-0.6000000000000001,0.9914991
1,1,2.95,0.9162978572970226,-0.4,0.99616337
1,1,2.95,0.9162978572970226,-0.20000000000000007,1.0020379
1,1,2.95,0.9162978572970226,0.0,1.0071759
1,1,2.95,0.9162978572970226,0.20000000000000007,1.0095747
1,1,2.95,0.9162978572970226,0.4,1.0088707
1,1,2.95,0.9162978572970226,0.6,1.0060967
1,1,2.95,0.9162978572970226,0.7999999999999999,1.0030068
1,1,2.95,0.9162978572970226,1.0,1.001048
1,1,2.95,1.178097245096172,-1.0,0.98652244
1,1,2.95,1.178097245096172,-0.8,0.9880859
1,1,2.95,1.178097245096172,-0.6000000000000001,0.99117285
1,1,2.95,1.178097245096172,-0.4,0.99630326
1,1,2.95,1.178097245096172,-0.20000000000000007,1.0030843
1,1,2.95,1.178097245096172,0.0,1.0090876
1,1,2.95,1.178097245096172,0.20000000000000007,1.0116454
1,1,2.95,1.178097245096172,0.4,1.01037
1,1,2.95,1.178097245096172,0.6,1.00674
1,1,2.95,1.178097245096172,0.7999999999999999,1.0030818
1,1,2.95,1.178097245096172,1.0,1.0009952
1,1,2.95,1.4398966328953215,-1.0,0.9832055
1,1,2.95,1.4398966328953215,-0.8,0.9843356
1,1,2.95,1.4398966328953215,-0.6000000000000001,0.9869425
1,1,2.95,1.4398966328953215,-0.4,0.99199003
1,1,2.95,1.4398966328953215,-0.20000000000000007,1.0002142
1,1,2.95,1.4398966328953215,0.0,1.0092444
1,1,2.95,1.4398966328953215,0.20000000000000007,1.013894
1,1,2.95,1.4398966328953215,0.4,1.0127363
1,1,2.95,1.4398966328953215,0.6,1.0081905
1,1,2.95,1.4398966328953215,0.7999999999999999,1.0036062
1,1,2.95,1.4398966328953215,1.0,1.0011016
1,1,2.95,1.7016960206944711,-1.0,0.97934103
1,1,2.95,1.7016960206944711,-0.8,0.97957873
1,1,2.95,1.7016960206944711,-0.6000000000000001,0.9806838
1,1,2.95,1.7016960206944711,-0.4,0.9833917
1,1,2.95,1.7016960206944711,-0.20000000000000007,0.9894299
1,1,2.95,1.7016960206944711,0.0,1.0010656
1,1,2.95,1.7016960206944711,0.20000000000000007,1.0130364
1,1,2.95,1.7016960206944711,0.4,1.0154825
1,1,2.95,1.7016960206944711,0.6,1.0106502
1,1,2.95,1.7016960206944711,0.7999999999999999,1.0047698
1,1,2.95,1.7016960206944711,1.0,1.001414
1,1,2.95,1.9634954084936203,-1.0,0.9750912
1,1,2.95,1.9634954084936203,-0.8,0.97422093
1,1,2.95,1.9634954084936203,-0.6000000000000001,0.9740836
1,1,2.95,1.9634954084936203,-0.4,0.9748914
1,1,2.95,1.9634954084936203,-0.20000000000000007,0.9769986
1,1,2.95,1.9634954084936203,0.0,0.98211366
1,1,2.95,1.9634954084936203,0.20000000000000007,0.9961941
1,1,2.95,1.9634954084936203,0.4,1.0124129
1,1,2.95,1.9634954084936203,0.6,1.0130154
1,1,2.95,1.9634954084936203,0.7999999999999999,1.0065236
1,1,2.95,1.9634954084936203,1.0,1.0019778
1,1,2.95,2.22529479629277,-1.0,0.96977824
1,1,2.95,2.22529479629277,-0.8,0.96952915
1,1,2.95,2.22529479629277,-0.6000000000000001,0.96973664
1,1,2.95,2.22529479629277,-0.4,0.97033983
1,1,2.95,2.22529479629277,-0.20000000000000007,0.97121984
1,1,2.95,2.22529479629277,0.0,0.972194
1,1,2.95,2.22529479629277,0.20000000000000007,0.97408706
1,1,2.95,2.22529479629277,0.4,0.98756766
1,1,2.95,2.22529479629277,0.6,1.0084249
1,1,2.95,2.22529479629277,0.7999999999999999,1.0076145
1,1,2.95,2.22529479629277,1.0,1.0026203
1,1,2.95,2.4870941840919194,-1.0,0.9676828
1,1,2.95,2.4870941840919194,-0.8,0.9674716
1,1,2.95,2.4870941840919194,-0.6000000000000001,0.9675134
1,1,2.95,2.4870941840919194,-0.4,0.9677911
1,1,2.95,2.4870941840919194,-0.20000000000000007,0.96820134
1,1,2.95,2.4870941840919194,0.0,0.96847796
1,1,2.95,2.4870941840919194,0.20000000000000007,0.9681733
1,1,2.95,2.4870941840919194,0.4,0.9678161
1,1,2.95,2.4870941840919194,0.6,0.9831721
1,1,2.95,2.4870941840919194,0.7999999999999999,1.0047613
1,1,2.95,2.4870941840919194,1.0,1.0027267
1,1,2.95,2.7488935718910685,-1.0,0.96544725
1,1,2.95,2.7488935718910685,-0.8,0.96502876
1,1,2.95,2.7488935718910685,-0.6000000000000001,0.9647811
1,1,2.95,2.7488935718910685,-0.4,0.96468633
1,1,2.95,2.7488935718910685,-0.20000000000000007,0.9646631
1,1,2.95,2.7488935718910685,0.0,0.96451765
1,1,2.95,2.7488935718910685,0.20000000000000007,0.963903
1,1,2.95,2.7488935718910685,0.4,0.9624552
1,1,2.95,2.7488935718910685,0.6,0.962913
1,1,2.95,2.7488935718910685,0.7999999999999999,0.9902239
1,1,2.95,2.7488935718910685,1.0,1.001896
1,1,2.95,3.010692959690218,-1.0,0.9629326
1,1,2.95,3.010692959690218,-0.8,0.9623534
1,1,2.95,3.010692959690218,-0.6000000000000001,0.96189004
1,1,2.95,3.010692959690218,-0.4,0.9615259
1,1,2.95,3.010692959690218,-0.20000000000000007,0.9612021
1,1,2.95,3.010692959690218,0.0,0.96079034
1,1,2.95,3.010692959690218,0.20000000000000007,0.960102
1,1,2.95,3.010692959690218,0.4,0.9593504
1,1,2.95,3.010692959690218,0.6,0.9580283
1,1,2.95,3.010692959690218,0.7999999999999999,0.97234774
1,1,2.95,3.010692959690218,1.0,0.9999798
